+ WORKSPACE=/work
+ ocr_train_path=/work/data/ocr/train.parquet
+ ocr_test_path=/work/data/ocr/test.parquet
+ model_name=Qwen/Qwen-Image
+ reward_model_name=Qwen/Qwen3-VL-8B-Instruct
+ reward_function_path=verl_omni/utils/reward_score/genrm_ocr.py
+ NUM_GPUS_ACTOR_ROLLOUT_REWARD=4
+ ROLLOUT_TP=1
+ REWARD_TP=4
+ IMAGE_RESOLUTION=512
+ ENGINE=vllm_omni
+ REWARD_ENGINE=vllm
+ python3 -m verl_omni.trainer.main_diffusion_v1 data.train_files=/work/data/ocr/train.parquet data.val_files=/work/data/ocr/test.parquet data.train_max_samples=7200 data.train_batch_size=24 data.max_prompt_length=256 actor_rollout_ref.model.algorithm=diffusion_nft actor_rollout_ref.model.model_type=diffusion_nft_model actor_rollout_ref.model.path=Qwen/Qwen-Image actor_rollout_ref.model.lora_rank=64 actor_rollout_ref.model.lora_alpha=128 'actor_rollout_ref.model.policy_state_adapters=["default","old"]' 'actor_rollout_ref.model.target_modules=['\''to_q'\'','\''to_k'\'','\''to_v'\'','\''to_out.0'\'','\''add_q_proj'\'','\''add_k_proj'\'','\''add_v_proj'\'','\''to_add_out'\'','\''img_mlp.net.0.proj'\'','\''img_mlp.net.2'\'','\''txt_mlp.net.0.proj'\'','\''txt_mlp.net.2'\'']' actor_rollout_ref.actor.optim.lr=3e-4 actor_rollout_ref.actor.optim.weight_decay=0.0001 actor_rollout_ref.actor.ppo_mini_batch_size=12 actor_rollout_ref.actor.ppo_micro_batch_size_per_gpu=12 actor_rollout_ref.actor.diffusion_loss.loss_mode=diffusion_nft actor_rollout_ref.actor.diffusion_loss.clip_ratio=1e-5 actor_rollout_ref.actor.diffusion_loss.mix_beta=0.1 actor_rollout_ref.actor.diffusion_loss.ref_kl_coef=0.0001 actor_rollout_ref.actor.diffusion_loss.adv_clip_max=5.0 actor_rollout_ref.actor.fsdp_config.param_offload=True actor_rollout_ref.actor.fsdp_config.optimizer_offload=True actor_rollout_ref.actor.fsdp_config.model_dtype=bfloat16 actor_rollout_ref.rollout.tensor_model_parallel_size=1 actor_rollout_ref.rollout.name=vllm_omni actor_rollout_ref.rollout.n=16 actor_rollout_ref.rollout.agent.num_workers=4 actor_rollout_ref.rollout.load_format=safetensors actor_rollout_ref.rollout.layered_summon=True actor_rollout_ref.rollout.calculate_log_probs=False actor_rollout_ref.rollout.rollout_adapter=old actor_rollout_ref.rollout.pipeline.num_inference_steps=10 actor_rollout_ref.rollout.pipeline.true_cfg_scale=1.0 actor_rollout_ref.rollout.pipeline.height=512 actor_rollout_ref.rollout.pipeline.width=512 actor_rollout_ref.rollout.pipeline.max_sequence_length=256 actor_rollout_ref.rollout.val_kwargs.pipeline.num_inference_steps=40 actor_rollout_ref.ref.log_prob_micro_batch_size_per_gpu=32 algorithm.trainer_type=direct_preference algorithm.sample_source=online algorithm.timestep_fraction=1.0 algorithm.old_policy_decay_schedule=delayed_linear_to_0_999 algorithm.old_policy_update_interval=2 algorithm.adv_mode=continuous reward.num_workers=1 reward.reward_model.enable=True reward.reward_model.model_path=Qwen/Qwen3-VL-8B-Instruct reward.reward_model.rollout.name=vllm reward.reward_model.rollout.tensor_model_parallel_size=4 reward.custom_reward_function.path=verl_omni/utils/reward_score/genrm_ocr.py reward.custom_reward_function.name=compute_score_ocr 'trainer.logger=["console", "wandb"]' trainer.project_name=diffusion_nft trainer.experiment_name=qwen_image_ocr_lora_v1 trainer.log_val_generations=8 trainer.val_before_train=False trainer.n_gpus_per_node=4 trainer.nnodes=1 trainer.save_freq=60 trainer.test_freq=20 trainer.total_epochs=1 trainer.total_training_steps=300 trainer.use_v1=true trainer.v1.trainer_mode=sync data.train_batch_size=4 data.val_max_samples=32 data.seed=42 data.dataloader_num_workers=2 actor_rollout_ref.model.path=/work/models/qwen-image actor_rollout_ref.model.attn_backend=native actor_rollout_ref.actor.ppo_mini_batch_size=2 actor_rollout_ref.actor.ppo_micro_batch_size_per_gpu=1 actor_rollout_ref.rollout.tensor_model_parallel_size=2 actor_rollout_ref.rollout.text_encoder_tp_size=1 actor_rollout_ref.rollout.agent.num_workers=1 actor_rollout_ref.rollout.n=4 actor_rollout_ref.rollout.seed=42 actor_rollout_ref.rollout.rollout_attn_backend=TORCH_SDPA actor_rollout_ref.rollout.enforce_eager=true reward.reward_model.model_path=/work/models/qwen3-vl-8b-instruct 'trainer.logger=[console]' trainer.log_val_generations=0 trainer.val_before_train=true trainer.test_freq=20 trainer.total_training_steps=100 trainer.resume_mode=resume_path trainer.save_freq=1 trainer.max_actor_ckpt_to_keep=null +trainer.save_interval_seconds=300 +trainer.delete_previous_checkpoint_after_save=true trainer.experiment_name=ocr-v1-100-12 trainer.default_local_dir=/work/evidence/ocr-v1-100-12/checkpoints trainer.rollout_data_dir=/work/evidence/ocr-v1-100-12/rollouts trainer.validation_data_dir=/work/evidence/ocr-v1-100-12/validation trainer.rollout_data_max_samples=4 trainer.validation_data_max_samples=4 ray_kwargs.ray_init.num_cpus=20 transfer_queue.backend.SimpleStorage.num_data_storage_units=1 trainer.n_gpus_per_node=2 reward.reward_model.rollout.tensor_model_parallel_size=2 reward.reward_model.rollout.max_model_len=8192 reward.reward_model.rollout.max_num_seqs=16 trainer.resume_from_path=/work/evidence/ocr-v1-100-11/checkpoints/global_step_23 trainer.del_local_ckpt_after_load=false actor_rollout_ref.actor.strategy=fsdp2 actor_rollout_ref.actor.fsdp_config.strategy=fsdp2 +actor_rollout_ref.rollout.engine_kwargs.vllm_omni.enable_distributed_layerwise_offload=true +actor_rollout_ref.rollout.engine_kwargs.vllm_omni.dlo_use_allgather=false
INFO 09-14 02:32:01 [patch.py:252] NVFP4 W4A4 weight_scale NaN-clamp: installed.
INFO 09-14 02:32:01 [patch.py:503] inductor factorable-divisibility patch: installed.
INFO 09-14 02:32:01 [patch.py:568] [cumem-cuda] CuMemAllocator._python_free_callback patched: asleep guard extended to all platforms.
/work/verl-core/verl/workers/engine/__init__.py:32: UserWarning: torchtitan engine is not available: ModuleNotFoundError("No module named 'torchtitan'")
  warnings.warn(f"torchtitan engine is not available: {e!r}", stacklevel=1)
/work/verl-core/verl/workers/engine/__init__.py:41: UserWarning: veomni engine is not available: ModuleNotFoundError("No module named 'veomni'")
  warnings.warn(f"veomni engine is not available: {e!r}", stacklevel=1)
/work/verl-core/verl/workers/engine/__init__.py:50: UserWarning: automodel engine is not available: ModuleNotFoundError("No module named 'nemo_automodel'")
  warnings.warn(f"automodel engine is not available: {e!r}", stacklevel=1)
/work/verl-core/verl/workers/engine/__init__.py:60: UserWarning: mindspeed engine is not available: ModuleNotFoundError("No module named 'megatron'")
  warnings.warn(f"mindspeed engine is not available: {e!r}", stacklevel=1)
/work/verl-core/verl/workers/engine/__init__.py:69: UserWarning: megatron engine is not available: ModuleNotFoundError("No module named 'megatron'")
  warnings.warn(f"megatron engine is not available: {e!r}", stacklevel=1)
ray init kwargs: {'num_cpus': 20, 'runtime_env': {'env_vars': {'NCCL_DEBUG': 'WARN', 'VLLM_LOGGING_LEVEL': 'WARN', 'VLLM_ALLOW_RUNTIME_LORA_UPDATING': 'true', 'VLLM_DISABLE_COMPILE_CACHE': '1', 'HCCL_HOST_SOCKET_PORT_RANGE': 'auto', 'HCCL_NPU_SOCKET_PORT_RANGE': 'auto', 'HSA_NO_SCRATCH_RECLAIM': '1', 'VERL_FULL_DETERMINISM': '0', 'VLLM_BATCH_INVARIANT': '0', 'VERL_RL_INSIGHT_ENABLE': '0'}, 'working_dir': None}}
2026-09-14 02:32:08,016	WARNING services.py:2248 -- WARNING: The object store is using /tmp/ray instead of /dev/shm because /dev/shm has only 8589934592 bytes available. This will harm performance! You may be able to free up space by deleting files in /dev/shm. If you are inside a Docker container, you can increase /dev/shm size by passing '--shm-size=10.24gb' to 'docker run' (or add it to the run_options list in a Ray cluster config). Make sure to set this to more than 30% of available RAM.
2026-09-14 02:32:10,298	INFO worker.py:2015 -- Started a local Ray instance. View the dashboard at http://127.0.0.1:8265
(DiffusionTaskRunnerV1 pid=2013) /work/verl-core/verl/workers/engine/__init__.py:32: UserWarning: torchtitan engine is not available: ModuleNotFoundError("No module named 'torchtitan'")
(DiffusionTaskRunnerV1 pid=2013)   warnings.warn(f"torchtitan engine is not available: {e!r}", stacklevel=1)
(DiffusionTaskRunnerV1 pid=2013) /work/verl-core/verl/workers/engine/__init__.py:41: UserWarning: veomni engine is not available: ModuleNotFoundError("No module named 'veomni'")
(DiffusionTaskRunnerV1 pid=2013)   warnings.warn(f"veomni engine is not available: {e!r}", stacklevel=1)
(DiffusionTaskRunnerV1 pid=2013) /work/verl-core/verl/workers/engine/__init__.py:50: UserWarning: automodel engine is not available: ModuleNotFoundError("No module named 'nemo_automodel'")
(DiffusionTaskRunnerV1 pid=2013)   warnings.warn(f"automodel engine is not available: {e!r}", stacklevel=1)
(DiffusionTaskRunnerV1 pid=2013) /work/verl-core/verl/workers/engine/__init__.py:60: UserWarning: mindspeed engine is not available: ModuleNotFoundError("No module named 'megatron'")
(DiffusionTaskRunnerV1 pid=2013)   warnings.warn(f"mindspeed engine is not available: {e!r}", stacklevel=1)
(DiffusionTaskRunnerV1 pid=2013) /work/verl-core/verl/workers/engine/__init__.py:69: UserWarning: megatron engine is not available: ModuleNotFoundError("No module named 'megatron'")
(DiffusionTaskRunnerV1 pid=2013)   warnings.warn(f"megatron engine is not available: {e!r}", stacklevel=1)
(DiffusionTaskRunnerV1 pid=2013) {'actor_rollout_ref': {'actor': {'_target_': 'verl_omni.workers.config.diffusion.FSDPDiffusionActorConfig',
(DiffusionTaskRunnerV1 pid=2013)                                  'checkpoint': {'_target_': 'verl.trainer.config.CheckpointConfig',
(DiffusionTaskRunnerV1 pid=2013)                                                 'async_save': False,
(DiffusionTaskRunnerV1 pid=2013)                                                 'load_contents': ['model',
(DiffusionTaskRunnerV1 pid=2013)                                                                   'optimizer',
(DiffusionTaskRunnerV1 pid=2013)                                                                   'extra'],
(DiffusionTaskRunnerV1 pid=2013)                                                 'save_contents': ['model',
(DiffusionTaskRunnerV1 pid=2013)                                                                   'optimizer',
(DiffusionTaskRunnerV1 pid=2013)                                                                   'extra']},
(DiffusionTaskRunnerV1 pid=2013)                                  'data_loader_seed': 42,
(DiffusionTaskRunnerV1 pid=2013)                                  'diffusion_loss': {'_target_': 'verl_omni.workers.config.diffusion.DiffusionLossConfig',
(DiffusionTaskRunnerV1 pid=2013)                                                     'adaptive_weight_min': 1e-05,
(DiffusionTaskRunnerV1 pid=2013)                                                     'add_kl_coefficient': True,
(DiffusionTaskRunnerV1 pid=2013)                                                     'adv_clip_max': 5.0,
(DiffusionTaskRunnerV1 pid=2013)                                                     'clip_ratio': 1e-05,
(DiffusionTaskRunnerV1 pid=2013)                                                     'dpo_beta': 2000.0,
(DiffusionTaskRunnerV1 pid=2013)                                                     'kl_mask_threshold': 1e-05,
(DiffusionTaskRunnerV1 pid=2013)                                                     'loss_mode': 'diffusion_nft',
(DiffusionTaskRunnerV1 pid=2013)                                                     'mix_beta': 0.1,
(DiffusionTaskRunnerV1 pid=2013)                                                     'ref_kl_coef': 0.0001},
(DiffusionTaskRunnerV1 pid=2013)                                  'distill_loss_coef': 1.0,
(DiffusionTaskRunnerV1 pid=2013)                                  'distill_loss_mode': 'distill_kl',
(DiffusionTaskRunnerV1 pid=2013)                                  'fsdp_config': {'_target_': 'verl.workers.config.FSDPEngineConfig',
(DiffusionTaskRunnerV1 pid=2013)                                                  'dtype': 'bfloat16',
(DiffusionTaskRunnerV1 pid=2013)                                                  'forward_only': False,
(DiffusionTaskRunnerV1 pid=2013)                                                  'forward_prefetch': False,
(DiffusionTaskRunnerV1 pid=2013)                                                  'fsdp_size': -1,
(DiffusionTaskRunnerV1 pid=2013)                                                  'full_determinism': False,
(DiffusionTaskRunnerV1 pid=2013)                                                  'model_dtype': 'bfloat16',
(DiffusionTaskRunnerV1 pid=2013)                                                  'offload_policy': False,
(DiffusionTaskRunnerV1 pid=2013)                                                  'optimizer_offload': True,
(DiffusionTaskRunnerV1 pid=2013)                                                  'param_offload': True,
(DiffusionTaskRunnerV1 pid=2013)                                                  'reshard_after_forward': True,
(DiffusionTaskRunnerV1 pid=2013)                                                  'seed': 42,
(DiffusionTaskRunnerV1 pid=2013)                                                  'strategy': 'fsdp2',
(DiffusionTaskRunnerV1 pid=2013)                                                  'ulysses_sequence_parallel_size': 1,
(DiffusionTaskRunnerV1 pid=2013)                                                  'use_orig_params': False,
(DiffusionTaskRunnerV1 pid=2013)                                                  'wrap_policy': {'min_num_params': 0}},
(DiffusionTaskRunnerV1 pid=2013)                                  'grad_clip': 1.0,
(DiffusionTaskRunnerV1 pid=2013)                                  'kl_loss_coef': 0.001,
(DiffusionTaskRunnerV1 pid=2013)                                  'loss_scale_factor': None,
(DiffusionTaskRunnerV1 pid=2013)                                  'optim': {'_target_': 'verl.workers.config.FSDPOptimizerConfig',
(DiffusionTaskRunnerV1 pid=2013)                                            'betas': [0.9, 0.999],
(DiffusionTaskRunnerV1 pid=2013)                                            'clip_grad': 1.0,
(DiffusionTaskRunnerV1 pid=2013)                                            'lr': 0.0003,
(DiffusionTaskRunnerV1 pid=2013)                                            'lr_scheduler_type': 'constant',
(DiffusionTaskRunnerV1 pid=2013)                                            'lr_warmup_steps': -1,
(DiffusionTaskRunnerV1 pid=2013)                                            'lr_warmup_steps_ratio': 0.0,
(DiffusionTaskRunnerV1 pid=2013)                                            'min_lr_ratio': 0.0,
(DiffusionTaskRunnerV1 pid=2013)                                            'num_cycles': 0.5,
(DiffusionTaskRunnerV1 pid=2013)                                            'optimizer': 'AdamW',
(DiffusionTaskRunnerV1 pid=2013)                                            'optimizer_impl': 'torch.optim',
(DiffusionTaskRunnerV1 pid=2013)                                            'override_optimizer_config': None,
(DiffusionTaskRunnerV1 pid=2013)                                            'total_training_steps': -1,
(DiffusionTaskRunnerV1 pid=2013)                                            'warmup_style': None,
(DiffusionTaskRunnerV1 pid=2013)                                            'weight_decay': 0.0001,
(DiffusionTaskRunnerV1 pid=2013)                                            'zero_indexed_step': True},
(DiffusionTaskRunnerV1 pid=2013)                                  'ppo_epochs': 1,
(DiffusionTaskRunnerV1 pid=2013)                                  'ppo_micro_batch_size_per_gpu': 1,
(DiffusionTaskRunnerV1 pid=2013)                                  'ppo_mini_batch_size': 2,
(DiffusionTaskRunnerV1 pid=2013)                                  'profiler': {'_target_': 'verl.utils.profiler.ProfilerConfig',
(DiffusionTaskRunnerV1 pid=2013)                                               'all_ranks': False,
(DiffusionTaskRunnerV1 pid=2013)                                               'enable': False,
(DiffusionTaskRunnerV1 pid=2013)                                               'ranks': [],
(DiffusionTaskRunnerV1 pid=2013)                                               'save_path': 'outputs/profile',
(DiffusionTaskRunnerV1 pid=2013)                                               'tool': 'torch',
(DiffusionTaskRunnerV1 pid=2013)                                               'tool_config': {'nsys': {'_target_': 'verl.utils.profiler.config.NsightToolConfig',
(DiffusionTaskRunnerV1 pid=2013)                                                                        'discrete': False,
(DiffusionTaskRunnerV1 pid=2013)                                                                        'name': 'nsight'},
(DiffusionTaskRunnerV1 pid=2013)                                                               'torch': {'_target_': 'verl.utils.profiler.config.TorchProfilerToolConfig',
(DiffusionTaskRunnerV1 pid=2013)                                                                         'contents': [],
(DiffusionTaskRunnerV1 pid=2013)                                                                         'discrete': False,
(DiffusionTaskRunnerV1 pid=2013)                                                                         'name': 'torch'},
(DiffusionTaskRunnerV1 pid=2013)                                                               'torch_memory': {'_target_': 'verl.utils.profiler.config.TorchMemoryToolConfig',
(DiffusionTaskRunnerV1 pid=2013)                                                                                'name': 'torch_memory',
(DiffusionTaskRunnerV1 pid=2013)                                                                                'stack_depth': 32,
(DiffusionTaskRunnerV1 pid=2013)                                                                                'trace_alloc_max_entries': 100000}}},
(DiffusionTaskRunnerV1 pid=2013)                                  'rollout_correction': {'_target_': 'verl.trainer.config.algorithm.RolloutCorrectionConfig',
(DiffusionTaskRunnerV1 pid=2013)                                                         'bypass_mode': False,
(DiffusionTaskRunnerV1 pid=2013)                                                         'loss_type': 'ppo_clip',
(DiffusionTaskRunnerV1 pid=2013)                                                         'rollout_is': None,
(DiffusionTaskRunnerV1 pid=2013)                                                         'rollout_is_batch_normalize': False,
(DiffusionTaskRunnerV1 pid=2013)                                                         'rollout_is_threshold': 2.0,
(DiffusionTaskRunnerV1 pid=2013)                                                         'rollout_rs': None,
(DiffusionTaskRunnerV1 pid=2013)                                                         'rollout_rs_threshold': None},
(DiffusionTaskRunnerV1 pid=2013)                                  'rollout_n': 4,
(DiffusionTaskRunnerV1 pid=2013)                                  'shuffle': False,
(DiffusionTaskRunnerV1 pid=2013)                                  'strategy': 'fsdp2',
(DiffusionTaskRunnerV1 pid=2013)                                  'use_distill_loss': False,
(DiffusionTaskRunnerV1 pid=2013)                                  'use_kl_loss': False},
(DiffusionTaskRunnerV1 pid=2013)                        'hybrid_engine': True,
(DiffusionTaskRunnerV1 pid=2013)                        'model': {'_target_': 'verl_omni.workers.config.diffusion.DiffusionModelConfig',
(DiffusionTaskRunnerV1 pid=2013)                                  'algo': {'_target_': 'verl_omni.workers.config.diffusion.DiffusionRolloutAlgoConfig',
(DiffusionTaskRunnerV1 pid=2013)                                           'noise_level': 1.0,
(DiffusionTaskRunnerV1 pid=2013)                                           'sde_contiguous': True,
(DiffusionTaskRunnerV1 pid=2013)                                           'sde_type': 'sde',
(DiffusionTaskRunnerV1 pid=2013)                                           'sde_window_range': None,
(DiffusionTaskRunnerV1 pid=2013)                                           'sde_window_size': None},
(DiffusionTaskRunnerV1 pid=2013)                                  'algorithm': 'diffusion_nft',
(DiffusionTaskRunnerV1 pid=2013)                                  'attn_backend': 'native',
(DiffusionTaskRunnerV1 pid=2013)                                  'config_path': None,
(DiffusionTaskRunnerV1 pid=2013)                                  'custom_chat_template': None,
(DiffusionTaskRunnerV1 pid=2013)                                  'enable_gradient_checkpointing': True,
(DiffusionTaskRunnerV1 pid=2013)                                  'exclude_modules': None,
(DiffusionTaskRunnerV1 pid=2013)                                  'external_lib': None,
(DiffusionTaskRunnerV1 pid=2013)                                  'extra_tokenizers': None,
(DiffusionTaskRunnerV1 pid=2013)                                  'fsdp_layer_prefixes': ['transformer_blocks.'],
(DiffusionTaskRunnerV1 pid=2013)                                  'lora': {'merge': False},
(DiffusionTaskRunnerV1 pid=2013)                                  'lora_adapter_path': None,
(DiffusionTaskRunnerV1 pid=2013)                                  'lora_alpha': 128,
(DiffusionTaskRunnerV1 pid=2013)                                  'lora_dtype': None,
(DiffusionTaskRunnerV1 pid=2013)                                  'lora_init_weights': 'gaussian',
(DiffusionTaskRunnerV1 pid=2013)                                  'lora_rank': 64,
(DiffusionTaskRunnerV1 pid=2013)                                  'model_type': 'diffusion_nft_model',
(DiffusionTaskRunnerV1 pid=2013)                                  'mtp': {'_target_': 'verl.workers.config.MtpConfig',
(DiffusionTaskRunnerV1 pid=2013)                                          'enable': False},
(DiffusionTaskRunnerV1 pid=2013)                                  'path': '/work/models/qwen-image',
(DiffusionTaskRunnerV1 pid=2013)                                  'pipeline': {'_target_': 'verl_omni.workers.config.diffusion.DiffusionPipelineConfig',
(DiffusionTaskRunnerV1 pid=2013)                                               'frame_indices': None,
(DiffusionTaskRunnerV1 pid=2013)                                               'frame_rate': 24.0,
(DiffusionTaskRunnerV1 pid=2013)                                               'guidance_scale': None,
(DiffusionTaskRunnerV1 pid=2013)                                               'height': 512,
(DiffusionTaskRunnerV1 pid=2013)                                               'max_sequence_length': 256,
(DiffusionTaskRunnerV1 pid=2013)                                               'num_frames': 1,
(DiffusionTaskRunnerV1 pid=2013)                                               'num_inference_steps': 10,
(DiffusionTaskRunnerV1 pid=2013)                                               'reference_image_short_edge': None,
(DiffusionTaskRunnerV1 pid=2013)                                               'task': None,
(DiffusionTaskRunnerV1 pid=2013)                                               'true_cfg_scale': 1.0,
(DiffusionTaskRunnerV1 pid=2013)                                               'video_flow_shift': 12.0,
(DiffusionTaskRunnerV1 pid=2013)                                               'width': 512},
(DiffusionTaskRunnerV1 pid=2013)                                  'policy_state_adapters': ['default', 'old'],
(DiffusionTaskRunnerV1 pid=2013)                                  'target_modules': ['to_q',
(DiffusionTaskRunnerV1 pid=2013)                                                     'to_k',
(DiffusionTaskRunnerV1 pid=2013)                                                     'to_v',
(DiffusionTaskRunnerV1 pid=2013)                                                     'to_out.0',
(DiffusionTaskRunnerV1 pid=2013)                                                     'add_q_proj',
(DiffusionTaskRunnerV1 pid=2013)                                                     'add_k_proj',
(DiffusionTaskRunnerV1 pid=2013)                                                     'add_v_proj',
(DiffusionTaskRunnerV1 pid=2013)                                                     'to_add_out',
(DiffusionTaskRunnerV1 pid=2013)                                                     'img_mlp.net.0.proj',
(DiffusionTaskRunnerV1 pid=2013)                                                     'img_mlp.net.2',
(DiffusionTaskRunnerV1 pid=2013)                                                     'txt_mlp.net.0.proj',
(DiffusionTaskRunnerV1 pid=2013)                                                     'txt_mlp.net.2'],
(DiffusionTaskRunnerV1 pid=2013)                                  'target_parameters': None,
(DiffusionTaskRunnerV1 pid=2013)                                  'tokenizer_path': None,
(DiffusionTaskRunnerV1 pid=2013)                                  'transformer_subfolder': 'transformer',
(DiffusionTaskRunnerV1 pid=2013)                                  'trust_remote_code': False,
(DiffusionTaskRunnerV1 pid=2013)                                  'use_shm': False},
(DiffusionTaskRunnerV1 pid=2013)                        'nccl_timeout': 600,
(DiffusionTaskRunnerV1 pid=2013)                        'ref': {'_target_': 'verl_omni.workers.config.diffusion.FSDPDiffusionActorConfig',
(DiffusionTaskRunnerV1 pid=2013)                                'fsdp_config': {'_target_': 'verl.workers.config.FSDPEngineConfig',
(DiffusionTaskRunnerV1 pid=2013)                                                'dtype': 'bfloat16',
(DiffusionTaskRunnerV1 pid=2013)                                                'forward_only': True,
(DiffusionTaskRunnerV1 pid=2013)                                                'forward_prefetch': False,
(DiffusionTaskRunnerV1 pid=2013)                                                'fsdp_size': -1,
(DiffusionTaskRunnerV1 pid=2013)                                                'full_determinism': False,
(DiffusionTaskRunnerV1 pid=2013)                                                'model_dtype': 'fp32',
(DiffusionTaskRunnerV1 pid=2013)                                                'offload_policy': False,
(DiffusionTaskRunnerV1 pid=2013)                                                'optimizer_offload': False,
(DiffusionTaskRunnerV1 pid=2013)                                                'param_offload': False,
(DiffusionTaskRunnerV1 pid=2013)                                                'reshard_after_forward': True,
(DiffusionTaskRunnerV1 pid=2013)                                                'seed': 42,
(DiffusionTaskRunnerV1 pid=2013)                                                'strategy': 'fsdp',
(DiffusionTaskRunnerV1 pid=2013)                                                'ulysses_sequence_parallel_size': 1,
(DiffusionTaskRunnerV1 pid=2013)                                                'use_orig_params': False,
(DiffusionTaskRunnerV1 pid=2013)                                                'wrap_policy': {'min_num_params': 0}},
(DiffusionTaskRunnerV1 pid=2013)                                'log_prob_micro_batch_size_per_gpu': 32,
(DiffusionTaskRunnerV1 pid=2013)                                'profiler': {'_target_': 'verl.utils.profiler.ProfilerConfig',
(DiffusionTaskRunnerV1 pid=2013)                                             'all_ranks': False,
(DiffusionTaskRunnerV1 pid=2013)                                             'enable': False,
(DiffusionTaskRunnerV1 pid=2013)                                             'ranks': [],
(DiffusionTaskRunnerV1 pid=2013)                                             'save_path': 'outputs/profile',
(DiffusionTaskRunnerV1 pid=2013)                                             'tool': 'torch',
(DiffusionTaskRunnerV1 pid=2013)                                             'tool_config': {'nsys': {'_target_': 'verl.utils.profiler.config.NsightToolConfig',
(DiffusionTaskRunnerV1 pid=2013)                                                                      'discrete': False,
(DiffusionTaskRunnerV1 pid=2013)                                                                      'name': 'nsight'},
(DiffusionTaskRunnerV1 pid=2013)                                                             'torch': {'_target_': 'verl.utils.profiler.config.TorchProfilerToolConfig',
(DiffusionTaskRunnerV1 pid=2013)                                                                       'contents': [],
(DiffusionTaskRunnerV1 pid=2013)                                                                       'discrete': False,
(DiffusionTaskRunnerV1 pid=2013)                                                                       'name': 'torch'},
(DiffusionTaskRunnerV1 pid=2013)                                                             'torch_memory': {'_target_': 'verl.utils.profiler.config.TorchMemoryToolConfig',
(DiffusionTaskRunnerV1 pid=2013)                                                                              'name': 'torch_memory',
(DiffusionTaskRunnerV1 pid=2013)                                                                              'stack_depth': 32,
(DiffusionTaskRunnerV1 pid=2013)                                                                              'trace_alloc_max_entries': 100000}}},
(DiffusionTaskRunnerV1 pid=2013)                                'rollout_n': 4,
(DiffusionTaskRunnerV1 pid=2013)                                'strategy': 'fsdp2'},
(DiffusionTaskRunnerV1 pid=2013)                        'rollout': {'_target_': 'verl_omni.workers.config.diffusion.DiffusionRolloutConfig',
(DiffusionTaskRunnerV1 pid=2013)                                    'agent': {'_target_': 'verl.workers.config.AgentLoopConfig',
(DiffusionTaskRunnerV1 pid=2013)                                              'default_agent_loop': 'diffusion_single_turn_agent',
(DiffusionTaskRunnerV1 pid=2013)                                              'num_workers': 1},
(DiffusionTaskRunnerV1 pid=2013)                                    'algo': {'_target_': 'verl_omni.workers.config.diffusion.DiffusionRolloutAlgoConfig',
(DiffusionTaskRunnerV1 pid=2013)                                             'iters_per_group': 1,
(DiffusionTaskRunnerV1 pid=2013)                                             'noise_level': 1.0,
(DiffusionTaskRunnerV1 pid=2013)                                             'sample_strategy': 'random',
(DiffusionTaskRunnerV1 pid=2013)                                             'sde_contiguous': True,
(DiffusionTaskRunnerV1 pid=2013)                                             'sde_type': 'sde',
(DiffusionTaskRunnerV1 pid=2013)                                             'sde_window_range': None,
(DiffusionTaskRunnerV1 pid=2013)                                             'sde_window_seed': 0,
(DiffusionTaskRunnerV1 pid=2013)                                             'sde_window_size': None},
(DiffusionTaskRunnerV1 pid=2013)                                    'calculate_log_probs': False,
(DiffusionTaskRunnerV1 pid=2013)                                    'checkpoint_engine': {'_target_': 'verl.workers.config.CheckpointEngineConfig',
(DiffusionTaskRunnerV1 pid=2013)                                                          'backend': 'naive',
(DiffusionTaskRunnerV1 pid=2013)                                                          'custom_backend_module': None,
(DiffusionTaskRunnerV1 pid=2013)                                                          'engine_kwargs': {},
(DiffusionTaskRunnerV1 pid=2013)                                                          'update_weights_bucket_megabytes': 2048},
(DiffusionTaskRunnerV1 pid=2013)                                    'cudagraph_capture_sizes': None,
(DiffusionTaskRunnerV1 pid=2013)                                    'data_parallel_size': 1,
(DiffusionTaskRunnerV1 pid=2013)                                    'disable_log_stats': True,
(DiffusionTaskRunnerV1 pid=2013)                                    'disaggregation': {'_target_': 'verl.workers.config.DisaggregationConfig',
(DiffusionTaskRunnerV1 pid=2013)                                                       'enabled': False},
(DiffusionTaskRunnerV1 pid=2013)                                    'dtype': 'bfloat16',
(DiffusionTaskRunnerV1 pid=2013)                                    'enable_chunked_prefill': True,
(DiffusionTaskRunnerV1 pid=2013)                                    'enable_prefix_caching': True,
(DiffusionTaskRunnerV1 pid=2013)                                    'enable_prompt_embed_cache': False,
(DiffusionTaskRunnerV1 pid=2013)                                    'enable_prompt_embed_cache_routing_affinity': False,
(DiffusionTaskRunnerV1 pid=2013)                                    'enable_rollout_routing_replay': False,
(DiffusionTaskRunnerV1 pid=2013)                                    'enforce_eager': True,
(DiffusionTaskRunnerV1 pid=2013)                                    'engine_kwargs': {'vllm_omni': {'dlo_use_allgather': False,
(DiffusionTaskRunnerV1 pid=2013)                                                                    'enable_distributed_layerwise_offload': True}},
(DiffusionTaskRunnerV1 pid=2013)                                    'expert_parallel_size': 1,
(DiffusionTaskRunnerV1 pid=2013)                                    'external_lib': None,
(DiffusionTaskRunnerV1 pid=2013)                                    'free_cache_engine': True,
(DiffusionTaskRunnerV1 pid=2013)                                    'full_determinism': False,
(DiffusionTaskRunnerV1 pid=2013)                                    'gpu_memory_utilization': 0.5,
(DiffusionTaskRunnerV1 pid=2013)                                    'layered_summon': True,
(DiffusionTaskRunnerV1 pid=2013)                                    'llm_calculate_log_probs': False,
(DiffusionTaskRunnerV1 pid=2013)                                    'load_format': 'safetensors',
(DiffusionTaskRunnerV1 pid=2013)                                    'log_prob_micro_batch_size_per_gpu': None,
(DiffusionTaskRunnerV1 pid=2013)                                    'logprobs_mode': 'processed_logprobs',
(DiffusionTaskRunnerV1 pid=2013)                                    'max_model_len': None,
(DiffusionTaskRunnerV1 pid=2013)                                    'max_new_tokens': 256,
(DiffusionTaskRunnerV1 pid=2013)                                    'max_num_batched_tokens': 8192,
(DiffusionTaskRunnerV1 pid=2013)                                    'max_num_seqs': 1024,
(DiffusionTaskRunnerV1 pid=2013)                                    'max_prompt_embed_length': None,
(DiffusionTaskRunnerV1 pid=2013)                                    'mode': 'async',
(DiffusionTaskRunnerV1 pid=2013)                                    'mtp': {'_target_': 'verl.workers.config.MtpConfig',
(DiffusionTaskRunnerV1 pid=2013)                                            'enable': False},
(DiffusionTaskRunnerV1 pid=2013)                                    'multi_turn': {'_target_': 'verl.workers.config.MultiTurnConfig',
(DiffusionTaskRunnerV1 pid=2013)                                                   'enable': False},
(DiffusionTaskRunnerV1 pid=2013)                                    'n': 4,
(DiffusionTaskRunnerV1 pid=2013)                                    'n_gpus_per_node': 2,
(DiffusionTaskRunnerV1 pid=2013)                                    'name': 'vllm_omni',
(DiffusionTaskRunnerV1 pid=2013)                                    'nnodes': 0,
(DiffusionTaskRunnerV1 pid=2013)                                    'pipeline': {'_target_': 'verl_omni.workers.config.diffusion.DiffusionPipelineConfig',
(DiffusionTaskRunnerV1 pid=2013)                                                 'aspect_ratio': None,
(DiffusionTaskRunnerV1 pid=2013)                                                 'frame_indices': None,
(DiffusionTaskRunnerV1 pid=2013)                                                 'frame_rate': 24.0,
(DiffusionTaskRunnerV1 pid=2013)                                                 'guidance_scale': None,
(DiffusionTaskRunnerV1 pid=2013)                                                 'height': 512,
(DiffusionTaskRunnerV1 pid=2013)                                                 'max_sequence_length': 256,
(DiffusionTaskRunnerV1 pid=2013)                                                 'num_frames': 1,
(DiffusionTaskRunnerV1 pid=2013)                                                 'num_inference_steps': 10,
(DiffusionTaskRunnerV1 pid=2013)                                                 'reference_image_short_edge': None,
(DiffusionTaskRunnerV1 pid=2013)                                                 'task': None,
(DiffusionTaskRunnerV1 pid=2013)                                                 'true_cfg_scale': 1.0,
(DiffusionTaskRunnerV1 pid=2013)                                                 'video_flow_shift': 12.0,
(DiffusionTaskRunnerV1 pid=2013)                                                 'width': 512},
(DiffusionTaskRunnerV1 pid=2013)                                    'pipeline_model_parallel_size': 1,
(DiffusionTaskRunnerV1 pid=2013)                                    'profiler': {'_target_': 'verl.utils.profiler.ProfilerConfig',
(DiffusionTaskRunnerV1 pid=2013)                                                 'all_ranks': False,
(DiffusionTaskRunnerV1 pid=2013)                                                 'enable': False,
(DiffusionTaskRunnerV1 pid=2013)                                                 'ranks': [],
(DiffusionTaskRunnerV1 pid=2013)                                                 'save_path': 'outputs/profile',
(DiffusionTaskRunnerV1 pid=2013)                                                 'tool': 'torch',
(DiffusionTaskRunnerV1 pid=2013)                                                 'tool_config': {'nsys': {'_target_': 'verl.utils.profiler.config.NsightToolConfig',
(DiffusionTaskRunnerV1 pid=2013)                                                                          'discrete': False,
(DiffusionTaskRunnerV1 pid=2013)                                                                          'name': 'nsight'},
(DiffusionTaskRunnerV1 pid=2013)                                                                 'torch': {'_target_': 'verl.utils.profiler.config.TorchProfilerToolConfig',
(DiffusionTaskRunnerV1 pid=2013)                                                                           'contents': [],
(DiffusionTaskRunnerV1 pid=2013)                                                                           'discrete': False,
(DiffusionTaskRunnerV1 pid=2013)                                                                           'name': 'torch'},
(DiffusionTaskRunnerV1 pid=2013)                                                                 'torch_memory': {'_target_': 'verl.utils.profiler.config.TorchMemoryToolConfig',
(DiffusionTaskRunnerV1 pid=2013)                                                                                  'name': 'torch_memory',
(DiffusionTaskRunnerV1 pid=2013)                                                                                  'stack_depth': 32,
(DiffusionTaskRunnerV1 pid=2013)                                                                                  'trace_alloc_max_entries': 100000}}},
(DiffusionTaskRunnerV1 pid=2013)                                    'prometheus': {'_target_': 'verl.workers.config.PrometheusConfig',
(DiffusionTaskRunnerV1 pid=2013)                                                   'enable': False},
(DiffusionTaskRunnerV1 pid=2013)                                    'prompt_embed_cache_size': 32,
(DiffusionTaskRunnerV1 pid=2013)                                    'prompt_length': 256,
(DiffusionTaskRunnerV1 pid=2013)                                    'quantization': None,
(DiffusionTaskRunnerV1 pid=2013)                                    'repetition_penalty': 1.0,
(DiffusionTaskRunnerV1 pid=2013)                                    'rollout_adapter': 'old',
(DiffusionTaskRunnerV1 pid=2013)                                    'rollout_attn_backend': 'TORCH_SDPA',
(DiffusionTaskRunnerV1 pid=2013)                                    'scheduling_policy': 'fcfs',
(DiffusionTaskRunnerV1 pid=2013)                                    'seed': 42,
(DiffusionTaskRunnerV1 pid=2013)                                    'skip_tokenizer_init': True,
(DiffusionTaskRunnerV1 pid=2013)                                    'step_execution': False,
(DiffusionTaskRunnerV1 pid=2013)                                    'temperature': 1.0,
(DiffusionTaskRunnerV1 pid=2013)                                    'tensor_model_parallel_size': 2,
(DiffusionTaskRunnerV1 pid=2013)                                    'text_encoder_tp_size': 1,
(DiffusionTaskRunnerV1 pid=2013)                                    'top_k': 0,
(DiffusionTaskRunnerV1 pid=2013)                                    'top_p': 1.0,
(DiffusionTaskRunnerV1 pid=2013)                                    'val_kwargs': {'_target_': 'verl_omni.workers.config.diffusion.DiffusionSamplingConfig',
(DiffusionTaskRunnerV1 pid=2013)                                                   'algo': {'_target_': 'verl_omni.workers.config.diffusion.DiffusionRolloutAlgoConfig',
(DiffusionTaskRunnerV1 pid=2013)                                                            'noise_level': 0.0,
(DiffusionTaskRunnerV1 pid=2013)                                                            'sde_contiguous': True,
(DiffusionTaskRunnerV1 pid=2013)                                                            'sde_type': 'sde',
(DiffusionTaskRunnerV1 pid=2013)                                                            'sde_window_range': None,
(DiffusionTaskRunnerV1 pid=2013)                                                            'sde_window_size': None},
(DiffusionTaskRunnerV1 pid=2013)                                                   'n': 1,
(DiffusionTaskRunnerV1 pid=2013)                                                   'pipeline': {'_target_': 'verl_omni.workers.config.diffusion.DiffusionPipelineConfig',
(DiffusionTaskRunnerV1 pid=2013)                                                                'aspect_ratio': None,
(DiffusionTaskRunnerV1 pid=2013)                                                                'frame_indices': None,
(DiffusionTaskRunnerV1 pid=2013)                                                                'frame_rate': 24.0,
(DiffusionTaskRunnerV1 pid=2013)                                                                'guidance_scale': None,
(DiffusionTaskRunnerV1 pid=2013)                                                                'height': 512,
(DiffusionTaskRunnerV1 pid=2013)                                                                'max_sequence_length': 256,
(DiffusionTaskRunnerV1 pid=2013)                                                                'num_frames': 1,
(DiffusionTaskRunnerV1 pid=2013)                                                                'num_inference_steps': 40,
(DiffusionTaskRunnerV1 pid=2013)                                                                'reference_image_short_edge': None,
(DiffusionTaskRunnerV1 pid=2013)                                                                'task': None,
(DiffusionTaskRunnerV1 pid=2013)                                                                'true_cfg_scale': 1.0,
(DiffusionTaskRunnerV1 pid=2013)                                                                'video_flow_shift': 12.0,
(DiffusionTaskRunnerV1 pid=2013)                                                                'width': 512}}},
(DiffusionTaskRunnerV1 pid=2013)                        'separate': False},
(DiffusionTaskRunnerV1 pid=2013)  'algorithm': {'_target_': 'verl_omni.trainer.config.DiffusionAlgoConfig',
(DiffusionTaskRunnerV1 pid=2013)                'adv_estimator': 'diffusion_nft',
(DiffusionTaskRunnerV1 pid=2013)                'adv_mode': 'continuous',
(DiffusionTaskRunnerV1 pid=2013)                'global_std': True,
(DiffusionTaskRunnerV1 pid=2013)                'norm_adv_by_std_in_grpo': True,
(DiffusionTaskRunnerV1 pid=2013)                'old_policy_decay': None,
(DiffusionTaskRunnerV1 pid=2013)                'old_policy_decay_schedule': 'delayed_linear_to_0_999',
(DiffusionTaskRunnerV1 pid=2013)                'old_policy_update_interval': 2,
(DiffusionTaskRunnerV1 pid=2013)                'paired_preference': False,
(DiffusionTaskRunnerV1 pid=2013)                'rollout_correction': {'_target_': 'verl.trainer.config.algorithm.RolloutCorrectionConfig',
(DiffusionTaskRunnerV1 pid=2013)                                       'bypass_mode': False,
(DiffusionTaskRunnerV1 pid=2013)                                       'loss_type': 'ppo_clip',
(DiffusionTaskRunnerV1 pid=2013)                                       'rollout_is': None,
(DiffusionTaskRunnerV1 pid=2013)                                       'rollout_is_batch_normalize': False,
(DiffusionTaskRunnerV1 pid=2013)                                       'rollout_is_threshold': 2.0,
(DiffusionTaskRunnerV1 pid=2013)                                       'rollout_rs': None,
(DiffusionTaskRunnerV1 pid=2013)                                       'rollout_rs_threshold': None},
(DiffusionTaskRunnerV1 pid=2013)                'sample_source': 'online',
(DiffusionTaskRunnerV1 pid=2013)                'timestep_fraction': 1.0,
(DiffusionTaskRunnerV1 pid=2013)                'trainer_type': 'direct_preference'},
(DiffusionTaskRunnerV1 pid=2013)  'data': {'apply_chat_template_kwargs': {},
(DiffusionTaskRunnerV1 pid=2013)           'custom_cls': {'collate_fn': None, 'name': None, 'path': None},
(DiffusionTaskRunnerV1 pid=2013)           'datagen': {'name': None, 'path': None},
(DiffusionTaskRunnerV1 pid=2013)           'dataloader_num_workers': 2,
(DiffusionTaskRunnerV1 pid=2013)           'filter_overlong_prompts': False,
(DiffusionTaskRunnerV1 pid=2013)           'filter_overlong_prompts_workers': 1,
(DiffusionTaskRunnerV1 pid=2013)           'image_key': 'images',
(DiffusionTaskRunnerV1 pid=2013)           'image_patch_size': 14,
(DiffusionTaskRunnerV1 pid=2013)           'max_prompt_length': 256,
(DiffusionTaskRunnerV1 pid=2013)           'max_response_length': 512,
(DiffusionTaskRunnerV1 pid=2013)           'prompt_key': 'prompt',
(DiffusionTaskRunnerV1 pid=2013)           'return_full_prompt': False,
(DiffusionTaskRunnerV1 pid=2013)           'return_multi_modal_inputs': True,
(DiffusionTaskRunnerV1 pid=2013)           'return_raw_chat': True,
(DiffusionTaskRunnerV1 pid=2013)           'return_raw_input_ids': False,
(DiffusionTaskRunnerV1 pid=2013)           'reward_fn_key': 'data_source',
(DiffusionTaskRunnerV1 pid=2013)           'sampler': {'class_name': None, 'class_path': None},
(DiffusionTaskRunnerV1 pid=2013)           'seed': 42,
(DiffusionTaskRunnerV1 pid=2013)           'shuffle': True,
(DiffusionTaskRunnerV1 pid=2013)           'tokenizer': None,
(DiffusionTaskRunnerV1 pid=2013)           'tool_config_path': None,
(DiffusionTaskRunnerV1 pid=2013)           'train_batch_size': 4,
(DiffusionTaskRunnerV1 pid=2013)           'train_files': '/work/data/ocr/train.parquet',
(DiffusionTaskRunnerV1 pid=2013)           'train_max_samples': 7200,
(DiffusionTaskRunnerV1 pid=2013)           'truncation': 'error',
(DiffusionTaskRunnerV1 pid=2013)           'trust_remote_code': False,
(DiffusionTaskRunnerV1 pid=2013)           'use_shm': False,
(DiffusionTaskRunnerV1 pid=2013)           'val_batch_size': None,
(DiffusionTaskRunnerV1 pid=2013)           'val_files': '/work/data/ocr/test.parquet',
(DiffusionTaskRunnerV1 pid=2013)           'val_max_samples': 32,
(DiffusionTaskRunnerV1 pid=2013)           'validation_shuffle': False,
(DiffusionTaskRunnerV1 pid=2013)           'video_key': 'videos'},
(DiffusionTaskRunnerV1 pid=2013)  'distillation': {'_target_': 'verl_omni.workers.config.diffusion.DiffusionDistillationConfig',
(DiffusionTaskRunnerV1 pid=2013)                   'enabled': False,
(DiffusionTaskRunnerV1 pid=2013)                   'n_gpus_per_node': 0,
(DiffusionTaskRunnerV1 pid=2013)                   'nnodes': 0,
(DiffusionTaskRunnerV1 pid=2013)                   'scheduler': 'inline',
(DiffusionTaskRunnerV1 pid=2013)                   'teacher_key': 'data_source',
(DiffusionTaskRunnerV1 pid=2013)                   'teacher_models': {'teacher_model': {'_target_': 'verl_omni.workers.config.diffusion.DiffusionDistillationTeacherModelConfig',
(DiffusionTaskRunnerV1 pid=2013)                                                        'key': None,
(DiffusionTaskRunnerV1 pid=2013)                                                        'model_path': None,
(DiffusionTaskRunnerV1 pid=2013)                                                        'world_size': 0}}},
(DiffusionTaskRunnerV1 pid=2013)  'global_profiler': {'_target_': 'verl.utils.profiler.ProfilerConfig',
(DiffusionTaskRunnerV1 pid=2013)                      'global_tool_config': {'nsys': {'_target_': 'verl.utils.profiler.config.NsightToolConfig',
(DiffusionTaskRunnerV1 pid=2013)                                                      'controller_nsight_options': {'cuda-graph-trace': 'graph',
(DiffusionTaskRunnerV1 pid=2013)                                                                                    'cuda-memory-usage': 'true',
(DiffusionTaskRunnerV1 pid=2013)                                                                                    'trace': 'cuda,nvtx,cublas,ucx'},
(DiffusionTaskRunnerV1 pid=2013)                                                      'discrete': False,
(DiffusionTaskRunnerV1 pid=2013)                                                      'worker_nsight_options': {'capture-range': 'cudaProfilerApi',
(DiffusionTaskRunnerV1 pid=2013)                                                                                'capture-range-end': None,
(DiffusionTaskRunnerV1 pid=2013)                                                                                'cuda-graph-trace': 'graph',
(DiffusionTaskRunnerV1 pid=2013)                                                                                'cuda-memory-usage': 'true',
(DiffusionTaskRunnerV1 pid=2013)                                                                                'kill': 'none',
(DiffusionTaskRunnerV1 pid=2013)                                                                                'trace': 'cuda,nvtx,cublas,ucx'}},
(DiffusionTaskRunnerV1 pid=2013)                                             'torch_memory': {'context': 'all',
(DiffusionTaskRunnerV1 pid=2013)                                                              'kw_args': {},
(DiffusionTaskRunnerV1 pid=2013)                                                              'stack_depth': 32,
(DiffusionTaskRunnerV1 pid=2013)                                                              'stacks': 'all',
(DiffusionTaskRunnerV1 pid=2013)                                                              'trace_alloc_max_entries': 100000}},
(DiffusionTaskRunnerV1 pid=2013)                      'profile_continuous_steps': False,
(DiffusionTaskRunnerV1 pid=2013)                      'save_path': 'outputs/profile',
(DiffusionTaskRunnerV1 pid=2013)                      'steps': None,
(DiffusionTaskRunnerV1 pid=2013)                      'tool': None},
(DiffusionTaskRunnerV1 pid=2013)  'model_engine': 'dp_diffusion',
(DiffusionTaskRunnerV1 pid=2013)  'ray_kwargs': {'ray_init': {'num_cpus': 20}, 'timeline_json_file': None},
(DiffusionTaskRunnerV1 pid=2013)  'reward': {'aggregation': 'weighted_sum',
(DiffusionTaskRunnerV1 pid=2013)             'custom_reward_function': {'name': 'compute_score_ocr',
(DiffusionTaskRunnerV1 pid=2013)                                        'path': 'verl_omni/utils/reward_score/genrm_ocr.py',
(DiffusionTaskRunnerV1 pid=2013)                                        'use_accelerator': False},
(DiffusionTaskRunnerV1 pid=2013)             'num_workers': 1,
(DiffusionTaskRunnerV1 pid=2013)             'reward_functions': {},
(DiffusionTaskRunnerV1 pid=2013)             'reward_manager': {'_target_': 'verl.workers.config.reward_model.RewardManagerConfig',
(DiffusionTaskRunnerV1 pid=2013)                                'module': {'_target_': 'verl.trainer.config.config.ModuleConfig',
(DiffusionTaskRunnerV1 pid=2013)                                           'path': 'pkg://verl_omni.reward_loop.reward_manager'},
(DiffusionTaskRunnerV1 pid=2013)                                'name': 'VisualRewardManager',
(DiffusionTaskRunnerV1 pid=2013)                                'source': 'importlib'},
(DiffusionTaskRunnerV1 pid=2013)             'reward_model': {'enable': True,
(DiffusionTaskRunnerV1 pid=2013)                              'enable_resource_pool': False,
(DiffusionTaskRunnerV1 pid=2013)                              'model_path': '/work/models/qwen3-vl-8b-instruct',
(DiffusionTaskRunnerV1 pid=2013)                              'n_gpus_per_node': 8,
(DiffusionTaskRunnerV1 pid=2013)                              'nnodes': 0,
(DiffusionTaskRunnerV1 pid=2013)                              'rollout': {'_target_': 'verl.workers.config.RolloutConfig',
(DiffusionTaskRunnerV1 pid=2013)                                          'cudagraph_capture_sizes': None,
(DiffusionTaskRunnerV1 pid=2013)                                          'data_parallel_size': 1,
(DiffusionTaskRunnerV1 pid=2013)                                          'disable_log_stats': True,
(DiffusionTaskRunnerV1 pid=2013)                                          'disaggregation': {'bootstrap_port': None,
(DiffusionTaskRunnerV1 pid=2013)                                                             'decode_replicas': 1,
(DiffusionTaskRunnerV1 pid=2013)                                                             'decode_tensor_model_parallel_size': None,
(DiffusionTaskRunnerV1 pid=2013)                                                             'enabled': False,
(DiffusionTaskRunnerV1 pid=2013)                                                             'ib_device': None,
(DiffusionTaskRunnerV1 pid=2013)                                                             'prefill_replicas': 1,
(DiffusionTaskRunnerV1 pid=2013)                                                             'transfer_backend': 'nixl'},
(DiffusionTaskRunnerV1 pid=2013)                                          'do_sample': True,
(DiffusionTaskRunnerV1 pid=2013)                                          'dtype': 'bfloat16',
(DiffusionTaskRunnerV1 pid=2013)                                          'enable_chunked_prefill': True,
(DiffusionTaskRunnerV1 pid=2013)                                          'enable_prefix_caching': True,
(DiffusionTaskRunnerV1 pid=2013)                                          'enforce_eager': True,
(DiffusionTaskRunnerV1 pid=2013)                                          'engine_kwargs': {},
(DiffusionTaskRunnerV1 pid=2013)                                          'expert_parallel_size': 1,
(DiffusionTaskRunnerV1 pid=2013)                                          'free_cache_engine': True,
(DiffusionTaskRunnerV1 pid=2013)                                          'full_determinism': False,
(DiffusionTaskRunnerV1 pid=2013)                                          'gpu_memory_utilization': 0.5,
(DiffusionTaskRunnerV1 pid=2013)                                          'ignore_eos': False,
(DiffusionTaskRunnerV1 pid=2013)                                          'layered_summon': False,
(DiffusionTaskRunnerV1 pid=2013)                                          'limit_images': None,
(DiffusionTaskRunnerV1 pid=2013)                                          'load_format': 'auto',
(DiffusionTaskRunnerV1 pid=2013)                                          'max_model_len': 8192,
(DiffusionTaskRunnerV1 pid=2013)                                          'max_num_batched_tokens': 8192,
(DiffusionTaskRunnerV1 pid=2013)                                          'max_num_seqs': 16,
(DiffusionTaskRunnerV1 pid=2013)                                          'mtp': None,
(DiffusionTaskRunnerV1 pid=2013)                                          'multi_stage_wake_up': False,
(DiffusionTaskRunnerV1 pid=2013)                                          'n': 1,
(DiffusionTaskRunnerV1 pid=2013)                                          'name': 'vllm',
(DiffusionTaskRunnerV1 pid=2013)                                          'pipeline_model_parallel_size': 1,
(DiffusionTaskRunnerV1 pid=2013)                                          'profiler': {'_target_': 'verl.utils.profiler.ProfilerConfig',
(DiffusionTaskRunnerV1 pid=2013)                                                       'all_ranks': False,
(DiffusionTaskRunnerV1 pid=2013)                                                       'enable': False,
(DiffusionTaskRunnerV1 pid=2013)                                                       'ranks': [],
(DiffusionTaskRunnerV1 pid=2013)                                                       'save_path': 'outputs/profile/reward_model',
(DiffusionTaskRunnerV1 pid=2013)                                                       'tool': 'torch',
(DiffusionTaskRunnerV1 pid=2013)                                                       'tool_config': {'nsys': {'_target_': 'verl.utils.profiler.config.NsightToolConfig',
(DiffusionTaskRunnerV1 pid=2013)                                                                                'discrete': False,
(DiffusionTaskRunnerV1 pid=2013)                                                                                'name': 'nsight'},
(DiffusionTaskRunnerV1 pid=2013)                                                                       'torch': {'_target_': 'verl.utils.profiler.config.TorchProfilerToolConfig',
(DiffusionTaskRunnerV1 pid=2013)                                                                                 'contents': [],
(DiffusionTaskRunnerV1 pid=2013)                                                                                 'discrete': False,
(DiffusionTaskRunnerV1 pid=2013)                                                                                 'name': 'torch'},
(DiffusionTaskRunnerV1 pid=2013)                                                                       'torch_memory': {'_target_': 'verl.utils.profiler.config.TorchMemoryToolConfig',
(DiffusionTaskRunnerV1 pid=2013)                                                                                        'name': 'torch_memory',
(DiffusionTaskRunnerV1 pid=2013)                                                                                        'stack_depth': 32,
(DiffusionTaskRunnerV1 pid=2013)                                                                                        'trace_alloc_max_entries': 100000}}},
(DiffusionTaskRunnerV1 pid=2013)                                          'prompt_length': 2048,
(DiffusionTaskRunnerV1 pid=2013)                                          'quantization': None,
(DiffusionTaskRunnerV1 pid=2013)                                          'quantization_config_file': None,
(DiffusionTaskRunnerV1 pid=2013)                                          'response_length': 2048,
(DiffusionTaskRunnerV1 pid=2013)                                          'scheduling_policy': 'fcfs',
(DiffusionTaskRunnerV1 pid=2013)                                          'seed': 42,
(DiffusionTaskRunnerV1 pid=2013)                                          'skip_tokenizer_init': False,
(DiffusionTaskRunnerV1 pid=2013)                                          'temperature': 1.0,
(DiffusionTaskRunnerV1 pid=2013)                                          'tensor_model_parallel_size': 2,
(DiffusionTaskRunnerV1 pid=2013)                                          'top_k': -1,
(DiffusionTaskRunnerV1 pid=2013)                                          'top_p': 1}},
(DiffusionTaskRunnerV1 pid=2013)             'sandbox_fusion': {'max_concurrent': 64,
(DiffusionTaskRunnerV1 pid=2013)                                'memory_limit_mb': 1024,
(DiffusionTaskRunnerV1 pid=2013)                                'url': None}},
(DiffusionTaskRunnerV1 pid=2013)  'skip': {'_target_': 'verl.utils.skip.SkipManagerConfig',
(DiffusionTaskRunnerV1 pid=2013)           'async_rollout': {'action': 'cache',
(DiffusionTaskRunnerV1 pid=2013)                             'dump_dir': '~/.verl/rollout_dump',
(DiffusionTaskRunnerV1 pid=2013)                             'enable': False,
(DiffusionTaskRunnerV1 pid=2013)                             'steps': []},
(DiffusionTaskRunnerV1 pid=2013)           'rollout': {'action': 'cache',
(DiffusionTaskRunnerV1 pid=2013)                       'dump_dir': '~/.verl/rollout_dump',
(DiffusionTaskRunnerV1 pid=2013)                       'enable': False,
(DiffusionTaskRunnerV1 pid=2013)                       'steps': []}},
(DiffusionTaskRunnerV1 pid=2013)  'trainer': {'default_hdfs_dir': None,
(DiffusionTaskRunnerV1 pid=2013)              'default_local_dir': '/work/evidence/ocr-v1-100-12/checkpoints',
(DiffusionTaskRunnerV1 pid=2013)              'del_local_ckpt_after_load': False,
(DiffusionTaskRunnerV1 pid=2013)              'delete_previous_checkpoint_after_save': True,
(DiffusionTaskRunnerV1 pid=2013)              'device': 'cuda',
(DiffusionTaskRunnerV1 pid=2013)              'esi_redundant_time': 0,
(DiffusionTaskRunnerV1 pid=2013)              'experiment_name': 'ocr-v1-100-12',
(DiffusionTaskRunnerV1 pid=2013)              'log_val_generations': 0,
(DiffusionTaskRunnerV1 pid=2013)              'logger': ['console'],
(DiffusionTaskRunnerV1 pid=2013)              'max_actor_ckpt_to_keep': None,
(DiffusionTaskRunnerV1 pid=2013)              'n_gpus_per_node': 2,
(DiffusionTaskRunnerV1 pid=2013)              'nnodes': 1,
(DiffusionTaskRunnerV1 pid=2013)              'project_name': 'diffusion_nft',
(DiffusionTaskRunnerV1 pid=2013)              'ray_master_port_range': None,
(DiffusionTaskRunnerV1 pid=2013)              'ray_wait_register_center_timeout': 300,
(DiffusionTaskRunnerV1 pid=2013)              'resume_from_path': '/work/evidence/ocr-v1-100-11/checkpoints/global_step_23',
(DiffusionTaskRunnerV1 pid=2013)              'resume_mode': 'resume_path',
(DiffusionTaskRunnerV1 pid=2013)              'rollout_data_dir': '/work/evidence/ocr-v1-100-12/rollouts',
(DiffusionTaskRunnerV1 pid=2013)              'rollout_data_max_samples': 4,
(DiffusionTaskRunnerV1 pid=2013)              'rollout_data_save_freq': 1,
(DiffusionTaskRunnerV1 pid=2013)              'save_freq': 1,
(DiffusionTaskRunnerV1 pid=2013)              'save_interval_seconds': 300,
(DiffusionTaskRunnerV1 pid=2013)              'test_freq': 20,
(DiffusionTaskRunnerV1 pid=2013)              'total_epochs': 1,
(DiffusionTaskRunnerV1 pid=2013)              'total_training_steps': 100,
(DiffusionTaskRunnerV1 pid=2013)              'use_v1': True,
(DiffusionTaskRunnerV1 pid=2013)              'v1': {'colocate_async': {'num_warmup_batches': 1},
(DiffusionTaskRunnerV1 pid=2013)                     'sampler': {'custom_sampler': {'name': None, 'path': None},
(DiffusionTaskRunnerV1 pid=2013)                                 'drop_incomplete_groups': False,
(DiffusionTaskRunnerV1 pid=2013)                                 'max_incomplete_group_refill_rounds': 3,
(DiffusionTaskRunnerV1 pid=2013)                                 'max_off_policy_strategy': 'drop',
(DiffusionTaskRunnerV1 pid=2013)                                 'max_off_policy_threshold': 8,
(DiffusionTaskRunnerV1 pid=2013)                                 'sampler_kwargs': {}},
(DiffusionTaskRunnerV1 pid=2013)                     'separate_async': {'num_warmup_batches': 1,
(DiffusionTaskRunnerV1 pid=2013)                                        'parameter_sync_step': 4,
(DiffusionTaskRunnerV1 pid=2013)                                        'sync_compatible': False},
(DiffusionTaskRunnerV1 pid=2013)                     'sync': {},
(DiffusionTaskRunnerV1 pid=2013)                     'trainer_mode': 'sync'},
(DiffusionTaskRunnerV1 pid=2013)              'val_before_train': True,
(DiffusionTaskRunnerV1 pid=2013)              'val_only': False,
(DiffusionTaskRunnerV1 pid=2013)              'validation_data_dir': '/work/evidence/ocr-v1-100-12/validation',
(DiffusionTaskRunnerV1 pid=2013)              'validation_data_max_samples': 4,
(DiffusionTaskRunnerV1 pid=2013)              'video_fps': 24},
(DiffusionTaskRunnerV1 pid=2013)  'transfer_queue': {'backend': {'MooncakeStore': {'auto_init': False,
(DiffusionTaskRunnerV1 pid=2013)                                                   'device_name': '',
(DiffusionTaskRunnerV1 pid=2013)                                                   'global_segment_size': 4294967296,
(DiffusionTaskRunnerV1 pid=2013)                                                   'local_buffer_size': 1073741824,
(DiffusionTaskRunnerV1 pid=2013)                                                   'local_hostname': 'localhost',
(DiffusionTaskRunnerV1 pid=2013)                                                   'master_server_address': 'localhost:50124',
(DiffusionTaskRunnerV1 pid=2013)                                                   'metadata_server': 'localhost:50123',
(DiffusionTaskRunnerV1 pid=2013)                                                   'protocol': 'tcp'},
(DiffusionTaskRunnerV1 pid=2013)                                 'SimpleStorage': {'num_data_storage_units': 1,
(DiffusionTaskRunnerV1 pid=2013)                                                   'total_storage_size': 100000},
(DiffusionTaskRunnerV1 pid=2013)                                 'storage_backend': 'SimpleStorage'},
(DiffusionTaskRunnerV1 pid=2013)                     'enable': True,
(DiffusionTaskRunnerV1 pid=2013)                     'metrics': {'enabled': False, 'port': 0}}}
(DiffusionTaskRunnerV1 pid=2013) /work/verl-core/verl/utils/tokenizer/tokenizer.py:246: UserWarning: Failed to create processor: Unrecognized processing class in /work/models/qwen-image. Can't instantiate a processor, a tokenizer, an image processor, a video processor or a feature extractor for this model. Make sure the repository contains the files of at least one of those processing classes.. This may affect multimodal processing
(DiffusionTaskRunnerV1 pid=2013)   warnings.warn(f"Failed to create processor: {e}. This may affect multimodal processing", stacklevel=1)
(DiffusionTaskRunnerV1 pid=2013) dataset len: 19653
(DiffusionTaskRunnerV1 pid=2013) /usr/local/lib/python3.12/dist-packages/torchdata/stateful_dataloader/stateful_dataloader.py:379: UserWarning: 'set_vital' is deprecated, please do not call
(DiffusionTaskRunnerV1 pid=2013)   torch.set_vital("Dataloader", "enabled", "True")  # type: ignore[attr-defined]
(DiffusionTaskRunnerV1 pid=2013) INFO:2026-09-14 02:32:35,176:Total diffusion training steps: 100
(DiffusionTaskRunnerV1 pid=2013) selected 7200 random samples out of 19653
(DiffusionTaskRunnerV1 pid=2013) dataset len: 1018
(DiffusionTaskRunnerV1 pid=2013) selected 32 random samples out of 1018
(DiffusionTaskRunnerV1 pid=2013) colocated worker base class <class 'verl.single_controller.base.worker.Worker'>
(pid=2435) /work/verl-core/verl/workers/engine/__init__.py:32: UserWarning: torchtitan engine is not available: ModuleNotFoundError("No module named 'torchtitan'")
(pid=2435)   warnings.warn(f"torchtitan engine is not available: {e!r}", stacklevel=1)
(pid=2435) /work/verl-core/verl/workers/engine/__init__.py:41: UserWarning: veomni engine is not available: ModuleNotFoundError("No module named 'veomni'")
(pid=2435)   warnings.warn(f"veomni engine is not available: {e!r}", stacklevel=1)
(pid=2435) /work/verl-core/verl/workers/engine/__init__.py:50: UserWarning: automodel engine is not available: ModuleNotFoundError("No module named 'nemo_automodel'")
(pid=2435)   warnings.warn(f"automodel engine is not available: {e!r}", stacklevel=1)
(pid=2435) /work/verl-core/verl/workers/engine/__init__.py:60: UserWarning: mindspeed engine is not available: ModuleNotFoundError("No module named 'megatron'")
(pid=2435)   warnings.warn(f"mindspeed engine is not available: {e!r}", stacklevel=1)
(pid=2435) /work/verl-core/verl/workers/engine/__init__.py:69: UserWarning: megatron engine is not available: ModuleNotFoundError("No module named 'megatron'")
(pid=2435)   warnings.warn(f"megatron engine is not available: {e!r}", stacklevel=1)
(WorkerDict pid=2434) The config attributes {'pooled_projection_dim': 768} were passed to QwenImageTransformer2DModel, but are not expected and will be ignored. Please verify your config.json configuration file.
(WorkerDict pid=2434)
Loading checkpoint shards:   0%|          | 0/9 [00:00<?, ?it/s]
(WorkerDict pid=2434)
Loading checkpoint shards:  11%|█         | 1/9 [00:01<00:14,  1.81s/it]
(WorkerDict pid=2434)
Loading checkpoint shards:  22%|██▏       | 2/9 [00:03<00:12,  1.77s/it]
(pid=2434) /work/verl-core/verl/workers/engine/__init__.py:32: UserWarning: torchtitan engine is not available: ModuleNotFoundError("No module named 'torchtitan'")
(pid=2434)   warnings.warn(f"torchtitan engine is not available: {e!r}", stacklevel=1)
(pid=2434) /work/verl-core/verl/workers/engine/__init__.py:41: UserWarning: veomni engine is not available: ModuleNotFoundError("No module named 'veomni'")
(pid=2434)   warnings.warn(f"veomni engine is not available: {e!r}", stacklevel=1)
(pid=2434) /work/verl-core/verl/workers/engine/__init__.py:50: UserWarning: automodel engine is not available: ModuleNotFoundError("No module named 'nemo_automodel'")
(pid=2434)   warnings.warn(f"automodel engine is not available: {e!r}", stacklevel=1)
(pid=2434) /work/verl-core/verl/workers/engine/__init__.py:60: UserWarning: mindspeed engine is not available: ModuleNotFoundError("No module named 'megatron'")
(pid=2434)   warnings.warn(f"mindspeed engine is not available: {e!r}", stacklevel=1)
(pid=2434) /work/verl-core/verl/workers/engine/__init__.py:69: UserWarning: megatron engine is not available: ModuleNotFoundError("No module named 'megatron'")
(pid=2434)   warnings.warn(f"megatron engine is not available: {e!r}", stacklevel=1)
(WorkerDict pid=2434)
Loading checkpoint shards:  33%|███▎      | 3/9 [00:05<00:10,  1.67s/it]
(WorkerDict pid=2434)
Loading checkpoint shards:  44%|████▍     | 4/9 [00:07<00:08,  1.80s/it]
(WorkerDict pid=2434)
Loading checkpoint shards:  56%|█████▌    | 5/9 [00:09<00:07,  1.90s/it]
(WorkerDict pid=2434)
Loading checkpoint shards:  67%|██████▋   | 6/9 [00:12<00:07,  2.34s/it]
(WorkerDict pid=2434)
Loading checkpoint shards:  78%|███████▊  | 7/9 [00:14<00:04,  2.30s/it]
(WorkerDict pid=2434)
Loading checkpoint shards:  89%|████████▉ | 8/9 [00:16<00:02,  2.11s/it]
(WorkerDict pid=2434)
Loading checkpoint shards: 100%|██████████| 9/9 [00:16<00:00,  1.57s/it]
Loading checkpoint shards: 100%|██████████| 9/9 [00:16<00:00,  1.85s/it]
(WorkerDict pid=2434) Attention backends are an experimental feature and the API may be subject to change.
(WorkerDict pid=2434) There are modules in QwenImageTransformer2DModel that should be kept in float32: []. Casting directly with `to()` can lead to inconsistent results; set `torch_dtype` in `from_pretrained()` instead to keep these modules in float32.
(WorkerDict pid=2435) /usr/local/lib/python3.12/dist-packages/peft/tuners/tuners_utils.py:305: UserWarning: Already found a `peft_config` attribute in the model. This will lead to having multiple adapters in the model. Make sure to know what you are doing!
(WorkerDict pid=2435)   warnings.warn(
(WorkerDict pid=2434) QwenImageTransformer2DModel contains 21.28B parameters
(WorkerDict pid=2434) Before FSDP, memory allocated (GB): 0.00, memory reserved (GB): 0.00, device memory used/total (GB): 0.35/44.40
(WorkerDict pid=2434) NCCL version 2.30.7+cuda13.3
(WorkerDict pid=2434) After FSDP, memory allocated (GB): 19.82, memory reserved (GB): 20.97, device memory used/total (GB): 21.44/44.40
(WorkerDict pid=2434) Total steps: 100, num_warmup_steps: 0
(WorkerDict pid=2435) WARNING:2026-09-14 02:35:52,185:Setting the sleep level to 1 may cause a memory overflow.
(WorkerDict pid=2434) /usr/local/lib/python3.12/dist-packages/peft/tuners/tuners_utils.py:305: UserWarning: Already found a `peft_config` attribute in the model. This will lead to having multiple adapters in the model. Make sure to know what you are doing!
(WorkerDict pid=2434)   warnings.warn(
(vLLMHttpServer pid=3551) ['serve',
(vLLMHttpServer pid=3551)  '/work/models/qwen3-vl-8b-instruct',
(vLLMHttpServer pid=3551)  '--dtype',
(vLLMHttpServer pid=3551)  'bfloat16',
(vLLMHttpServer pid=3551)  '--load_format',
(vLLMHttpServer pid=3551)  'auto',
(vLLMHttpServer pid=3551)  '--distributed_executor_backend',
(vLLMHttpServer pid=3551)  'mp',
(vLLMHttpServer pid=3551)  '--worker_extension_cls',
(vLLMHttpServer pid=3551)  'verl.workers.rollout.vllm_rollout.utils.vLLMColocateWorkerExtension',
(vLLMHttpServer pid=3551)  '--max_model_len',
(vLLMHttpServer pid=3551)  '8192',
(vLLMHttpServer pid=3551)  '--max_num_seqs',
(vLLMHttpServer pid=3551)  '16',
(vLLMHttpServer pid=3551)  '--enable_chunked_prefill',
(vLLMHttpServer pid=3551)  '--max_num_batched_tokens',
(vLLMHttpServer pid=3551)  '8192',
(vLLMHttpServer pid=3551)  '--enable_prefix_caching',
(vLLMHttpServer pid=3551)  '--enable_sleep_mode',
(vLLMHttpServer pid=3551)  '--logprobs_mode',
(vLLMHttpServer pid=3551)  'processed_logprobs',
(vLLMHttpServer pid=3551)  '--enforce_eager',
(vLLMHttpServer pid=3551)  '--gpu_memory_utilization',
(vLLMHttpServer pid=3551)  '0.5',
(vLLMHttpServer pid=3551)  '--disable_log_stats',
(vLLMHttpServer pid=3551)  '--tensor_parallel_size',
(vLLMHttpServer pid=3551)  '2',
(vLLMHttpServer pid=3551)  '--seed',
(vLLMHttpServer pid=3551)  '42',
(vLLMHttpServer pid=3551)  '--override_generation_config',
(vLLMHttpServer pid=3551)  '{"temperature": 1.0, "top_k": -1, "top_p": 1, "repetition_penalty": 1.0, '
(vLLMHttpServer pid=3551)  '"max_new_tokens": 2048}',
(vLLMHttpServer pid=3551)  '--hf_overrides',
(vLLMHttpServer pid=3551)  '{}',
(vLLMHttpServer pid=3551)  '--scheduling_policy',
(vLLMHttpServer pid=3551)  'fcfs',
(vLLMHttpServer pid=3551)  '--compilation_config',
(vLLMHttpServer pid=3551)  '{"cudagraph_mode": "FULL_AND_PIECEWISE"}']
(vLLMHttpServer pid=3551) WARNING 09-14 02:36:38 [vllm.py:1285] Enforce eager set, disabling torch.compile and CUDAGraphs. This is equivalent to setting -cc.mode=none -cc.cudagraph_mode=none
(vLLMHttpServer pid=3551) WARNING 09-14 02:36:38 [vllm.py:1354] Inductor compilation was disabled by user settings, optimizations settings that are only active during inductor compilation will be ignored.
(vLLMHttpServer pid=3551) [transformers] The `use_fast` parameter is deprecated and will be removed in a future version. Use `backend="torchvision"` instead of `use_fast=True`, or `backend="pil"` instead of `use_fast=False`.
(WorkerDict pid=2434) WARNING:2026-09-14 02:35:53,381:Setting the sleep level to 1 may cause a memory overflow.
(vLLMHttpServer pid=3551) WARNING 09-14 02:36:44 [system_utils.py:157] We must use the `spawn` multiprocessing start method. Overriding VLLM_WORKER_MULTIPROC_METHOD to 'spawn'. See https://docs.vllm.ai/en/latest/usage/troubleshooting.html#python-multiprocessing for more information. Reasons: In a Ray actor and can only be spawned; CUDA is initialized
(vLLMHttpServer pid=3551) NCCL version 2.30.7+cuda13.3
(vLLMHttpServer pid=3551) (Worker pid=3793) (Worker pid=3794) WARNING 09-14 02:37:09 [symm_mem.py:67] SymmMemCommunicator: Device capability 8.9 not supported, communicator is not available.
(vLLMHttpServer pid=3551) WARNING 09-14 02:37:09 [symm_mem.py:67] SymmMemCommunicator: Device capability 8.9 not supported, communicator is not available.
(vLLMHttpServer pid=3551) (Worker_TP0 pid=3793) WARNING 09-14 02:37:10 [vllm.py:1285] Enforce eager set, disabling torch.compile and CUDAGraphs. This is equivalent to setting -cc.mode=none -cc.cudagraph_mode=none
(vLLMHttpServer pid=3551) (Worker_TP0 pid=3793) WARNING 09-14 02:37:10 [vllm.py:1354] Inductor compilation was disabled by user settings, optimizations settings that are only active during inductor compilation will be ignored.
(vLLMHttpServer pid=3551) (Worker_TP0 pid=3793)
Loading safetensors checkpoint shards:   0% Completed | 0/4 [00:00<?, ?it/s]
(vLLMHttpServer pid=3551) (Worker_TP0 pid=3793)
Loading safetensors checkpoint shards:  25% Completed | 1/4 [00:14<00:42, 14.13s/it]
(vLLMHttpServer pid=3551) (Worker_TP0 pid=3793)
Loading safetensors checkpoint shards:  50% Completed | 2/4 [00:29<00:29, 14.65s/it]
(vLLMHttpServer pid=3551) (Worker_TP0 pid=3793)
Loading safetensors checkpoint shards:  75% Completed | 3/4 [00:43<00:14, 14.29s/it]
(vLLMHttpServer pid=3551) (Worker_TP0 pid=3793)
Loading safetensors checkpoint shards: 100% Completed | 4/4 [00:51<00:00, 12.10s/it]
(vLLMHttpServer pid=3551) (Worker_TP0 pid=3793)
Loading safetensors checkpoint shards: 100% Completed | 4/4 [00:51<00:00, 12.94s/it]
(vLLMHttpServer pid=3551) (Worker_TP0 pid=3793)
(vLLMHttpServer pid=3551) (Worker_TP1 pid=3794) [transformers] The `use_fast` parameter is deprecated and will be removed in a future version. Use `backend="torchvision"` instead of `use_fast=True`, or `backend="pil"` instead of `use_fast=False`.
(vLLMHttpServer pid=3551) (Worker_TP0 pid=3793) [transformers] The `use_fast` parameter is deprecated and will be removed in a future version. Use `backend="torchvision"` instead of `use_fast=True`, or `backend="pil"` instead of `use_fast=False`.
(vLLMHttpServer pid=3551) (EngineCore pid=3743) [transformers] The `use_fast` parameter is deprecated and will be removed in a future version. Use `backend="torchvision"` instead of `use_fast=True`, or `backend="pil"` instead of `use_fast=False`.
(vLLMHttpServer pid=3551) (EngineCore pid=3743) WARNING 09-14 02:38:40 [vllm.py:1285] Enforce eager set, disabling torch.compile and CUDAGraphs. This is equivalent to setting -cc.mode=none -cc.cudagraph_mode=none
(vLLMHttpServer pid=3551) (EngineCore pid=3743) WARNING 09-14 02:38:40 [vllm.py:1354] Inductor compilation was disabled by user settings, optimizations settings that are only active during inductor compilation will be ignored.
(vLLMHttpServer pid=3551) WARNING 09-14 02:38:40 [api_router.py:30] LoRA dynamic loading & unloading is enabled in the API server. This should ONLY be used for local development!
(vLLMHttpServer pid=3551) WARNING 09-14 02:38:56 [model.py:1713] Default vLLM sampling parameters have been overridden by the model's `generation_config.json`: `{'repetition_penalty': 1.0, 'temperature': 1.0, 'top_k': -1, 'top_p': 1, 'max_tokens': 2048}`. If this is not intended, please relaunch vLLM instance with `--generation-config vllm`.
(RewardLoopWorker pid=4365) /work/verl-core/verl/workers/engine/__init__.py:32: UserWarning: torchtitan engine is not available: ModuleNotFoundError("No module named 'torchtitan'")
(RewardLoopWorker pid=4365)   warnings.warn(f"torchtitan engine is not available: {e!r}", stacklevel=1)
(RewardLoopWorker pid=4365) /work/verl-core/verl/workers/engine/__init__.py:41: UserWarning: veomni engine is not available: ModuleNotFoundError("No module named 'veomni'")
(RewardLoopWorker pid=4365)   warnings.warn(f"veomni engine is not available: {e!r}", stacklevel=1)
(RewardLoopWorker pid=4365) /work/verl-core/verl/workers/engine/__init__.py:50: UserWarning: automodel engine is not available: ModuleNotFoundError("No module named 'nemo_automodel'")
(RewardLoopWorker pid=4365)   warnings.warn(f"automodel engine is not available: {e!r}", stacklevel=1)
(RewardLoopWorker pid=4365) /work/verl-core/verl/workers/engine/__init__.py:60: UserWarning: mindspeed engine is not available: ModuleNotFoundError("No module named 'megatron'")
(RewardLoopWorker pid=4365)   warnings.warn(f"mindspeed engine is not available: {e!r}", stacklevel=1)
(RewardLoopWorker pid=4365) /work/verl-core/verl/workers/engine/__init__.py:69: UserWarning: megatron engine is not available: ModuleNotFoundError("No module named 'megatron'")
(RewardLoopWorker pid=4365)   warnings.warn(f"megatron engine is not available: {e!r}", stacklevel=1)
(vLLMOmniHttpServer pid=4423) ['serve',
(vLLMOmniHttpServer pid=4423)  '/work/models/qwen-image',
(vLLMOmniHttpServer pid=4423)  '--dtype',
(vLLMOmniHttpServer pid=4423)  'bfloat16',
(vLLMOmniHttpServer pid=4423)  '--load_format',
(vLLMOmniHttpServer pid=4423)  'safetensors',
(vLLMOmniHttpServer pid=4423)  '--distributed_executor_backend',
(vLLMOmniHttpServer pid=4423)  'mp',
(vLLMOmniHttpServer pid=4423)  '--worker_extension_cls',
(vLLMOmniHttpServer pid=4423)  'verl_omni.workers.rollout.vllm_rollout.utils.vLLMOmniColocateWorkerExtension',
(vLLMOmniHttpServer pid=4423)  '--max_num_seqs',
(vLLMOmniHttpServer pid=4423)  '1024',
(vLLMOmniHttpServer pid=4423)  '--enable_chunked_prefill',
(vLLMOmniHttpServer pid=4423)  '--max_num_batched_tokens',
(vLLMOmniHttpServer pid=4423)  '8192',
(vLLMOmniHttpServer pid=4423)  '--enable_prefix_caching',
(vLLMOmniHttpServer pid=4423)  '--enable_sleep_mode',
(vLLMOmniHttpServer pid=4423)  '--logprobs_mode',
(vLLMOmniHttpServer pid=4423)  'processed_logprobs',
(vLLMOmniHttpServer pid=4423)  '--enforce_eager',
(vLLMOmniHttpServer pid=4423)  '--gpu_memory_utilization',
(vLLMOmniHttpServer pid=4423)  '0.5',
(vLLMOmniHttpServer pid=4423)  '--disable_log_stats',
(vLLMOmniHttpServer pid=4423)  '--tensor_parallel_size',
(vLLMOmniHttpServer pid=4423)  '2',
(vLLMOmniHttpServer pid=4423)  '--seed',
(vLLMOmniHttpServer pid=4423)  '42',
(vLLMOmniHttpServer pid=4423)  '--override_generation_config',
(vLLMOmniHttpServer pid=4423)  '{}',
(vLLMOmniHttpServer pid=4423)  '--hf_overrides',
(vLLMOmniHttpServer pid=4423)  '{}',
(vLLMOmniHttpServer pid=4423)  '--scheduling_policy',
(vLLMOmniHttpServer pid=4423)  'fcfs',
(vLLMOmniHttpServer pid=4423)  '--compilation_config',
(vLLMOmniHttpServer pid=4423)  '{"cudagraph_mode": "FULL_AND_PIECEWISE"}',
(vLLMOmniHttpServer pid=4423)  '--enable_distributed_layerwise_offload',
(vLLMOmniHttpServer pid=4423)  '--enable_lora',
(vLLMOmniHttpServer pid=4423)  '--max_loras',
(vLLMOmniHttpServer pid=4423)  '1',
(vLLMOmniHttpServer pid=4423)  '--max_lora_rank',
(vLLMOmniHttpServer pid=4423)  '64']
(vLLMOmniHttpServer pid=4423) WARNING 09-14 02:39:23 [utils.py:434] No registered PipelineConfig resolved for model '/work/models/qwen-image'. Legacy `stage_args` YAMLs are no longer supported; register the pipeline and provide deployment overrides through `deploy_config`.
(vLLMOmniHttpServer pid=4423) (DiffusionWorker pid=4588) /work/verl-core/verl/workers/engine/__init__.py:32: UserWarning: torchtitan engine is not available: ModuleNotFoundError("No module named 'torchtitan'")
(vLLMOmniHttpServer pid=4423) (DiffusionWorker pid=4588)   warnings.warn(f"torchtitan engine is not available: {e!r}", stacklevel=1)
(vLLMOmniHttpServer pid=4423) (DiffusionWorker pid=4588) /work/verl-core/verl/workers/engine/__init__.py:41: UserWarning: veomni engine is not available: ModuleNotFoundError("No module named 'veomni'")
(vLLMOmniHttpServer pid=4423) (DiffusionWorker pid=4588)   warnings.warn(f"veomni engine is not available: {e!r}", stacklevel=1)
(vLLMOmniHttpServer pid=4423) (DiffusionWorker pid=4588) /work/verl-core/verl/workers/engine/__init__.py:50: UserWarning: automodel engine is not available: ModuleNotFoundError("No module named 'nemo_automodel'")
(vLLMOmniHttpServer pid=4423) (DiffusionWorker pid=4588)   warnings.warn(f"automodel engine is not available: {e!r}", stacklevel=1)
(vLLMOmniHttpServer pid=4423) (DiffusionWorker pid=4588) /work/verl-core/verl/workers/engine/__init__.py:60: UserWarning: mindspeed engine is not available: ModuleNotFoundError("No module named 'megatron'")
(vLLMOmniHttpServer pid=4423) (DiffusionWorker pid=4588)   warnings.warn(f"mindspeed engine is not available: {e!r}", stacklevel=1)
(vLLMOmniHttpServer pid=4423) (DiffusionWorker pid=4588) /work/verl-core/verl/workers/engine/__init__.py:69: UserWarning: megatron engine is not available: ModuleNotFoundError("No module named 'megatron'")
(vLLMOmniHttpServer pid=4423) (DiffusionWorker pid=4588)   warnings.warn(f"megatron engine is not available: {e!r}", stacklevel=1)
(pid=4423) /work/verl-core/verl/workers/engine/__init__.py:32: UserWarning: torchtitan engine is not available: ModuleNotFoundError("No module named 'torchtitan'")
(pid=4423)   warnings.warn(f"torchtitan engine is not available: {e!r}", stacklevel=1)
(pid=4423) /work/verl-core/verl/workers/engine/__init__.py:41: UserWarning: veomni engine is not available: ModuleNotFoundError("No module named 'veomni'")
(pid=4423)   warnings.warn(f"veomni engine is not available: {e!r}", stacklevel=1)
(pid=4423) /work/verl-core/verl/workers/engine/__init__.py:50: UserWarning: automodel engine is not available: ModuleNotFoundError("No module named 'nemo_automodel'")
(pid=4423)   warnings.warn(f"automodel engine is not available: {e!r}", stacklevel=1)
(pid=4423) /work/verl-core/verl/workers/engine/__init__.py:60: UserWarning: mindspeed engine is not available: ModuleNotFoundError("No module named 'megatron'")
(pid=4423)   warnings.warn(f"mindspeed engine is not available: {e!r}", stacklevel=1)
(pid=4423) /work/verl-core/verl/workers/engine/__init__.py:69: UserWarning: megatron engine is not available: ModuleNotFoundError("No module named 'megatron'")
(pid=4423)   warnings.warn(f"megatron engine is not available: {e!r}", stacklevel=1)
(vLLMOmniHttpServer pid=4423) (DiffusionWorker pid=4587) /work/verl-core/verl/workers/engine/__init__.py:32: UserWarning: torchtitan engine is not available: ModuleNotFoundError("No module named 'torchtitan'")
(vLLMOmniHttpServer pid=4423) (DiffusionWorker pid=4587)   warnings.warn(f"torchtitan engine is not available: {e!r}", stacklevel=1)
(vLLMOmniHttpServer pid=4423) (DiffusionWorker pid=4587) /work/verl-core/verl/workers/engine/__init__.py:41: UserWarning: veomni engine is not available: ModuleNotFoundError("No module named 'veomni'")
(vLLMOmniHttpServer pid=4423) (DiffusionWorker pid=4587)   warnings.warn(f"veomni engine is not available: {e!r}", stacklevel=1)
(vLLMOmniHttpServer pid=4423) (DiffusionWorker pid=4587) /work/verl-core/verl/workers/engine/__init__.py:50: UserWarning: automodel engine is not available: ModuleNotFoundError("No module named 'nemo_automodel'")
(vLLMOmniHttpServer pid=4423) (DiffusionWorker pid=4587)   warnings.warn(f"automodel engine is not available: {e!r}", stacklevel=1)
(vLLMOmniHttpServer pid=4423) (DiffusionWorker pid=4587) /work/verl-core/verl/workers/engine/__init__.py:60: UserWarning: mindspeed engine is not available: ModuleNotFoundError("No module named 'megatron'")
(vLLMOmniHttpServer pid=4423) (DiffusionWorker pid=4587)   warnings.warn(f"mindspeed engine is not available: {e!r}", stacklevel=1)
(vLLMOmniHttpServer pid=4423) (DiffusionWorker pid=4587) /work/verl-core/verl/workers/engine/__init__.py:69: UserWarning: megatron engine is not available: ModuleNotFoundError("No module named 'megatron'")
(vLLMOmniHttpServer pid=4423) (DiffusionWorker pid=4587)   warnings.warn(f"megatron engine is not available: {e!r}", stacklevel=1)
(vLLMOmniHttpServer pid=4423) (DiffusionWorker_TP0 pid=4587)
(vLLMOmniHttpServer pid=4423)
Loading weights:   0%|          | 0/729 [00:00<?, ?it/s]
(vLLMOmniHttpServer pid=4423) (DiffusionWorker_TP1 pid=4588)
Loading weights:  12%|█▏        | 87/729 [00:00<00:00, 791.96it/s]
Loading weights:   0%|          | 0/729 [00:00<?, ?it/s]
(vLLMOmniHttpServer pid=4423)
Loading weights:  14%|█▍        | 102/729 [00:00<00:00, 797.57it/s]
(vLLMOmniHttpServer pid=4423)
Loading weights:  23%|██▎       | 167/729 [00:00<00:03, 155.16it/s]
(vLLMOmniHttpServer pid=4423)
Loading weights:  25%|██▍       | 182/729 [00:00<00:03, 165.41it/s]
(vLLMOmniHttpServer pid=4423)
Loading weights:  28%|██▊       | 206/729 [00:01<00:03, 137.96it/s]
(vLLMOmniHttpServer pid=4423)
Loading weights:  30%|███       | 221/729 [00:01<00:03, 150.19it/s]
(vLLMOmniHttpServer pid=4423)
Loading weights:  32%|███▏      | 232/729 [00:01<00:03, 142.42it/s]
(vLLMOmniHttpServer pid=4423)
Loading weights:  34%|███▍      | 248/729 [00:01<00:03, 141.95it/s]
Loading weights:  35%|███▍      | 254/729 [00:01<00:03, 133.83it/s]
(vLLMOmniHttpServer pid=4423)
Loading weights:  37%|███▋      | 272/729 [00:01<00:03, 133.23it/s]
Loading weights:  37%|███▋      | 269/729 [00:01<00:03, 139.25it/s]
(vLLMOmniHttpServer pid=4423)
Loading weights:  39%|███▉      | 287/729 [00:01<00:03, 142.61it/s]
Loading weights:  40%|███▉      | 289/729 [00:01<00:03, 123.58it/s]
(vLLMOmniHttpServer pid=4423)
Loading weights:  42%|████▏     | 305/729 [00:01<00:03, 132.17it/s]
(vLLMOmniHttpServer pid=4423)
Loading weights:  42%|████▏     | 304/729 [00:02<00:03, 117.34it/s]
(vLLMOmniHttpServer pid=4423)
Loading weights:  43%|████▎     | 317/729 [00:02<00:03, 109.00it/s]
(vLLMOmniHttpServer pid=4423)
Loading weights:  44%|████▍     | 320/729 [00:02<00:03, 103.04it/s]
(vLLMOmniHttpServer pid=4423)
Loading weights:  45%|████▌     | 329/729 [00:02<00:04, 84.19it/s]
(vLLMOmniHttpServer pid=4423)
Loading weights:  46%|████▌     | 332/729 [00:02<00:04, 88.53it/s]
Loading weights:  48%|████▊     | 350/729 [00:02<00:03, 104.51it/s]
(vLLMOmniHttpServer pid=4423)
Loading weights:  48%|████▊     | 347/729 [00:02<00:04, 86.01it/s]
(vLLMOmniHttpServer pid=4423)
Loading weights:  50%|████▉     | 364/729 [00:02<00:03, 98.37it/s]
Loading weights:  52%|█████▏    | 376/729 [00:02<00:02, 120.69it/s]
(vLLMOmniHttpServer pid=4423)
Loading weights:  53%|█████▎    | 385/729 [00:02<00:03, 110.84it/s]
(vLLMOmniHttpServer pid=4423)
Loading weights:  54%|█████▍    | 392/729 [00:02<00:02, 118.47it/s]
(vLLMOmniHttpServer pid=4423)
Loading weights:  55%|█████▍    | 400/729 [00:03<00:02, 109.75it/s]
(vLLMOmniHttpServer pid=4423)
Loading weights:  56%|█████▌    | 407/729 [00:03<00:02, 113.16it/s]
Loading weights:  57%|█████▋    | 418/729 [00:03<00:02, 123.62it/s]
(vLLMOmniHttpServer pid=4423)
Loading weights:  60%|█████▉    | 434/729 [00:03<00:02, 135.73it/s]
(vLLMOmniHttpServer pid=4423)
Loading weights:  60%|██████    | 439/729 [00:03<00:02, 122.41it/s]
Loading weights:  63%|██████▎   | 456/729 [00:03<00:01, 150.06it/s]
(vLLMOmniHttpServer pid=4423)
Loading weights:  65%|██████▍   | 473/729 [00:03<00:01, 152.33it/s]
Loading weights:  64%|██████▍   | 466/729 [00:03<00:01, 145.16it/s]
(vLLMOmniHttpServer pid=4423)
Loading weights:  67%|██████▋   | 492/729 [00:03<00:01, 167.94it/s]
Loading weights:  67%|██████▋   | 490/729 [00:03<00:01, 146.46it/s]
(vLLMOmniHttpServer pid=4423)
Loading weights:  70%|██████▉   | 510/729 [00:03<00:01, 153.71it/s]
Loading weights:  69%|██████▉   | 506/729 [00:03<00:01, 132.05it/s]
(vLLMOmniHttpServer pid=4423)
Loading weights:  72%|███████▏  | 527/729 [00:03<00:01, 152.55it/s]
Loading weights:  72%|███████▏  | 528/729 [00:03<00:01, 152.85it/s]
(vLLMOmniHttpServer pid=4423)
Loading weights:  75%|███████▍  | 546/729 [00:04<00:01, 156.12it/s]
Loading weights:  75%|███████▍  | 545/729 [00:03<00:01, 156.21it/s]
(vLLMOmniHttpServer pid=4423)
Loading weights:  78%|███████▊  | 570/729 [00:04<00:00, 172.56it/s]
Loading weights:  78%|███████▊  | 569/729 [00:03<00:00, 173.94it/s]
(vLLMOmniHttpServer pid=4423)
Loading weights:  81%|████████  | 590/729 [00:04<00:00, 183.59it/s]
Loading weights:  81%|████████  | 590/729 [00:04<00:00, 159.41it/s]
(vLLMOmniHttpServer pid=4423)
Loading weights:  84%|████████▎ | 609/729 [00:04<00:00, 156.89it/s]
Loading weights:  84%|████████▍ | 614/729 [00:04<00:00, 157.15it/s]
(vLLMOmniHttpServer pid=4423)
Loading weights:  87%|████████▋ | 633/729 [00:04<00:00, 170.23it/s]
Loading weights:  88%|████████▊ | 641/729 [00:04<00:00, 183.29it/s]
(vLLMOmniHttpServer pid=4423)
Loading weights:  89%|████████▉ | 651/729 [00:04<00:00, 166.86it/s]
(vLLMOmniHttpServer pid=4423)
Loading weights:  91%|█████████ | 661/729 [00:04<00:00, 161.17it/s]
Loading weights:  92%|█████████▏| 669/729 [00:04<00:00, 164.10it/s]
(vLLMOmniHttpServer pid=4423)
Loading weights:  94%|█████████▎| 682/729 [00:04<00:00, 167.45it/s]
Loading weights:  94%|█████████▍| 686/729 [00:04<00:00, 160.18it/s]
(vLLMOmniHttpServer pid=4423)
Loading weights:  96%|█████████▋| 703/729 [00:04<00:00, 156.10it/s]
(vLLMOmniHttpServer pid=4423)
Loading weights:  96%|█████████▌| 700/729 [00:05<00:00, 131.88it/s]
Loading weights:  99%|█████████▊| 719/729 [00:04<00:00, 154.92it/s]
Loading weights: 100%|██████████| 729/729 [00:04<00:00, 147.89it/s]
(vLLMOmniHttpServer pid=4423)
Loading weights: 100%|██████████| 729/729 [00:05<00:00, 143.93it/s]
(vLLMOmniHttpServer pid=4423) (DiffusionWorker_TP0 pid=4587)
Multi-thread loading shards:   0% Completed | 0/9 [00:00<?, ?it/s]
(vLLMOmniHttpServer pid=4423) (DiffusionWorker_TP0 pid=4587)
Multi-thread loading shards:  11% Completed | 1/9 [00:01<00:14,  1.86s/it]
(vLLMOmniHttpServer pid=4423) (DiffusionWorker_TP0 pid=4587)
Multi-thread loading shards:  22% Completed | 2/9 [00:03<00:13,  1.92s/it]
(vLLMOmniHttpServer pid=4423) (DiffusionWorker_TP0 pid=4587)
Multi-thread loading shards:  33% Completed | 3/9 [00:05<00:11,  1.92s/it]
(vLLMOmniHttpServer pid=4423) (DiffusionWorker_TP0 pid=4587)
Multi-thread loading shards:  44% Completed | 4/9 [00:07<00:09,  1.91s/it]
(vLLMOmniHttpServer pid=4423) (DiffusionWorker_TP0 pid=4587)
Multi-thread loading shards:  56% Completed | 5/9 [00:09<00:07,  1.94s/it]
(vLLMOmniHttpServer pid=4423) (DiffusionWorker_TP0 pid=4587)
Multi-thread loading shards:  67% Completed | 6/9 [00:11<00:05,  1.91s/it]
(vLLMOmniHttpServer pid=4423) (DiffusionWorker_TP0 pid=4587)
Multi-thread loading shards:  78% Completed | 7/9 [00:13<00:03,  1.85s/it]
(vLLMOmniHttpServer pid=4423) (DiffusionWorker_TP0 pid=4587)
Multi-thread loading shards:  89% Completed | 8/9 [00:14<00:01,  1.80s/it]
(vLLMOmniHttpServer pid=4423) (DiffusionWorker_TP0 pid=4587)
Multi-thread loading shards: 100% Completed | 9/9 [00:15<00:00,  1.39s/it]
(vLLMOmniHttpServer pid=4423) (DiffusionWorker_TP0 pid=4587)
Multi-thread loading shards: 100% Completed | 9/9 [00:15<00:00,  1.71s/it]
(vLLMOmniHttpServer pid=4423) (DiffusionWorker_TP0 pid=4587)
(vLLMOmniHttpServer pid=4423) WARNING 09-14 02:41:34 [api_router.py:30] LoRA dynamic loading & unloading is enabled in the API server. This should ONLY be used for local development!
(DiffusionTaskRunnerV1 pid=2013) LLMServerManager: ['172.17.0.6:40721']
(vLLMOmniHttpServer pid=4423) NCCL version 2.30.7+cuda13.3
(GlobalRequestLoadBalancer pid=5108) /work/verl-core/verl/workers/engine/__init__.py:32: UserWarning: torchtitan engine is not available: ModuleNotFoundError("No module named 'torchtitan'")
(GlobalRequestLoadBalancer pid=5108)   warnings.warn(f"torchtitan engine is not available: {e!r}", stacklevel=1)
(GlobalRequestLoadBalancer pid=5108) /work/verl-core/verl/workers/engine/__init__.py:41: UserWarning: veomni engine is not available: ModuleNotFoundError("No module named 'veomni'")
(GlobalRequestLoadBalancer pid=5108)   warnings.warn(f"veomni engine is not available: {e!r}", stacklevel=1)
(GlobalRequestLoadBalancer pid=5108) /work/verl-core/verl/workers/engine/__init__.py:50: UserWarning: automodel engine is not available: ModuleNotFoundError("No module named 'nemo_automodel'")
(GlobalRequestLoadBalancer pid=5108)   warnings.warn(f"automodel engine is not available: {e!r}", stacklevel=1)
(GlobalRequestLoadBalancer pid=5108) /work/verl-core/verl/workers/engine/__init__.py:60: UserWarning: mindspeed engine is not available: ModuleNotFoundError("No module named 'megatron'")
(GlobalRequestLoadBalancer pid=5108)   warnings.warn(f"mindspeed engine is not available: {e!r}", stacklevel=1)
(GlobalRequestLoadBalancer pid=5108) /work/verl-core/verl/workers/engine/__init__.py:69: UserWarning: megatron engine is not available: ModuleNotFoundError("No module named 'megatron'")
(GlobalRequestLoadBalancer pid=5108)   warnings.warn(f"megatron engine is not available: {e!r}", stacklevel=1)
(WorkerDict pid=2434) INFO:2026-09-14 02:45:19,318:[Rank 0] Loaded model from /work/evidence/ocr-v1-100-11/checkpoints/global_step_23/actor/model_world_size_2_rank_0.pt
(WorkerDict pid=2434) INFO:2026-09-14 02:45:29,494:[Rank 0] Loaded optimizer from /work/evidence/ocr-v1-100-11/checkpoints/global_step_23/actor/optim_world_size_2_rank_0.pt
(WorkerDict pid=2435) INFO:2026-09-14 02:45:21,189:[Rank 1] Loaded model from /work/evidence/ocr-v1-100-11/checkpoints/global_step_23/actor/model_world_size_2_rank_1.pt
(WorkerDict pid=2434) INFO:2026-09-14 02:45:29,580:[Rank 0] Loaded rng from /work/evidence/ocr-v1-100-11/checkpoints/global_step_23/actor/extra_state_world_size_2_rank_0.pt
(WorkerDict pid=2434) INFO:2026-09-14 02:45:29,580:[Rank 0] Loaded lr_scheduler from /work/evidence/ocr-v1-100-11/checkpoints/global_step_23/actor/extra_state_world_size_2_rank_0.pt
(WorkerDict pid=2434) /work/verl-core/verl/plugin/platform/platform_cuda.py:99: FutureWarning: torch.cuda._set_allocator_settings is deprecated. Use torch._C._accelerator_setAllocatorSettings instead.
(WorkerDict pid=2434)   torch.cuda.memory._set_allocator_settings(settings)
(vLLMOmniHttpServer pid=4423) (DiffusionWorker_TP0 pid=4587) /usr/local/lib/python3.12/dist-packages/torch/distributed/c10d_logger.py:83: UserWarning: barrier(): using the device under current context. You can specify `device_id` in `init_process_group` to mute this warning.
(vLLMOmniHttpServer pid=4423) (DiffusionWorker_TP0 pid=4587)   return func(*args, **kwargs)
(WorkerDict pid=2435) INFO:2026-09-14 02:45:29,878:[Rank 1] Loaded optimizer from /work/evidence/ocr-v1-100-11/checkpoints/global_step_23/actor/optim_world_size_2_rank_1.pt
(WorkerDict pid=2435) INFO:2026-09-14 02:45:29,894:[Rank 1] Loaded rng from /work/evidence/ocr-v1-100-11/checkpoints/global_step_23/actor/extra_state_world_size_2_rank_1.pt
(WorkerDict pid=2435) INFO:2026-09-14 02:45:29,894:[Rank 1] Loaded lr_scheduler from /work/evidence/ocr-v1-100-11/checkpoints/global_step_23/actor/extra_state_world_size_2_rank_1.pt
(WorkerDict pid=2435) /work/verl-core/verl/plugin/platform/platform_cuda.py:99: FutureWarning: torch.cuda._set_allocator_settings is deprecated. Use torch._C._accelerator_setAllocatorSettings instead.
(WorkerDict pid=2435)   torch.cuda.memory._set_allocator_settings(settings)
(WorkerDict pid=2434) /work/verl-core/verl/plugin/platform/platform_cuda.py:99: FutureWarning: torch.cuda._set_allocator_settings is deprecated. Use torch._C._accelerator_setAllocatorSettings instead.
(WorkerDict pid=2434)   torch.cuda.memory._set_allocator_settings(settings)
(TransferQueueController pid=2198) 2026-09-14 02:45:48,621 - INFO - transfer_queue.utils.perf_utils - TQ_CONTROLLER_bdabb3eb: [Performance] Total success requests: 1, Total req/min: 0.08, Total avg process time: 0.0685s;
(TransferQueueController pid=2198) Time range: last 13.30 minutes;
(TransferQueueController pid=2198) Per-operation statistics: KV_RETRIEVE_META: req_count=1, req/min=0.08, avg_time=0.068508s, max_time=0.068508s, min_time=0.068508s
(pid=5894) /work/verl-core/verl/workers/engine/__init__.py:32: UserWarning: torchtitan engine is not available: ModuleNotFoundError("No module named 'torchtitan'")
(pid=5894)   warnings.warn(f"torchtitan engine is not available: {e!r}", stacklevel=1)
(pid=5894) /work/verl-core/verl/workers/engine/__init__.py:41: UserWarning: veomni engine is not available: ModuleNotFoundError("No module named 'veomni'")
(pid=5894)   warnings.warn(f"veomni engine is not available: {e!r}", stacklevel=1)
(pid=5894) /work/verl-core/verl/workers/engine/__init__.py:50: UserWarning: automodel engine is not available: ModuleNotFoundError("No module named 'nemo_automodel'")
(pid=5894)   warnings.warn(f"automodel engine is not available: {e!r}", stacklevel=1)
(pid=5894) /work/verl-core/verl/workers/engine/__init__.py:60: UserWarning: mindspeed engine is not available: ModuleNotFoundError("No module named 'megatron'")
(pid=5894)   warnings.warn(f"mindspeed engine is not available: {e!r}", stacklevel=1)
(pid=5894) /work/verl-core/verl/workers/engine/__init__.py:69: UserWarning: megatron engine is not available: ModuleNotFoundError("No module named 'megatron'")
(pid=5894)   warnings.warn(f"megatron engine is not available: {e!r}", stacklevel=1)
(DiffusionAgentLoopWorkerTQ pid=5894) Using dataset class: RLHFDataset
(DiffusionAgentLoopWorkerTQ pid=5894) Using blocking ray.get inside async actor. This blocks the event loop. Please use `await` on object ref with asyncio.gather if you want to yield execution to the event loop instead.
(DiffusionAgentLoopWorkerTQ pid=5894) WARNING:2026-09-14 02:46:27,172:No model-specific Continuous Token builder is registered for config.json model_type=None; falling back to default.
(DiffusionAgentLoopWorkerTQ pid=5894) WARNING:2026-09-14 02:46:27,181:No model-specific Continuous Token builder is registered for config.json model_type=None; falling back to default.
(DiffusionAgentLoopWorkerTQ pid=5894) WARNING:2026-09-14 02:46:27,188:No model-specific Continuous Token builder is registered for config.json model_type=None; falling back to default.
(DiffusionAgentLoopWorkerTQ pid=5894) WARNING:2026-09-14 02:46:27,192:No model-specific Continuous Token builder is registered for config.json model_type=None; falling back to default.
(DiffusionAgentLoopWorkerTQ pid=5894) WARNING:2026-09-14 02:46:27,195:No model-specific Continuous Token builder is registered for config.json model_type=None; falling back to default.
(DiffusionAgentLoopWorkerTQ pid=5894) WARNING:2026-09-14 02:46:27,198:No model-specific Continuous Token builder is registered for config.json model_type=None; falling back to default.
(DiffusionAgentLoopWorkerTQ pid=5894) WARNING:2026-09-14 02:46:27,202:No model-specific Continuous Token builder is registered for config.json model_type=None; falling back to default.
(DiffusionAgentLoopWorkerTQ pid=5894) WARNING:2026-09-14 02:46:27,206:No model-specific Continuous Token builder is registered for config.json model_type=None; falling back to default.
(DiffusionAgentLoopWorkerTQ pid=5894) WARNING:2026-09-14 02:46:27,209:No model-specific Continuous Token builder is registered for config.json model_type=None; falling back to default.
(DiffusionAgentLoopWorkerTQ pid=5894) WARNING:2026-09-14 02:46:27,212:No model-specific Continuous Token builder is registered for config.json model_type=None; falling back to default.
(DiffusionAgentLoopWorkerTQ pid=5894) WARNING:2026-09-14 02:46:27,216:No model-specific Continuous Token builder is registered for config.json model_type=None; falling back to default.
(DiffusionAgentLoopWorkerTQ pid=5894) WARNING:2026-09-14 02:46:27,219:No model-specific Continuous Token builder is registered for config.json model_type=None; falling back to default.
(DiffusionAgentLoopWorkerTQ pid=5894) WARNING:2026-09-14 02:46:27,222:No model-specific Continuous Token builder is registered for config.json model_type=None; falling back to default.
(DiffusionAgentLoopWorkerTQ pid=5894) WARNING:2026-09-14 02:46:27,225:No model-specific Continuous Token builder is registered for config.json model_type=None; falling back to default.
(DiffusionAgentLoopWorkerTQ pid=5894) WARNING:2026-09-14 02:46:27,228:No model-specific Continuous Token builder is registered for config.json model_type=None; falling back to default.
(DiffusionAgentLoopWorkerTQ pid=5894) WARNING:2026-09-14 02:46:27,232:No model-specific Continuous Token builder is registered for config.json model_type=None; falling back to default.
(DiffusionAgentLoopWorkerTQ pid=5894) WARNING:2026-09-14 02:46:27,235:No model-specific Continuous Token builder is registered for config.json model_type=None; falling back to default.
(DiffusionAgentLoopWorkerTQ pid=5894) WARNING:2026-09-14 02:46:27,238:No model-specific Continuous Token builder is registered for config.json model_type=None; falling back to default.
(DiffusionAgentLoopWorkerTQ pid=5894) WARNING:2026-09-14 02:46:27,241:No model-specific Continuous Token builder is registered for config.json model_type=None; falling back to default.
(DiffusionAgentLoopWorkerTQ pid=5894) WARNING:2026-09-14 02:46:27,244:No model-specific Continuous Token builder is registered for config.json model_type=None; falling back to default.
(DiffusionAgentLoopWorkerTQ pid=5894) WARNING:2026-09-14 02:46:27,247:No model-specific Continuous Token builder is registered for config.json model_type=None; falling back to default.
(DiffusionAgentLoopWorkerTQ pid=5894) WARNING:2026-09-14 02:46:27,250:No model-specific Continuous Token builder is registered for config.json model_type=None; falling back to default.
(DiffusionAgentLoopWorkerTQ pid=5894) WARNING:2026-09-14 02:46:27,254:No model-specific Continuous Token builder is registered for config.json model_type=None; falling back to default.
(DiffusionAgentLoopWorkerTQ pid=5894) WARNING:2026-09-14 02:46:27,256:No model-specific Continuous Token builder is registered for config.json model_type=None; falling back to default.
(DiffusionAgentLoopWorkerTQ pid=5894) WARNING:2026-09-14 02:46:27,260:No model-specific Continuous Token builder is registered for config.json model_type=None; falling back to default.
(DiffusionAgentLoopWorkerTQ pid=5894) WARNING:2026-09-14 02:46:27,263:No model-specific Continuous Token builder is registered for config.json model_type=None; falling back to default.
(DiffusionAgentLoopWorkerTQ pid=5894) WARNING:2026-09-14 02:46:27,266:No model-specific Continuous Token builder is registered for config.json model_type=None; falling back to default.
(DiffusionAgentLoopWorkerTQ pid=5894) WARNING:2026-09-14 02:46:27,269:No model-specific Continuous Token builder is registered for config.json model_type=None; falling back to default.
(DiffusionAgentLoopWorkerTQ pid=5894) WARNING:2026-09-14 02:46:27,271:No model-specific Continuous Token builder is registered for config.json model_type=None; falling back to default.
(DiffusionAgentLoopWorkerTQ pid=5894) WARNING:2026-09-14 02:46:27,275:No model-specific Continuous Token builder is registered for config.json model_type=None; falling back to default.
(DiffusionAgentLoopWorkerTQ pid=5894) WARNING:2026-09-14 02:46:27,278:No model-specific Continuous Token builder is registered for config.json model_type=None; falling back to default.
(DiffusionAgentLoopWorkerTQ pid=5894) WARNING:2026-09-14 02:46:27,280:No model-specific Continuous Token builder is registered for config.json model_type=None; falling back to default.
(SimpleStorageUnit pid=2270) 2026-09-14 02:47:30,723 - INFO - transfer_queue.utils.perf_utils - TQ_STORAGE_UNIT_14be62ca: [Performance] Total success requests: 1, Total req/min: 0.07, Total avg process time: 0.0174s;
(SimpleStorageUnit pid=2270) Time range: last 14.95 minutes;
(SimpleStorageUnit pid=2270) Per-operation statistics: PUT_DATA: req_count=1, req/min=0.07, avg_time=0.017443s, max_time=0.017443s, min_time=0.017443s
(TransferQueueController pid=2198) Per-operation statistics: SET_CUSTOM_META: req_count=41, req/min=8.17, avg_time=0.000026s, max_time=0.000097s, min_time=0.000012s; KV_RETRIEVE_META: req_count=40, req/min=7.97, avg_time=0.000408s, max_time=0.001669s, min_time=0.000110s; KV_LIST: req_count=132, req/min=26.31, avg_time=0.000100s, max_time=0.000173s, min_time=0.000044s; NOTIFY_DATA_UPDATE: req_count=4, req/min=0.80, avg_time=0.000604s, max_time=0.000953s, min_time=0.000444s
(TransferQueueController pid=2198) 2026-09-14 02:50:49,673 - INFO - transfer_queue.utils.perf_utils - TQ_CONTROLLER_bdabb3eb: [Performance] Total success requests: 217, Total req/min: 43.25, Total avg process time: 0.0002s;
(TransferQueueController pid=2198) Time range: last 5.02 minutes;
(SimpleStorageUnit pid=2270) 2026-09-14 02:52:57,296 - INFO - transfer_queue.utils.perf_utils - TQ_STORAGE_UNIT_14be62ca: [Performance] Total success requests: 6, Total req/min: 1.10, Total avg process time: 0.0139s;
(SimpleStorageUnit pid=2270) Time range: last 5.44 minutes;
(SimpleStorageUnit pid=2270) Per-operation statistics: PUT_DATA: req_count=6, req/min=1.10, avg_time=0.013910s, max_time=0.015793s, min_time=0.007200s
(TransferQueueController pid=2198) Per-operation statistics: KV_LIST: req_count=150, req/min=29.94, avg_time=0.000092s, max_time=0.000167s, min_time=0.000039s; KV_RETRIEVE_META: req_count=12, req/min=2.40, avg_time=0.000757s, max_time=0.001074s, min_time=0.000307s; NOTIFY_DATA_UPDATE: req_count=6, req/min=1.20, avg_time=0.000417s, max_time=0.000556s, min_time=0.000230s; SET_CUSTOM_META: req_count=12, req/min=2.40, avg_time=0.000051s, max_time=0.000071s, min_time=0.000021s
(TransferQueueController pid=2198) 2026-09-14 02:55:50,287 - INFO - transfer_queue.utils.perf_utils - TQ_CONTROLLER_bdabb3eb: [Performance] Total success requests: 180, Total req/min: 35.93, Total avg process time: 0.0001s;
(TransferQueueController pid=2198) Time range: last 5.01 minutes;
(SimpleStorageUnit pid=2270) 2026-09-14 02:58:23,068 - INFO - transfer_queue.utils.perf_utils - TQ_STORAGE_UNIT_14be62ca: [Performance] Total success requests: 6, Total req/min: 1.11, Total avg process time: 0.0099s;
(SimpleStorageUnit pid=2270) Time range: last 5.43 minutes;
(SimpleStorageUnit pid=2270) Per-operation statistics: PUT_DATA: req_count=6, req/min=1.11, avg_time=0.009900s, max_time=0.018917s, min_time=0.006141s
(TransferQueueController pid=2198) Per-operation statistics: KV_LIST: req_count=150, req/min=29.94, avg_time=0.000101s, max_time=0.000213s, min_time=0.000047s; KV_RETRIEVE_META: req_count=10, req/min=2.00, avg_time=0.000758s, max_time=0.001185s, min_time=0.000237s; NOTIFY_DATA_UPDATE: req_count=5, req/min=1.00, avg_time=0.000347s, max_time=0.000428s, min_time=0.000181s; SET_CUSTOM_META: req_count=10, req/min=2.00, avg_time=0.000053s, max_time=0.000084s, min_time=0.000018s
(TransferQueueController pid=2198) 2026-09-14 03:00:50,925 - INFO - transfer_queue.utils.perf_utils - TQ_CONTROLLER_bdabb3eb: [Performance] Total success requests: 175, Total req/min: 34.93, Total avg process time: 0.0001s;
(TransferQueueController pid=2198) Time range: last 5.01 minutes;
(SimpleStorageUnit pid=2270) 2026-09-14 03:03:50,049 - INFO - transfer_queue.utils.perf_utils - TQ_STORAGE_UNIT_14be62ca: [Performance] Total success requests: 6, Total req/min: 1.10, Total avg process time: 0.0154s;
(SimpleStorageUnit pid=2270) Time range: last 5.45 minutes;
(SimpleStorageUnit pid=2270) Per-operation statistics: PUT_DATA: req_count=6, req/min=1.10, avg_time=0.015406s, max_time=0.015829s, min_time=0.015158s
(TransferQueueController pid=2198) Per-operation statistics: KV_LIST: req_count=150, req/min=29.93, avg_time=0.000103s, max_time=0.000190s, min_time=0.000044s; KV_RETRIEVE_META: req_count=12, req/min=2.39, avg_time=0.000734s, max_time=0.001098s, min_time=0.000245s; NOTIFY_DATA_UPDATE: req_count=6, req/min=1.20, avg_time=0.000402s, max_time=0.000531s, min_time=0.000227s; SET_CUSTOM_META: req_count=12, req/min=2.39, avg_time=0.000050s, max_time=0.000069s, min_time=0.000017s
(TransferQueueController pid=2198) 2026-09-14 03:05:51,580 - INFO - transfer_queue.utils.perf_utils - TQ_CONTROLLER_bdabb3eb: [Performance] Total success requests: 180, Total req/min: 35.92, Total avg process time: 0.0002s;
(TransferQueueController pid=2198) Time range: last 5.01 minutes;
(SimpleStorageUnit pid=2270) 2026-09-14 03:09:17,156 - INFO - transfer_queue.utils.perf_utils - TQ_STORAGE_UNIT_14be62ca: [Performance] Total success requests: 6, Total req/min: 1.10, Total avg process time: 0.0157s;
(SimpleStorageUnit pid=2270) Time range: last 5.45 minutes;
(SimpleStorageUnit pid=2270) Per-operation statistics: PUT_DATA: req_count=6, req/min=1.10, avg_time=0.015697s, max_time=0.019833s, min_time=0.013626s
(TransferQueueController pid=2198) Per-operation statistics: KV_LIST: req_count=150, req/min=29.93, avg_time=0.000119s, max_time=0.000219s, min_time=0.000051s; KV_RETRIEVE_META: req_count=10, req/min=2.00, avg_time=0.000883s, max_time=0.001401s, min_time=0.000636s; NOTIFY_DATA_UPDATE: req_count=5, req/min=1.00, avg_time=0.000451s, max_time=0.000547s, min_time=0.000403s; SET_CUSTOM_META: req_count=10, req/min=2.00, avg_time=0.000057s, max_time=0.000074s, min_time=0.000052s
(TransferQueueController pid=2198) 2026-09-14 03:10:52,260 - INFO - transfer_queue.utils.perf_utils - TQ_CONTROLLER_bdabb3eb: [Performance] Total success requests: 175, Total req/min: 34.92, Total avg process time: 0.0002s;
(TransferQueueController pid=2198) Time range: last 5.01 minutes;
(SimpleStorageUnit pid=2270) 2026-09-14 03:14:44,990 - INFO - transfer_queue.utils.perf_utils - TQ_STORAGE_UNIT_14be62ca: [Performance] Total success requests: 6, Total req/min: 1.10, Total avg process time: 0.0137s;
(SimpleStorageUnit pid=2270) Time range: last 5.46 minutes;
(SimpleStorageUnit pid=2270) Per-operation statistics: PUT_DATA: req_count=6, req/min=1.10, avg_time=0.013707s, max_time=0.015211s, min_time=0.006385s
(vLLMHttpServer pid=3551) (Worker_TP0 pid=3793) WARNING 09-14 03:15:48 [jit_monitor.py:141] Triton kernel JIT compilation during inference: _topk_topp_kernel. This causes a latency spike; consider extending warmup to cover this shape/config.
(TransferQueueController pid=2198) Per-operation statistics: KV_LIST: req_count=144, req/min=23.27, avg_time=0.000120s, max_time=0.000204s, min_time=0.000041s; KV_RETRIEVE_META: req_count=15, req/min=2.42, avg_time=0.002900s, max_time=0.030262s, min_time=0.000267s; NOTIFY_DATA_UPDATE: req_count=6, req/min=0.97, avg_time=0.000435s, max_time=0.000644s, min_time=0.000211s; SET_CUSTOM_META: req_count=12, req/min=1.94, avg_time=0.000050s, max_time=0.000077s, min_time=0.000018s; CLEAR_META: req_count=1, req/min=0.16, avg_time=0.000642s, max_time=0.000642s, min_time=0.000642s
(TransferQueueController pid=2198) 2026-09-14 03:17:03,559 - INFO - transfer_queue.utils.perf_utils - TQ_CONTROLLER_bdabb3eb: [Performance] Total success requests: 178, Total req/min: 28.76, Total avg process time: 0.0004s;
(TransferQueueController pid=2198) Time range: last 6.19 minutes;
(DiffusionTaskRunnerV1 pid=2013)
Diffusion Training:  23%|██▎       | 23/100 [00:00<?, ?it/s]
(DiffusionTaskRunnerV1 pid=2013) ("Initial validation metrics: {'val-core/flow_grpo/ocr/reward/mean@1': "
(DiffusionTaskRunnerV1 pid=2013)  "np.float64(0.4986821790225804), 'val-aux/num_turns/min': 2, "
(DiffusionTaskRunnerV1 pid=2013)  "'val-aux/num_turns/max': 2, 'val-aux/num_turns/mean': np.float64(2.0)}")
(DiffusionTaskRunnerV1 pid=2013) step:23 - val-core/flow_grpo/ocr/reward/mean@1:np.float64(0.4986821790225804) - val-aux/num_turns/min:2 - val-aux/num_turns/max:2 - val-aux/num_turns/mean:np.float64(2.0)
(DiffusionTaskRunnerV1 pid=2013) Dumped diffusion generations to /work/evidence/ocr-v1-100-12/validation/23.jsonl
(SimpleStorageUnit pid=2270) 2026-09-14 03:19:48,635 - INFO - transfer_queue.utils.perf_utils - TQ_STORAGE_UNIT_14be62ca: [Performance] Total success requests: 16, Total req/min: 3.16, Total avg process time: 0.0148s;
(SimpleStorageUnit pid=2270) Time range: last 5.06 minutes;
(SimpleStorageUnit pid=2270) Per-operation statistics: PUT_DATA: req_count=13, req/min=2.57, avg_time=0.015356s, max_time=0.017292s, min_time=0.014988s; CLEAR_DATA: req_count=2, req/min=0.40, avg_time=0.011046s, max_time=0.015118s, min_time=0.006974s; GET_DATA: req_count=1, req/min=0.20, avg_time=0.015211s, max_time=0.015211s, min_time=0.015211s
(DiffusionTaskRunnerV1 pid=2013) W0914 03:22:01.740000 2013 torch/fx/_symbolic_trace.py:56] is_fx_tracing will return true for both fx.symbolic_trace and torch.export. Please use is_fx_tracing_symbolic_tracing() for specifically fx.symbolic_trace or torch.compiler.is_compiling() for specifically torch.export/compile.
(WorkerDict pid=2434) /usr/local/lib/python3.12/dist-packages/torch/distributed/fsdp/_fully_shard/_fsdp_state.py:331: UserWarning: FSDP2-wrapped module (FSDPQwenImageTransformer2DModel) returned a view tensor. An in-place op on this view (e.g., `x += y`) will silently drop the pre-backward hook and skip the all-gather, which can cause backward to fail or produce wrong gradients. Use out-of-place ops (`out = out + y`, not `out += y`) or `.clone()` the output before any in-place op.
(WorkerDict pid=2434)   output = self._register_pre_backward_hook(output)
(WorkerDict pid=2434) [rank0]:W0914 03:22:04.091000 2434 torch/fx/_symbolic_trace.py:56] is_fx_tracing will return true for both fx.symbolic_trace and torch.export. Please use is_fx_tracing_symbolic_tracing() for specifically fx.symbolic_trace or torch.compiler.is_compiling() for specifically torch.export/compile. [repeated 2x across cluster] (Ray deduplicates logs by default. Set RAY_DEDUP_LOGS=0 to disable log deduplication, or see https://docs.ray.io/en/master/ray-observability/user-guides/configure-logging.html#log-deduplication for more options.)
(WorkerDict pid=2435) INFO:2026-09-14 03:38:03,598:[Rank 1] Saved model to /work/evidence/ocr-v1-100-12/checkpoints/global_step_24/actor/model_world_size_2_rank_1.pt
(WorkerDict pid=2435) /usr/local/lib/python3.12/dist-packages/torch/distributed/fsdp/_fully_shard/_fsdp_state.py:331: UserWarning: FSDP2-wrapped module (FSDPQwenImageTransformer2DModel) returned a view tensor. An in-place op on this view (e.g., `x += y`) will silently drop the pre-backward hook and skip the all-gather, which can cause backward to fail or produce wrong gradients. Use out-of-place ops (`out = out + y`, not `out += y`) or `.clone()` the output before any in-place op.
(WorkerDict pid=2435)   output = self._register_pre_backward_hook(output)
(WorkerDict pid=2435) INFO:2026-09-14 03:38:13,029:[Rank 1] Saved optim to /work/evidence/ocr-v1-100-12/checkpoints/global_step_24/actor/optim_world_size_2_rank_1.pt
(WorkerDict pid=2435) INFO:2026-09-14 03:38:13,035:[Rank 1] Saved extra_state to /work/evidence/ocr-v1-100-12/checkpoints/global_step_24/actor/extra_state_world_size_2_rank_1.pt
(WorkerDict pid=2434) /work/verl-core/verl/plugin/platform/platform_cuda.py:99: FutureWarning: torch.cuda._set_allocator_settings is deprecated. Use torch._C._accelerator_setAllocatorSettings instead.
(WorkerDict pid=2434)   torch.cuda.memory._set_allocator_settings(settings)
(TransferQueueController pid=2198) 2026-09-14 03:39:52,136 - INFO - transfer_queue.utils.perf_utils - TQ_CONTROLLER_bdabb3eb: [Performance] Total success requests: 185, Total req/min: 8.11, Total avg process time: 0.0002s;
(TransferQueueController pid=2198) Time range: last 22.81 minutes;
(TransferQueueController pid=2198) Per-operation statistics: CLEAR_META: req_count=2, req/min=0.09, avg_time=0.000411s, max_time=0.000554s, min_time=0.000268s; KV_RETRIEVE_META: req_count=29, req/min=1.27, avg_time=0.000878s, max_time=0.002720s, min_time=0.000239s; SET_CUSTOM_META: req_count=26, req/min=1.14, avg_time=0.000048s, max_time=0.000078s, min_time=0.000020s; KV_LIST: req_count=111, req/min=4.87, avg_time=0.000082s, max_time=0.000150s, min_time=0.000036s; NOTIFY_DATA_UPDATE: req_count=17, req/min=0.75, avg_time=0.000402s, max_time=0.000584s, min_time=0.000211s
(WorkerDict pid=2435) /work/verl-core/verl/plugin/platform/platform_cuda.py:99: FutureWarning: torch.cuda._set_allocator_settings is deprecated. Use torch._C._accelerator_setAllocatorSettings instead.
(WorkerDict pid=2435)   torch.cuda.memory._set_allocator_settings(settings)
(SimpleStorageUnit pid=2270) Per-operation statistics: PUT_DATA: req_count=5, req/min=0.25, avg_time=0.014824s, max_time=0.015261s, min_time=0.013381s; CLEAR_DATA: req_count=1, req/min=0.05, avg_time=0.015002s, max_time=0.015002s, min_time=0.015002s; GET_DATA: req_count=2, req/min=0.10, avg_time=0.014832s, max_time=0.014951s, min_time=0.014713s
(DiffusionTaskRunnerV1 pid=2013)
Diffusion Training:  24%|██▍       | 24/100 [22:48<28:53:46, 1368.77s/it]
(DiffusionTaskRunnerV1 pid=2013) step:24 - actor/policy_loss:10.284069602191448 - actor/positive_loss:0.2056447542621754 - actor/negative_loss:0.20572184849297626 - actor/ref_kl_loss:0.00292813777923584 - actor/old_deviate:0.00011758357286453247 - actor/reward_prob_mean:0.5000000018626451 - actor/total_loss:10.28406979367137 - actor/loss:10.284069538116455 - actor/grad_norm:0.02178955078125 - actor/lr:0.0003 - perf/mfu/actor:0.039050214673460315 - old_policy/update_applied:1.0 - old_policy/copy_update:1.0 - old_policy/ema_update:0.0 - old_policy/decay:0.0 - training/global_step:24 - training/epoch:0 - critic/rewards/mean:0.5829680562019348 - critic/rewards/max:1.0 - critic/rewards/min:0.0 - critic/rewards/zero_std_ratio:0.0 - critic/rewards/std_mean:0.2639799416065216 - critic/rewards/group_size:4.0 - timing_s/feed:0.33619287295732647 - timing_s/gen:221.92316996701993 - timing_s/reward:75.4434465279337 - timing_s/prepare_actor_batch:0.055733407963998616 - timing_s/update_actor:805.3812423880445 - timing_s/save_checkpoint:257.6818692709785 - timing_s/update_weights:7.380158934975043 - timing_s/step:1368.4176529089455 - timing_per_image_ms/gen:13870.198122938746 - timing_per_image_ms/update_actor:50336.32764925278 - perf/total_num_images:16 - perf/time_per_step:1368.4176529089455 - perf/throughput:0.0058461683704487555 - training/off_policy/trajectory_spans/mean:np.float64(1.0) - training/off_policy/trajectory_spans/max:np.int64(1) - training/off_policy/trajectory_spans/min:np.int64(1) - training/off_policy/trajectory_staleness/mean:np.float64(-1.0) - training/off_policy/trajectory_staleness/max:np.int64(-1) - training/off_policy/trajectory_staleness/min:np.int64(-1) - training/off_policy/trajectory_staleness_worst/mean:np.float64(-1.0) - training/off_policy/trajectory_staleness_worst/max:np.int64(-1) - training/off_policy/trajectory_staleness_worst/min:np.int64(-1)
(DiffusionTaskRunnerV1 pid=2013) Dumped diffusion generations to /work/evidence/ocr-v1-100-12/rollouts/24.jsonl
(WorkerDict pid=2434) /usr/local/lib/python3.12/dist-packages/torch/distributed/fsdp/_fully_shard/_fsdp_state.py:331: UserWarning: FSDP2-wrapped module (FSDPQwenImageTransformer2DModel) returned a view tensor. An in-place op on this view (e.g., `x += y`) will silently drop the pre-backward hook and skip the all-gather, which can cause backward to fail or produce wrong gradients. Use out-of-place ops (`out = out + y`, not `out += y`) or `.clone()` the output before any in-place op.
(WorkerDict pid=2434)   output = self._register_pre_backward_hook(output)
(SimpleStorageUnit pid=2270) 2026-09-14 03:39:52,175 - INFO - transfer_queue.utils.perf_utils - TQ_STORAGE_UNIT_14be62ca: [Performance] Total success requests: 8, Total req/min: 0.40, Total avg process time: 0.0148s;
(SimpleStorageUnit pid=2270) Time range: last 20.06 minutes;
(WorkerDict pid=2435) INFO:2026-09-14 04:00:26,544:[Rank 1] Saved model to /work/evidence/ocr-v1-100-12/checkpoints/global_step_25/actor/model_world_size_2_rank_1.pt
(WorkerDict pid=2435) /usr/local/lib/python3.12/dist-packages/torch/distributed/fsdp/_fully_shard/_fsdp_state.py:331: UserWarning: FSDP2-wrapped module (FSDPQwenImageTransformer2DModel) returned a view tensor. An in-place op on this view (e.g., `x += y`) will silently drop the pre-backward hook and skip the all-gather, which can cause backward to fail or produce wrong gradients. Use out-of-place ops (`out = out + y`, not `out += y`) or `.clone()` the output before any in-place op.
(WorkerDict pid=2435)   output = self._register_pre_backward_hook(output)
(WorkerDict pid=2435) INFO:2026-09-14 04:00:34,060:[Rank 1] Saved optim to /work/evidence/ocr-v1-100-12/checkpoints/global_step_25/actor/optim_world_size_2_rank_1.pt
(WorkerDict pid=2435) INFO:2026-09-14 04:00:34,066:[Rank 1] Saved extra_state to /work/evidence/ocr-v1-100-12/checkpoints/global_step_25/actor/extra_state_world_size_2_rank_1.pt
(WorkerDict pid=2434) /work/verl-core/verl/plugin/platform/platform_cuda.py:99: FutureWarning: torch.cuda._set_allocator_settings is deprecated. Use torch._C._accelerator_setAllocatorSettings instead.
(WorkerDict pid=2434)   torch.cuda.memory._set_allocator_settings(settings)
(TransferQueueController pid=2198) 2026-09-14 04:02:20,074 - INFO - transfer_queue.utils.perf_utils - TQ_CONTROLLER_bdabb3eb: [Performance] Total success requests: 187, Total req/min: 8.32, Total avg process time: 0.0003s;
(TransferQueueController pid=2198) Time range: last 22.47 minutes;
(TransferQueueController pid=2198) Per-operation statistics: KV_RETRIEVE_META: req_count=31, req/min=1.38, avg_time=0.001108s, max_time=0.002908s, min_time=0.000459s; CLEAR_META: req_count=2, req/min=0.09, avg_time=0.000338s, max_time=0.000389s, min_time=0.000288s; SET_CUSTOM_META: req_count=26, req/min=1.16, avg_time=0.000056s, max_time=0.000090s, min_time=0.000026s; KV_LIST: req_count=111, req/min=4.94, avg_time=0.000093s, max_time=0.000168s, min_time=0.000037s; NOTIFY_DATA_UPDATE: req_count=17, req/min=0.76, avg_time=0.000446s, max_time=0.000633s, min_time=0.000210s
(WorkerDict pid=2435) /work/verl-core/verl/plugin/platform/platform_cuda.py:99: FutureWarning: torch.cuda._set_allocator_settings is deprecated. Use torch._C._accelerator_setAllocatorSettings instead.
(WorkerDict pid=2435)   torch.cuda.memory._set_allocator_settings(settings)
(SimpleStorageUnit pid=2270) Per-operation statistics: GET_DATA: req_count=3, req/min=0.13, avg_time=0.014958s, max_time=0.015014s, min_time=0.014855s; CLEAR_DATA: req_count=2, req/min=0.09, avg_time=0.015312s, max_time=0.015648s, min_time=0.014976s; PUT_DATA: req_count=17, req/min=0.76, avg_time=0.015848s, max_time=0.024008s, min_time=0.015068s
(DiffusionTaskRunnerV1 pid=2013)
Diffusion Training:  25%|██▌       | 25/100 [45:16<28:15:38, 1356.51s/it]
(DiffusionTaskRunnerV1 pid=2013) step:25 - actor/policy_loss:10.717531319707632 - actor/positive_loss:0.21436800487572327 - actor/negative_loss:0.21433571187080816 - actor/ref_kl_loss:0.005138802528381347 - actor/old_deviate:5.992129445075989e-05 - actor/reward_prob_mean:0.49999999813735485 - actor/total_loss:10.717531725764275 - actor/loss:10.717531681060791 - actor/grad_norm:0.0250244140625 - actor/lr:0.0003 - perf/mfu/actor:0.0413547051852865 - old_policy/update_applied:0.0 - old_policy/copy_update:0.0 - old_policy/ema_update:0.0 - old_policy/decay:0.0 - training/global_step:25 - training/epoch:0 - critic/rewards/mean:0.5659340620040894 - critic/rewards/max:1.0 - critic/rewards/min:0.0 - critic/rewards/zero_std_ratio:0.0 - critic/rewards/std_mean:0.33439603447914124 - critic/rewards/group_size:4.0 - timing_s/feed:0.05805417301598936 - timing_s/gen:221.82126088207588 - timing_s/reward:77.50712037808262 - timing_s/prepare_actor_batch:0.04197366605512798 - timing_s/update_actor:756.1883125029271 - timing_s/save_checkpoint:282.58813777193427 - timing_s/update_weights:9.20819826994557 - timing_s/step:1347.5820772469742 - timing_per_image_ms/gen:13863.828805129742 - timing_per_image_ms/update_actor:47261.76953143295 - perf/total_num_images:16 - perf/time_per_step:1347.5820772469742 - perf/throughput:0.005936558622346402 - training/off_policy/trajectory_spans/mean:np.float64(1.0) - training/off_policy/trajectory_spans/max:np.int64(1) - training/off_policy/trajectory_spans/min:np.int64(1) - training/off_policy/trajectory_staleness/mean:np.float64(-1.0) - training/off_policy/trajectory_staleness/max:np.int64(-1) - training/off_policy/trajectory_staleness/min:np.int64(-1) - training/off_policy/trajectory_staleness_worst/mean:np.float64(-1.0) - training/off_policy/trajectory_staleness_worst/max:np.int64(-1) - training/off_policy/trajectory_staleness_worst/min:np.int64(-1)
(DiffusionTaskRunnerV1 pid=2013) Dumped diffusion generations to /work/evidence/ocr-v1-100-12/rollouts/25.jsonl
(WorkerDict pid=2434) /usr/local/lib/python3.12/dist-packages/torch/distributed/fsdp/_fully_shard/_fsdp_state.py:331: UserWarning: FSDP2-wrapped module (FSDPQwenImageTransformer2DModel) returned a view tensor. An in-place op on this view (e.g., `x += y`) will silently drop the pre-backward hook and skip the all-gather, which can cause backward to fail or produce wrong gradients. Use out-of-place ops (`out = out + y`, not `out += y`) or `.clone()` the output before any in-place op.
(WorkerDict pid=2434)   output = self._register_pre_backward_hook(output)
(SimpleStorageUnit pid=2270) 2026-09-14 04:02:20,128 - INFO - transfer_queue.utils.perf_utils - TQ_STORAGE_UNIT_14be62ca: [Performance] Total success requests: 22, Total req/min: 0.98, Total avg process time: 0.0157s;
(SimpleStorageUnit pid=2270) Time range: last 22.47 minutes;
(WorkerDict pid=2435) INFO:2026-09-14 04:22:50,755:[Rank 1] Saved model to /work/evidence/ocr-v1-100-12/checkpoints/global_step_26/actor/model_world_size_2_rank_1.pt
(WorkerDict pid=2435) /usr/local/lib/python3.12/dist-packages/torch/distributed/fsdp/_fully_shard/_fsdp_state.py:331: UserWarning: FSDP2-wrapped module (FSDPQwenImageTransformer2DModel) returned a view tensor. An in-place op on this view (e.g., `x += y`) will silently drop the pre-backward hook and skip the all-gather, which can cause backward to fail or produce wrong gradients. Use out-of-place ops (`out = out + y`, not `out += y`) or `.clone()` the output before any in-place op.
(WorkerDict pid=2435)   output = self._register_pre_backward_hook(output)
(WorkerDict pid=2435) INFO:2026-09-14 04:22:57,700:[Rank 1] Saved optim to /work/evidence/ocr-v1-100-12/checkpoints/global_step_26/actor/optim_world_size_2_rank_1.pt
(WorkerDict pid=2435) INFO:2026-09-14 04:22:57,781:[Rank 1] Saved extra_state to /work/evidence/ocr-v1-100-12/checkpoints/global_step_26/actor/extra_state_world_size_2_rank_1.pt
(WorkerDict pid=2434) /work/verl-core/verl/plugin/platform/platform_cuda.py:99: FutureWarning: torch.cuda._set_allocator_settings is deprecated. Use torch._C._accelerator_setAllocatorSettings instead.
(WorkerDict pid=2434)   torch.cuda.memory._set_allocator_settings(settings)
(TransferQueueController pid=2198) 2026-09-14 04:25:08,043 - INFO - transfer_queue.utils.perf_utils - TQ_CONTROLLER_bdabb3eb: [Performance] Total success requests: 187, Total req/min: 8.20, Total avg process time: 0.0003s;
(TransferQueueController pid=2198) Time range: last 22.80 minutes;
(TransferQueueController pid=2198) Per-operation statistics: KV_RETRIEVE_META: req_count=31, req/min=1.36, avg_time=0.001058s, max_time=0.002755s, min_time=0.000471s; CLEAR_META: req_count=2, req/min=0.09, avg_time=0.000343s, max_time=0.000396s, min_time=0.000291s; SET_CUSTOM_META: req_count=26, req/min=1.14, avg_time=0.000053s, max_time=0.000067s, min_time=0.000020s; KV_LIST: req_count=111, req/min=4.87, avg_time=0.000088s, max_time=0.000151s, min_time=0.000034s; NOTIFY_DATA_UPDATE: req_count=17, req/min=0.75, avg_time=0.000411s, max_time=0.000464s, min_time=0.000196s
(WorkerDict pid=2435) /work/verl-core/verl/plugin/platform/platform_cuda.py:99: FutureWarning: torch.cuda._set_allocator_settings is deprecated. Use torch._C._accelerator_setAllocatorSettings instead.
(WorkerDict pid=2435)   torch.cuda.memory._set_allocator_settings(settings)
(SimpleStorageUnit pid=2270) Per-operation statistics: GET_DATA: req_count=3, req/min=0.13, avg_time=0.015367s, max_time=0.016690s, min_time=0.014634s; CLEAR_DATA: req_count=2, req/min=0.09, avg_time=0.015197s, max_time=0.015621s, min_time=0.014773s; PUT_DATA: req_count=17, req/min=0.75, avg_time=0.014415s, max_time=0.016292s, min_time=0.005640s
(DiffusionTaskRunnerV1 pid=2013)
Diffusion Training:  26%|██▌       | 26/100 [1:08:04<27:59:31, 1361.78s/it]
(DiffusionTaskRunnerV1 pid=2013) step:26 - actor/policy_loss:10.40527614504099 - actor/positive_loss:0.20815100211184473 - actor/negative_loss:0.2080589471734129 - actor/ref_kl_loss:0.004234158992767334 - actor/old_deviate:0.0002732709050178528 - actor/reward_prob_mean:0.49999999441206455 - actor/total_loss:10.405276479572057 - actor/loss:10.405276775360107 - actor/grad_norm:0.02935791015625 - actor/lr:0.0003 - perf/mfu/actor:0.04100250671670329 - old_policy/update_applied:1.0 - old_policy/copy_update:1.0 - old_policy/ema_update:0.0 - old_policy/decay:0.0 - training/global_step:26 - training/epoch:0 - critic/rewards/mean:0.45806625485420227 - critic/rewards/max:1.0 - critic/rewards/min:0.0 - critic/rewards/zero_std_ratio:0.0 - critic/rewards/std_mean:0.3017224073410034 - critic/rewards/group_size:4.0 - timing_s/feed:0.048671939061023295 - timing_s/gen:221.85997784300707 - timing_s/reward:73.67321653210092 - timing_s/prepare_actor_batch:0.04712489410303533 - timing_s/update_actor:759.4947838539956 - timing_s/save_checkpoint:304.90278244705405 - timing_s/update_weights:7.427137613063678 - timing_s/step:1367.6047828600276 - timing_per_image_ms/gen:13866.248615187942 - timing_per_image_ms/update_actor:47468.423990874726 - perf/total_num_images:16 - perf/time_per_step:1367.6047828600276 - perf/throughput:0.005849643186586303 - training/off_policy/trajectory_spans/mean:np.float64(1.0) - training/off_policy/trajectory_spans/max:np.int64(1) - training/off_policy/trajectory_spans/min:np.int64(1) - training/off_policy/trajectory_staleness/mean:np.float64(-1.0) - training/off_policy/trajectory_staleness/max:np.int64(-1) - training/off_policy/trajectory_staleness/min:np.int64(-1) - training/off_policy/trajectory_staleness_worst/mean:np.float64(-1.0) - training/off_policy/trajectory_staleness_worst/max:np.int64(-1) - training/off_policy/trajectory_staleness_worst/min:np.int64(-1)
(DiffusionTaskRunnerV1 pid=2013) Dumped diffusion generations to /work/evidence/ocr-v1-100-12/rollouts/26.jsonl
(WorkerDict pid=2434) /usr/local/lib/python3.12/dist-packages/torch/distributed/fsdp/_fully_shard/_fsdp_state.py:331: UserWarning: FSDP2-wrapped module (FSDPQwenImageTransformer2DModel) returned a view tensor. An in-place op on this view (e.g., `x += y`) will silently drop the pre-backward hook and skip the all-gather, which can cause backward to fail or produce wrong gradients. Use out-of-place ops (`out = out + y`, not `out += y`) or `.clone()` the output before any in-place op.
(WorkerDict pid=2434)   output = self._register_pre_backward_hook(output)
(SimpleStorageUnit pid=2270) 2026-09-14 04:25:08,078 - INFO - transfer_queue.utils.perf_utils - TQ_STORAGE_UNIT_14be62ca: [Performance] Total success requests: 22, Total req/min: 0.96, Total avg process time: 0.0146s;
(SimpleStorageUnit pid=2270) Time range: last 22.80 minutes;
(WorkerDict pid=2435) INFO:2026-09-14 04:45:27,950:[Rank 1] Saved model to /work/evidence/ocr-v1-100-12/checkpoints/global_step_27/actor/model_world_size_2_rank_1.pt
(WorkerDict pid=2435) /usr/local/lib/python3.12/dist-packages/torch/distributed/fsdp/_fully_shard/_fsdp_state.py:331: UserWarning: FSDP2-wrapped module (FSDPQwenImageTransformer2DModel) returned a view tensor. An in-place op on this view (e.g., `x += y`) will silently drop the pre-backward hook and skip the all-gather, which can cause backward to fail or produce wrong gradients. Use out-of-place ops (`out = out + y`, not `out += y`) or `.clone()` the output before any in-place op.
(WorkerDict pid=2435)   output = self._register_pre_backward_hook(output)
(WorkerDict pid=2435) INFO:2026-09-14 04:45:38,994:[Rank 1] Saved optim to /work/evidence/ocr-v1-100-12/checkpoints/global_step_27/actor/optim_world_size_2_rank_1.pt
(WorkerDict pid=2435) INFO:2026-09-14 04:45:39,000:[Rank 1] Saved extra_state to /work/evidence/ocr-v1-100-12/checkpoints/global_step_27/actor/extra_state_world_size_2_rank_1.pt
(WorkerDict pid=2434) /work/verl-core/verl/plugin/platform/platform_cuda.py:99: FutureWarning: torch.cuda._set_allocator_settings is deprecated. Use torch._C._accelerator_setAllocatorSettings instead.
(WorkerDict pid=2434)   torch.cuda.memory._set_allocator_settings(settings)
(TransferQueueController pid=2198) 2026-09-14 04:47:23,560 - INFO - transfer_queue.utils.perf_utils - TQ_CONTROLLER_bdabb3eb: [Performance] Total success requests: 187, Total req/min: 8.40, Total avg process time: 0.0003s;
(TransferQueueController pid=2198) Time range: last 22.26 minutes;
(TransferQueueController pid=2198) Per-operation statistics: KV_RETRIEVE_META: req_count=31, req/min=1.39, avg_time=0.000963s, max_time=0.002692s, min_time=0.000239s; CLEAR_META: req_count=2, req/min=0.09, avg_time=0.000345s, max_time=0.000399s, min_time=0.000291s; SET_CUSTOM_META: req_count=26, req/min=1.17, avg_time=0.000046s, max_time=0.000068s, min_time=0.000017s; KV_LIST: req_count=111, req/min=4.99, avg_time=0.000086s, max_time=0.000157s, min_time=0.000040s; NOTIFY_DATA_UPDATE: req_count=17, req/min=0.76, avg_time=0.000364s, max_time=0.000502s, min_time=0.000175s
(WorkerDict pid=2435) /work/verl-core/verl/plugin/platform/platform_cuda.py:99: FutureWarning: torch.cuda._set_allocator_settings is deprecated. Use torch._C._accelerator_setAllocatorSettings instead.
(WorkerDict pid=2435)   torch.cuda.memory._set_allocator_settings(settings)
(SimpleStorageUnit pid=2270) Per-operation statistics: GET_DATA: req_count=3, req/min=0.13, avg_time=0.015340s, max_time=0.015773s, min_time=0.015034s; CLEAR_DATA: req_count=2, req/min=0.09, avg_time=0.015264s, max_time=0.015570s, min_time=0.014959s; PUT_DATA: req_count=17, req/min=0.76, avg_time=0.014207s, max_time=0.017088s, min_time=0.005316s
(DiffusionTaskRunnerV1 pid=2013) step:27 - actor/policy_loss:10.716032354533672 - actor/positive_loss:0.21431124741211532 - actor/negative_loss:0.21432887084083632 - actor/ref_kl_loss:0.0035816192626953124 - actor/old_deviate:4.895329475402832e-05 - actor/reward_prob_mean:0.5 - actor/total_loss:10.71603261679411 - actor/loss:10.7160325050354 - actor/grad_norm:0.0238037109375 - actor/lr:0.0003 - perf/mfu/actor:0.04145125161518254 - old_policy/update_applied:0.0 - old_policy/copy_update:0.0 - old_policy/ema_update:0.0 - old_policy/decay:0.0 - training/global_step:27 - training/epoch:0 - critic/rewards/mean:0.4525066614151001 - critic/rewards/max:1.0 - critic/rewards/min:0.0 - critic/rewards/zero_std_ratio:0.0 - critic/rewards/std_mean:0.19342274963855743 - critic/rewards/group_size:4.0 - timing_s/feed:0.0798379589105025 - timing_s/gen:221.81934941606596 - timing_s/reward:74.74699381703977 - timing_s/prepare_actor_batch:0.041991446050815284 - timing_s/update_actor:756.4791532020317 - timing_s/save_checkpoint:274.50238732702564 - timing_s/update_weights:7.263676153961569 - timing_s/step:1335.0992200869368 - timing_per_image_ms/gen:13863.709338504123 - timing_per_image_ms/update_actor:47279.947075126984 - perf/total_num_images:16 - perf/time_per_step:1335.0992200869368 - perf/throughput:0.005992064020140068 - training/off_policy/trajectory_spans/mean:np.float64(1.0) - training/off_policy/trajectory_spans/max:np.int64(1) - training/off_policy/trajectory_spans/min:np.int64(1) - training/off_policy/trajectory_staleness/mean:np.float64(-1.0) - training/off_policy/trajectory_staleness/max:np.int64(-1) - training/off_policy/trajectory_staleness/min:np.int64(-1) - training/off_policy/trajectory_staleness_worst/mean:np.float64(-1.0) - training/off_policy/trajectory_staleness_worst/max:np.int64(-1) - training/off_policy/trajectory_staleness_worst/min:np.int64(-1)
(DiffusionTaskRunnerV1 pid=2013)
Diffusion Training:  27%|██▋       | 27/100 [1:30:20<27:24:13, 1351.41s/it]
(DiffusionTaskRunnerV1 pid=2013) Dumped diffusion generations to /work/evidence/ocr-v1-100-12/rollouts/27.jsonl
(WorkerDict pid=2434) /usr/local/lib/python3.12/dist-packages/torch/distributed/fsdp/_fully_shard/_fsdp_state.py:331: UserWarning: FSDP2-wrapped module (FSDPQwenImageTransformer2DModel) returned a view tensor. An in-place op on this view (e.g., `x += y`) will silently drop the pre-backward hook and skip the all-gather, which can cause backward to fail or produce wrong gradients. Use out-of-place ops (`out = out + y`, not `out += y`) or `.clone()` the output before any in-place op.
(WorkerDict pid=2434)   output = self._register_pre_backward_hook(output)
(SimpleStorageUnit pid=2270) 2026-09-14 04:47:23,614 - INFO - transfer_queue.utils.perf_utils - TQ_STORAGE_UNIT_14be62ca: [Performance] Total success requests: 22, Total req/min: 0.99, Total avg process time: 0.0145s;
(SimpleStorageUnit pid=2270) Time range: last 22.26 minutes;
(WorkerDict pid=2435) INFO:2026-09-14 05:06:45,609:[Rank 1] Saved model to /work/evidence/ocr-v1-100-12/checkpoints/global_step_28/actor/model_world_size_2_rank_1.pt
(WorkerDict pid=2435) /usr/local/lib/python3.12/dist-packages/torch/distributed/fsdp/_fully_shard/_fsdp_state.py:331: UserWarning: FSDP2-wrapped module (FSDPQwenImageTransformer2DModel) returned a view tensor. An in-place op on this view (e.g., `x += y`) will silently drop the pre-backward hook and skip the all-gather, which can cause backward to fail or produce wrong gradients. Use out-of-place ops (`out = out + y`, not `out += y`) or `.clone()` the output before any in-place op.
(WorkerDict pid=2435)   output = self._register_pre_backward_hook(output)
(WorkerDict pid=2435) INFO:2026-09-14 05:06:55,750:[Rank 1] Saved optim to /work/evidence/ocr-v1-100-12/checkpoints/global_step_28/actor/optim_world_size_2_rank_1.pt
(WorkerDict pid=2435) INFO:2026-09-14 05:06:55,755:[Rank 1] Saved extra_state to /work/evidence/ocr-v1-100-12/checkpoints/global_step_28/actor/extra_state_world_size_2_rank_1.pt
(WorkerDict pid=2434) /work/verl-core/verl/plugin/platform/platform_cuda.py:99: FutureWarning: torch.cuda._set_allocator_settings is deprecated. Use torch._C._accelerator_setAllocatorSettings instead.
(WorkerDict pid=2434)   torch.cuda.memory._set_allocator_settings(settings)
(TransferQueueController pid=2198) 2026-09-14 05:08:42,989 - INFO - transfer_queue.utils.perf_utils - TQ_CONTROLLER_bdabb3eb: [Performance] Total success requests: 187, Total req/min: 8.77, Total avg process time: 0.0003s;
(TransferQueueController pid=2198) Time range: last 21.32 minutes;
(TransferQueueController pid=2198) Per-operation statistics: KV_RETRIEVE_META: req_count=31, req/min=1.45, avg_time=0.001060s, max_time=0.002647s, min_time=0.000434s; CLEAR_META: req_count=2, req/min=0.09, avg_time=0.000353s, max_time=0.000413s, min_time=0.000294s; SET_CUSTOM_META: req_count=26, req/min=1.22, avg_time=0.000054s, max_time=0.000079s, min_time=0.000016s; KV_LIST: req_count=111, req/min=5.21, avg_time=0.000091s, max_time=0.000146s, min_time=0.000041s; NOTIFY_DATA_UPDATE: req_count=17, req/min=0.80, avg_time=0.000448s, max_time=0.000552s, min_time=0.000206s
(WorkerDict pid=2435) /work/verl-core/verl/plugin/platform/platform_cuda.py:99: FutureWarning: torch.cuda._set_allocator_settings is deprecated. Use torch._C._accelerator_setAllocatorSettings instead.
(WorkerDict pid=2435)   torch.cuda.memory._set_allocator_settings(settings)
(SimpleStorageUnit pid=2270) Per-operation statistics: GET_DATA: req_count=3, req/min=0.14, avg_time=0.012132s, max_time=0.015022s, min_time=0.006421s; CLEAR_DATA: req_count=2, req/min=0.09, avg_time=0.012117s, max_time=0.017048s, min_time=0.007187s; PUT_DATA: req_count=17, req/min=0.80, avg_time=0.012698s, max_time=0.016160s, min_time=0.005339s
(DiffusionTaskRunnerV1 pid=2013)
Diffusion Training:  28%|██▊       | 28/100 [1:51:39<26:30:31, 1325.44s/it]
(DiffusionTaskRunnerV1 pid=2013) step:28 - actor/policy_loss:9.97087300568819 - actor/positive_loss:0.19939594303723424 - actor/negative_loss:0.19944042210699992 - actor/ref_kl_loss:0.0038703083992004395 - actor/old_deviate:0.00020312368869781496 - actor/reward_prob_mean:0.4999999962747097 - actor/total_loss:9.970873318612576 - actor/loss:9.97087287902832 - actor/grad_norm:0.0400390625 - actor/lr:0.0003 - perf/mfu/actor:0.041321275705817895 - old_policy/update_applied:1.0 - old_policy/copy_update:1.0 - old_policy/ema_update:0.0 - old_policy/decay:0.0 - training/global_step:28 - training/epoch:0 - critic/rewards/mean:0.41639959812164307 - critic/rewards/max:1.0 - critic/rewards/min:0.07692307978868484 - critic/rewards/zero_std_ratio:0.0 - critic/rewards/std_mean:0.22926965355873108 - critic/rewards/group_size:4.0 - timing_s/feed:0.06307359109632671 - timing_s/gen:221.87403842492495 - timing_s/reward:14.050366593059152 - timing_s/prepare_actor_batch:0.058381654089316726 - timing_s/update_actor:760.2759534548968 - timing_s/save_checkpoint:274.0100240779575 - timing_s/update_weights:8.490801883977838 - timing_s/step:1278.979551285971 - timing_per_image_ms/gen:13867.12740155781 - timing_per_image_ms/update_actor:47517.24709093105 - perf/total_num_images:16 - perf/time_per_step:1278.979551285971 - perf/throughput:0.006254986635209506 - training/off_policy/trajectory_spans/mean:np.float64(1.0) - training/off_policy/trajectory_spans/max:np.int64(1) - training/off_policy/trajectory_spans/min:np.int64(1) - training/off_policy/trajectory_staleness/mean:np.float64(-1.0) - training/off_policy/trajectory_staleness/max:np.int64(-1) - training/off_policy/trajectory_staleness/min:np.int64(-1) - training/off_policy/trajectory_staleness_worst/mean:np.float64(-1.0) - training/off_policy/trajectory_staleness_worst/max:np.int64(-1) - training/off_policy/trajectory_staleness_worst/min:np.int64(-1)
(DiffusionTaskRunnerV1 pid=2013) Dumped diffusion generations to /work/evidence/ocr-v1-100-12/rollouts/28.jsonl
(WorkerDict pid=2434) /usr/local/lib/python3.12/dist-packages/torch/distributed/fsdp/_fully_shard/_fsdp_state.py:331: UserWarning: FSDP2-wrapped module (FSDPQwenImageTransformer2DModel) returned a view tensor. An in-place op on this view (e.g., `x += y`) will silently drop the pre-backward hook and skip the all-gather, which can cause backward to fail or produce wrong gradients. Use out-of-place ops (`out = out + y`, not `out += y`) or `.clone()` the output before any in-place op.
(WorkerDict pid=2434)   output = self._register_pre_backward_hook(output)
(SimpleStorageUnit pid=2270) 2026-09-14 05:08:43,024 - INFO - transfer_queue.utils.perf_utils - TQ_STORAGE_UNIT_14be62ca: [Performance] Total success requests: 22, Total req/min: 1.03, Total avg process time: 0.0126s;
(SimpleStorageUnit pid=2270) Time range: last 21.32 minutes;
(WorkerDict pid=2435) INFO:2026-09-14 05:27:59,371:[Rank 1] Saved model to /work/evidence/ocr-v1-100-12/checkpoints/global_step_29/actor/model_world_size_2_rank_1.pt
(WorkerDict pid=2435) /usr/local/lib/python3.12/dist-packages/torch/distributed/fsdp/_fully_shard/_fsdp_state.py:331: UserWarning: FSDP2-wrapped module (FSDPQwenImageTransformer2DModel) returned a view tensor. An in-place op on this view (e.g., `x += y`) will silently drop the pre-backward hook and skip the all-gather, which can cause backward to fail or produce wrong gradients. Use out-of-place ops (`out = out + y`, not `out += y`) or `.clone()` the output before any in-place op.
(WorkerDict pid=2435)   output = self._register_pre_backward_hook(output)
(WorkerDict pid=2435) INFO:2026-09-14 05:28:10,376:[Rank 1] Saved optim to /work/evidence/ocr-v1-100-12/checkpoints/global_step_29/actor/optim_world_size_2_rank_1.pt
(WorkerDict pid=2435) INFO:2026-09-14 05:28:10,385:[Rank 1] Saved extra_state to /work/evidence/ocr-v1-100-12/checkpoints/global_step_29/actor/extra_state_world_size_2_rank_1.pt
(WorkerDict pid=2434) /work/verl-core/verl/plugin/platform/platform_cuda.py:99: FutureWarning: torch.cuda._set_allocator_settings is deprecated. Use torch._C._accelerator_setAllocatorSettings instead.
(WorkerDict pid=2434)   torch.cuda.memory._set_allocator_settings(settings)
(TransferQueueController pid=2198) 2026-09-14 05:30:04,517 - INFO - transfer_queue.utils.perf_utils - TQ_CONTROLLER_bdabb3eb: [Performance] Total success requests: 187, Total req/min: 8.76, Total avg process time: 0.0003s;
(TransferQueueController pid=2198) Time range: last 21.36 minutes;
(TransferQueueController pid=2198) Per-operation statistics: KV_RETRIEVE_META: req_count=31, req/min=1.45, avg_time=0.001008s, max_time=0.002782s, min_time=0.000406s; CLEAR_META: req_count=2, req/min=0.09, avg_time=0.000347s, max_time=0.000421s, min_time=0.000274s; SET_CUSTOM_META: req_count=26, req/min=1.22, avg_time=0.000055s, max_time=0.000081s, min_time=0.000025s; KV_LIST: req_count=111, req/min=5.20, avg_time=0.000091s, max_time=0.000141s, min_time=0.000043s; NOTIFY_DATA_UPDATE: req_count=17, req/min=0.80, avg_time=0.000439s, max_time=0.000514s, min_time=0.000400s
(WorkerDict pid=2435) /work/verl-core/verl/plugin/platform/platform_cuda.py:99: FutureWarning: torch.cuda._set_allocator_settings is deprecated. Use torch._C._accelerator_setAllocatorSettings instead.
(WorkerDict pid=2435)   torch.cuda.memory._set_allocator_settings(settings)
(SimpleStorageUnit pid=2270) Per-operation statistics: GET_DATA: req_count=3, req/min=0.14, avg_time=0.013971s, max_time=0.015120s, min_time=0.011737s; CLEAR_DATA: req_count=2, req/min=0.09, avg_time=0.015602s, max_time=0.016253s, min_time=0.014951s; PUT_DATA: req_count=17, req/min=0.80, avg_time=0.014379s, max_time=0.019780s, min_time=0.005195s
(DiffusionTaskRunnerV1 pid=2013)
Diffusion Training:  29%|██▉       | 29/100 [2:13:01<25:50:46, 1310.51s/it]
(DiffusionTaskRunnerV1 pid=2013) step:29 - actor/policy_loss:10.330091048032045 - actor/positive_loss:0.20656005438650027 - actor/negative_loss:0.20663198315305636 - actor/ref_kl_loss:0.004727303981781006 - actor/old_deviate:0.00011552125215530396 - actor/reward_prob_mean:0.5000000018626451 - actor/total_loss:10.330091456323862 - actor/loss:10.33009147644043 - actor/grad_norm:0.02642822265625 - actor/lr:0.0003 - perf/mfu/actor:0.04118470607947054 - old_policy/update_applied:0.0 - old_policy/copy_update:0.0 - old_policy/ema_update:0.0 - old_policy/decay:0.0 - training/global_step:29 - training/epoch:0 - critic/rewards/mean:0.4477163553237915 - critic/rewards/max:1.0 - critic/rewards/min:0.0 - critic/rewards/zero_std_ratio:0.0 - critic/rewards/std_mean:0.27010250091552734 - critic/rewards/group_size:4.0 - timing_s/feed:0.06633760500699282 - timing_s/gen:221.77579021500424 - timing_s/reward:12.87861058395356 - timing_s/prepare_actor_batch:0.05803714704234153 - timing_s/update_actor:756.3360026859445 - timing_s/save_checkpoint:281.7973397569731 - timing_s/update_weights:8.077338962932117 - timing_s/step:1281.1464307979913 - timing_per_image_ms/gen:13860.986888437765 - timing_per_image_ms/update_actor:47271.000167871534 - perf/total_num_images:16 - perf/time_per_step:1281.1464307979913 - perf/throughput:0.006244407202552964 - training/off_policy/trajectory_spans/mean:np.float64(1.0) - training/off_policy/trajectory_spans/max:np.int64(1) - training/off_policy/trajectory_spans/min:np.int64(1) - training/off_policy/trajectory_staleness/mean:np.float64(-1.0) - training/off_policy/trajectory_staleness/max:np.int64(-1) - training/off_policy/trajectory_staleness/min:np.int64(-1) - training/off_policy/trajectory_staleness_worst/mean:np.float64(-1.0) - training/off_policy/trajectory_staleness_worst/max:np.int64(-1) - training/off_policy/trajectory_staleness_worst/min:np.int64(-1)
(DiffusionTaskRunnerV1 pid=2013) Dumped diffusion generations to /work/evidence/ocr-v1-100-12/rollouts/29.jsonl
(WorkerDict pid=2434) /usr/local/lib/python3.12/dist-packages/torch/distributed/fsdp/_fully_shard/_fsdp_state.py:331: UserWarning: FSDP2-wrapped module (FSDPQwenImageTransformer2DModel) returned a view tensor. An in-place op on this view (e.g., `x += y`) will silently drop the pre-backward hook and skip the all-gather, which can cause backward to fail or produce wrong gradients. Use out-of-place ops (`out = out + y`, not `out += y`) or `.clone()` the output before any in-place op.
(WorkerDict pid=2434)   output = self._register_pre_backward_hook(output)
(SimpleStorageUnit pid=2270) 2026-09-14 05:30:04,549 - INFO - transfer_queue.utils.perf_utils - TQ_STORAGE_UNIT_14be62ca: [Performance] Total success requests: 22, Total req/min: 1.03, Total avg process time: 0.0144s;
(SimpleStorageUnit pid=2270) Time range: last 21.36 minutes;
(WorkerDict pid=2435) INFO:2026-09-14 05:49:39,771:[Rank 1] Saved model to /work/evidence/ocr-v1-100-12/checkpoints/global_step_30/actor/model_world_size_2_rank_1.pt
(WorkerDict pid=2435) /usr/local/lib/python3.12/dist-packages/torch/distributed/fsdp/_fully_shard/_fsdp_state.py:331: UserWarning: FSDP2-wrapped module (FSDPQwenImageTransformer2DModel) returned a view tensor. An in-place op on this view (e.g., `x += y`) will silently drop the pre-backward hook and skip the all-gather, which can cause backward to fail or produce wrong gradients. Use out-of-place ops (`out = out + y`, not `out += y`) or `.clone()` the output before any in-place op.
(WorkerDict pid=2435)   output = self._register_pre_backward_hook(output)
(WorkerDict pid=2435) INFO:2026-09-14 05:49:46,591:[Rank 1] Saved optim to /work/evidence/ocr-v1-100-12/checkpoints/global_step_30/actor/optim_world_size_2_rank_1.pt
(WorkerDict pid=2435) INFO:2026-09-14 05:49:46,597:[Rank 1] Saved extra_state to /work/evidence/ocr-v1-100-12/checkpoints/global_step_30/actor/extra_state_world_size_2_rank_1.pt
(WorkerDict pid=2434) /work/verl-core/verl/plugin/platform/platform_cuda.py:99: FutureWarning: torch.cuda._set_allocator_settings is deprecated. Use torch._C._accelerator_setAllocatorSettings instead.
(WorkerDict pid=2434)   torch.cuda.memory._set_allocator_settings(settings)
(TransferQueueController pid=2198) 2026-09-14 05:51:35,026 - INFO - transfer_queue.utils.perf_utils - TQ_CONTROLLER_bdabb3eb: [Performance] Total success requests: 187, Total req/min: 8.69, Total avg process time: 0.0003s;
(TransferQueueController pid=2198) Time range: last 21.51 minutes;
(TransferQueueController pid=2198) Per-operation statistics: KV_RETRIEVE_META: req_count=31, req/min=1.44, avg_time=0.000983s, max_time=0.002675s, min_time=0.000284s; CLEAR_META: req_count=2, req/min=0.09, avg_time=0.000343s, max_time=0.000471s, min_time=0.000216s; SET_CUSTOM_META: req_count=26, req/min=1.21, avg_time=0.000051s, max_time=0.000089s, min_time=0.000018s; KV_LIST: req_count=111, req/min=5.16, avg_time=0.000092s, max_time=0.000176s, min_time=0.000036s; NOTIFY_DATA_UPDATE: req_count=17, req/min=0.79, avg_time=0.000403s, max_time=0.000487s, min_time=0.000209s
(WorkerDict pid=2435) /work/verl-core/verl/plugin/platform/platform_cuda.py:99: FutureWarning: torch.cuda._set_allocator_settings is deprecated. Use torch._C._accelerator_setAllocatorSettings instead.
(WorkerDict pid=2435)   torch.cuda.memory._set_allocator_settings(settings)
(SimpleStorageUnit pid=2270) Per-operation statistics: GET_DATA: req_count=3, req/min=0.14, avg_time=0.010515s, max_time=0.015000s, min_time=0.006260s; CLEAR_DATA: req_count=2, req/min=0.09, avg_time=0.012970s, max_time=0.015657s, min_time=0.010283s; PUT_DATA: req_count=17, req/min=0.79, avg_time=0.015124s, max_time=0.015560s, min_time=0.014904s
(DiffusionTaskRunnerV1 pid=2013)
Diffusion Training:  30%|███       | 30/100 [2:34:31<25:21:17, 1303.96s/it]
(DiffusionTaskRunnerV1 pid=2013) step:30 - actor/policy_loss:10.260272995382547 - actor/positive_loss:0.2052306624362245 - actor/negative_loss:0.20518435300327836 - actor/ref_kl_loss:0.004566371440887451 - actor/old_deviate:0.0002752542495727539 - actor/reward_prob_mean:0.5000000018626451 - actor/total_loss:10.26027333661914 - actor/loss:10.260273456573486 - actor/grad_norm:0.0592041015625 - actor/lr:0.0003 - perf/mfu/actor:0.04133268393873678 - old_policy/update_applied:1.0 - old_policy/copy_update:1.0 - old_policy/ema_update:0.0 - old_policy/decay:0.0 - training/global_step:30 - training/epoch:0 - critic/rewards/mean:0.4280972480773926 - critic/rewards/max:1.0 - critic/rewards/min:0.0 - critic/rewards/zero_std_ratio:0.0 - critic/rewards/std_mean:0.3616069257259369 - critic/rewards/group_size:4.0 - timing_s/feed:0.05683342507109046 - timing_s/gen:221.79539800202474 - timing_s/reward:14.189180557033978 - timing_s/prepare_actor_batch:0.049256014986895025 - timing_s/update_actor:759.9331913369242 - timing_s/save_checkpoint:284.3238076599082 - timing_s/update_weights:9.617228486924432 - timing_s/step:1290.1073044529185 - timing_per_image_ms/gen:13862.212375126546 - timing_per_image_ms/update_actor:47495.82445855776 - perf/total_num_images:16 - perf/time_per_step:1290.1073044529185 - perf/throughput:0.006201034574711188 - training/off_policy/trajectory_spans/mean:np.float64(1.0) - training/off_policy/trajectory_spans/max:np.int64(1) - training/off_policy/trajectory_spans/min:np.int64(1) - training/off_policy/trajectory_staleness/mean:np.float64(-1.0) - training/off_policy/trajectory_staleness/max:np.int64(-1) - training/off_policy/trajectory_staleness/min:np.int64(-1) - training/off_policy/trajectory_staleness_worst/mean:np.float64(-1.0) - training/off_policy/trajectory_staleness_worst/max:np.int64(-1) - training/off_policy/trajectory_staleness_worst/min:np.int64(-1)
(DiffusionTaskRunnerV1 pid=2013) Dumped diffusion generations to /work/evidence/ocr-v1-100-12/rollouts/30.jsonl
(WorkerDict pid=2434) /usr/local/lib/python3.12/dist-packages/torch/distributed/fsdp/_fully_shard/_fsdp_state.py:331: UserWarning: FSDP2-wrapped module (FSDPQwenImageTransformer2DModel) returned a view tensor. An in-place op on this view (e.g., `x += y`) will silently drop the pre-backward hook and skip the all-gather, which can cause backward to fail or produce wrong gradients. Use out-of-place ops (`out = out + y`, not `out += y`) or `.clone()` the output before any in-place op.
(WorkerDict pid=2434)   output = self._register_pre_backward_hook(output)
(SimpleStorageUnit pid=2270) 2026-09-14 05:51:35,061 - INFO - transfer_queue.utils.perf_utils - TQ_STORAGE_UNIT_14be62ca: [Performance] Total success requests: 22, Total req/min: 1.02, Total avg process time: 0.0143s;
(SimpleStorageUnit pid=2270) Time range: last 21.51 minutes;
(WorkerDict pid=2435) INFO:2026-09-14 06:10:30,181:[Rank 1] Saved model to /work/evidence/ocr-v1-100-12/checkpoints/global_step_31/actor/model_world_size_2_rank_1.pt
(WorkerDict pid=2435) /usr/local/lib/python3.12/dist-packages/torch/distributed/fsdp/_fully_shard/_fsdp_state.py:331: UserWarning: FSDP2-wrapped module (FSDPQwenImageTransformer2DModel) returned a view tensor. An in-place op on this view (e.g., `x += y`) will silently drop the pre-backward hook and skip the all-gather, which can cause backward to fail or produce wrong gradients. Use out-of-place ops (`out = out + y`, not `out += y`) or `.clone()` the output before any in-place op.
(WorkerDict pid=2435)   output = self._register_pre_backward_hook(output)
(WorkerDict pid=2435) INFO:2026-09-14 06:10:43,232:[Rank 1] Saved optim to /work/evidence/ocr-v1-100-12/checkpoints/global_step_31/actor/optim_world_size_2_rank_1.pt
(WorkerDict pid=2435) INFO:2026-09-14 06:10:43,236:[Rank 1] Saved extra_state to /work/evidence/ocr-v1-100-12/checkpoints/global_step_31/actor/extra_state_world_size_2_rank_1.pt
(WorkerDict pid=2434) /work/verl-core/verl/plugin/platform/platform_cuda.py:99: FutureWarning: torch.cuda._set_allocator_settings is deprecated. Use torch._C._accelerator_setAllocatorSettings instead.
(WorkerDict pid=2434)   torch.cuda.memory._set_allocator_settings(settings)
(TransferQueueController pid=2198) 2026-09-14 06:12:47,400 - INFO - transfer_queue.utils.perf_utils - TQ_CONTROLLER_bdabb3eb: [Performance] Total success requests: 187, Total req/min: 8.82, Total avg process time: 0.0002s;
(TransferQueueController pid=2198) Time range: last 21.21 minutes;
(TransferQueueController pid=2198) Per-operation statistics: KV_RETRIEVE_META: req_count=31, req/min=1.46, avg_time=0.000827s, max_time=0.002434s, min_time=0.000269s; CLEAR_META: req_count=2, req/min=0.09, avg_time=0.000371s, max_time=0.000455s, min_time=0.000288s; SET_CUSTOM_META: req_count=26, req/min=1.23, avg_time=0.000041s, max_time=0.000068s, min_time=0.000018s; KV_LIST: req_count=111, req/min=5.23, avg_time=0.000078s, max_time=0.000146s, min_time=0.000028s; NOTIFY_DATA_UPDATE: req_count=17, req/min=0.80, avg_time=0.000335s, max_time=0.000567s, min_time=0.000182s
(WorkerDict pid=2435) /work/verl-core/verl/plugin/platform/platform_cuda.py:99: FutureWarning: torch.cuda._set_allocator_settings is deprecated. Use torch._C._accelerator_setAllocatorSettings instead.
(WorkerDict pid=2435)   torch.cuda.memory._set_allocator_settings(settings)
(SimpleStorageUnit pid=2270) Per-operation statistics: GET_DATA: req_count=3, req/min=0.14, avg_time=0.011441s, max_time=0.014708s, min_time=0.006358s; CLEAR_DATA: req_count=2, req/min=0.09, avg_time=0.010791s, max_time=0.014740s, min_time=0.006842s; PUT_DATA: req_count=17, req/min=0.80, avg_time=0.014590s, max_time=0.016231s, min_time=0.006885s
(DiffusionTaskRunnerV1 pid=2013) step:31 - actor/policy_loss:10.257022186368705 - actor/positive_loss:0.20514186111977323 - actor/negative_loss:0.20513617040123788 - actor/ref_kl_loss:0.0061052203178405765 - actor/old_deviate:7.030069828033448e-05 - actor/reward_prob_mean:0.5000000074505806 - actor/total_loss:10.2570226944983 - actor/loss:10.257022857666016 - actor/grad_norm:0.02069091796875 - actor/lr:0.0003 - perf/mfu/actor:0.04132817100294027 - old_policy/update_applied:0.0 - old_policy/copy_update:0.0 - old_policy/ema_update:0.0 - old_policy/decay:0.0 - training/global_step:31 - training/epoch:0 - critic/rewards/mean:0.5750010013580322 - critic/rewards/max:1.0 - critic/rewards/min:0.0 - critic/rewards/zero_std_ratio:0.0 - critic/rewards/std_mean:0.298190176486969 - critic/rewards/group_size:4.0 - timing_s/feed:0.06718353694304824 - timing_s/gen:221.77991110889707 - timing_s/reward:13.722927924944088 - timing_s/prepare_actor_batch:0.05181225098203868 - timing_s/update_actor:758.3383574630134 - timing_s/save_checkpoint:270.42002103501 - timing_s/update_weights:7.507322437013499 - timing_s/step:1272.0266323130345 - timing_per_image_ms/gen:13861.244444306067 - timing_per_image_ms/update_actor:47396.147341438336 - perf/total_num_images:16 - perf/time_per_step:1272.0266323130345 - perf/throughput:0.006289176497392132 - training/off_policy/trajectory_spans/mean:np.float64(1.0) - training/off_policy/trajectory_spans/max:np.int64(1) - training/off_policy/trajectory_spans/min:np.int64(1) - training/off_policy/trajectory_staleness/mean:np.float64(-1.0) - training/off_policy/trajectory_staleness/max:np.int64(-1) - training/off_policy/trajectory_staleness/min:np.int64(-1) - training/off_policy/trajectory_staleness_worst/mean:np.float64(-1.0) - training/off_policy/trajectory_staleness_worst/max:np.int64(-1) - training/off_policy/trajectory_staleness_worst/min:np.int64(-1)
(DiffusionTaskRunnerV1 pid=2013)
Diffusion Training:  31%|███       | 31/100 [2:55:44<24:48:00, 1293.92s/it]
(DiffusionTaskRunnerV1 pid=2013) Dumped diffusion generations to /work/evidence/ocr-v1-100-12/rollouts/31.jsonl
(WorkerDict pid=2434) /usr/local/lib/python3.12/dist-packages/torch/distributed/fsdp/_fully_shard/_fsdp_state.py:331: UserWarning: FSDP2-wrapped module (FSDPQwenImageTransformer2DModel) returned a view tensor. An in-place op on this view (e.g., `x += y`) will silently drop the pre-backward hook and skip the all-gather, which can cause backward to fail or produce wrong gradients. Use out-of-place ops (`out = out + y`, not `out += y`) or `.clone()` the output before any in-place op.
(WorkerDict pid=2434)   output = self._register_pre_backward_hook(output)
(SimpleStorageUnit pid=2270) 2026-09-14 06:12:47,452 - INFO - transfer_queue.utils.perf_utils - TQ_STORAGE_UNIT_14be62ca: [Performance] Total success requests: 22, Total req/min: 1.04, Total avg process time: 0.0138s;
(SimpleStorageUnit pid=2270) Time range: last 21.21 minutes;
(WorkerDict pid=2435) INFO:2026-09-14 06:32:04,414:[Rank 1] Saved model to /work/evidence/ocr-v1-100-12/checkpoints/global_step_32/actor/model_world_size_2_rank_1.pt
(WorkerDict pid=2435) /usr/local/lib/python3.12/dist-packages/torch/distributed/fsdp/_fully_shard/_fsdp_state.py:331: UserWarning: FSDP2-wrapped module (FSDPQwenImageTransformer2DModel) returned a view tensor. An in-place op on this view (e.g., `x += y`) will silently drop the pre-backward hook and skip the all-gather, which can cause backward to fail or produce wrong gradients. Use out-of-place ops (`out = out + y`, not `out += y`) or `.clone()` the output before any in-place op.
(WorkerDict pid=2435)   output = self._register_pre_backward_hook(output)
(WorkerDict pid=2435) INFO:2026-09-14 06:32:15,456:[Rank 1] Saved optim to /work/evidence/ocr-v1-100-12/checkpoints/global_step_32/actor/optim_world_size_2_rank_1.pt
(WorkerDict pid=2435) INFO:2026-09-14 06:32:15,461:[Rank 1] Saved extra_state to /work/evidence/ocr-v1-100-12/checkpoints/global_step_32/actor/extra_state_world_size_2_rank_1.pt
(WorkerDict pid=2434) /work/verl-core/verl/plugin/platform/platform_cuda.py:99: FutureWarning: torch.cuda._set_allocator_settings is deprecated. Use torch._C._accelerator_setAllocatorSettings instead.
(WorkerDict pid=2434)   torch.cuda.memory._set_allocator_settings(settings)
(TransferQueueController pid=2198) 2026-09-14 06:34:02,952 - INFO - transfer_queue.utils.perf_utils - TQ_CONTROLLER_bdabb3eb: [Performance] Total success requests: 187, Total req/min: 8.80, Total avg process time: 0.0003s;
(TransferQueueController pid=2198) Time range: last 21.26 minutes;
(TransferQueueController pid=2198) Per-operation statistics: KV_RETRIEVE_META: req_count=31, req/min=1.46, avg_time=0.000969s, max_time=0.002494s, min_time=0.000407s; CLEAR_META: req_count=2, req/min=0.09, avg_time=0.000364s, max_time=0.000412s, min_time=0.000317s; SET_CUSTOM_META: req_count=26, req/min=1.22, avg_time=0.000056s, max_time=0.000076s, min_time=0.000019s; KV_LIST: req_count=111, req/min=5.22, avg_time=0.000090s, max_time=0.000169s, min_time=0.000026s; NOTIFY_DATA_UPDATE: req_count=17, req/min=0.80, avg_time=0.000432s, max_time=0.000554s, min_time=0.000179s
(WorkerDict pid=2435) /work/verl-core/verl/plugin/platform/platform_cuda.py:99: FutureWarning: torch.cuda._set_allocator_settings is deprecated. Use torch._C._accelerator_setAllocatorSettings instead.
(WorkerDict pid=2435)   torch.cuda.memory._set_allocator_settings(settings)
(SimpleStorageUnit pid=2270) Per-operation statistics: GET_DATA: req_count=3, req/min=0.14, avg_time=0.014773s, max_time=0.014967s, min_time=0.014561s; CLEAR_DATA: req_count=2, req/min=0.09, avg_time=0.016449s, max_time=0.017171s, min_time=0.015727s; PUT_DATA: req_count=17, req/min=0.80, avg_time=0.014983s, max_time=0.017352s, min_time=0.006587s
(DiffusionTaskRunnerV1 pid=2013)
Diffusion Training:  32%|███▏      | 32/100 [3:16:59<24:19:55, 1288.17s/it]
(DiffusionTaskRunnerV1 pid=2013) step:32 - actor/policy_loss:9.219327223300933 - actor/positive_loss:0.1843738188734278 - actor/negative_loss:0.1843928125803359 - actor/ref_kl_loss:0.0044427156448364254 - actor/old_deviate:0.00023023486137390136 - actor/reward_prob_mean:0.5000000055879354 - actor/total_loss:9.219327594339848 - actor/loss:9.219327449798584 - actor/grad_norm:0.0235595703125 - actor/lr:0.0003 - perf/mfu/actor:0.041300286688486246 - old_policy/update_applied:1.0 - old_policy/copy_update:1.0 - old_policy/ema_update:0.0 - old_policy/decay:0.0 - training/global_step:32 - training/epoch:0 - critic/rewards/mean:0.42970940470695496 - critic/rewards/max:1.0 - critic/rewards/min:0.0 - critic/rewards/zero_std_ratio:0.0 - critic/rewards/std_mean:0.27453216910362244 - critic/rewards/group_size:4.0 - timing_s/feed:0.06507814908400178 - timing_s/gen:221.94122314394917 - timing_s/reward:12.783444624044932 - timing_s/prepare_actor_batch:0.054188841953873634 - timing_s/update_actor:759.6742536090314 - timing_s/save_checkpoint:271.7345634599915 - timing_s/update_weights:8.71452991408296 - timing_s/step:1275.1335967129562 - timing_per_image_ms/gen:13871.326446496823 - timing_per_image_ms/update_actor:47479.640850564465 - perf/total_num_images:16 - perf/time_per_step:1275.1335967129562 - perf/throughput:0.006273852418775905 - training/off_policy/trajectory_spans/mean:np.float64(1.0) - training/off_policy/trajectory_spans/max:np.int64(1) - training/off_policy/trajectory_spans/min:np.int64(1) - training/off_policy/trajectory_staleness/mean:np.float64(-1.0) - training/off_policy/trajectory_staleness/max:np.int64(-1) - training/off_policy/trajectory_staleness/min:np.int64(-1) - training/off_policy/trajectory_staleness_worst/mean:np.float64(-1.0) - training/off_policy/trajectory_staleness_worst/max:np.int64(-1) - training/off_policy/trajectory_staleness_worst/min:np.int64(-1)
(DiffusionTaskRunnerV1 pid=2013) Dumped diffusion generations to /work/evidence/ocr-v1-100-12/rollouts/32.jsonl
(WorkerDict pid=2434) /usr/local/lib/python3.12/dist-packages/torch/distributed/fsdp/_fully_shard/_fsdp_state.py:331: UserWarning: FSDP2-wrapped module (FSDPQwenImageTransformer2DModel) returned a view tensor. An in-place op on this view (e.g., `x += y`) will silently drop the pre-backward hook and skip the all-gather, which can cause backward to fail or produce wrong gradients. Use out-of-place ops (`out = out + y`, not `out += y`) or `.clone()` the output before any in-place op.
(WorkerDict pid=2434)   output = self._register_pre_backward_hook(output)
(SimpleStorageUnit pid=2270) 2026-09-14 06:34:02,990 - INFO - transfer_queue.utils.perf_utils - TQ_STORAGE_UNIT_14be62ca: [Performance] Total success requests: 22, Total req/min: 1.03, Total avg process time: 0.0151s;
(SimpleStorageUnit pid=2270) Time range: last 21.26 minutes;
(WorkerDict pid=2435) INFO:2026-09-14 06:54:27,211:[Rank 1] Saved model to /work/evidence/ocr-v1-100-12/checkpoints/global_step_33/actor/model_world_size_2_rank_1.pt
(WorkerDict pid=2435) /usr/local/lib/python3.12/dist-packages/torch/distributed/fsdp/_fully_shard/_fsdp_state.py:331: UserWarning: FSDP2-wrapped module (FSDPQwenImageTransformer2DModel) returned a view tensor. An in-place op on this view (e.g., `x += y`) will silently drop the pre-backward hook and skip the all-gather, which can cause backward to fail or produce wrong gradients. Use out-of-place ops (`out = out + y`, not `out += y`) or `.clone()` the output before any in-place op.
(WorkerDict pid=2435)   output = self._register_pre_backward_hook(output)
(WorkerDict pid=2435) INFO:2026-09-14 06:54:34,055:[Rank 1] Saved optim to /work/evidence/ocr-v1-100-12/checkpoints/global_step_33/actor/optim_world_size_2_rank_1.pt
(WorkerDict pid=2435) INFO:2026-09-14 06:54:34,062:[Rank 1] Saved extra_state to /work/evidence/ocr-v1-100-12/checkpoints/global_step_33/actor/extra_state_world_size_2_rank_1.pt
(WorkerDict pid=2434) /work/verl-core/verl/plugin/platform/platform_cuda.py:99: FutureWarning: torch.cuda._set_allocator_settings is deprecated. Use torch._C._accelerator_setAllocatorSettings instead.
(WorkerDict pid=2434)   torch.cuda.memory._set_allocator_settings(settings)
(TransferQueueController pid=2198) 2026-09-14 06:56:19,750 - INFO - transfer_queue.utils.perf_utils - TQ_CONTROLLER_bdabb3eb: [Performance] Total success requests: 187, Total req/min: 8.39, Total avg process time: 0.0002s;
(TransferQueueController pid=2198) Time range: last 22.28 minutes;
(TransferQueueController pid=2198) Per-operation statistics: KV_RETRIEVE_META: req_count=31, req/min=1.39, avg_time=0.000634s, max_time=0.002530s, min_time=0.000198s; CLEAR_META: req_count=2, req/min=0.09, avg_time=0.000146s, max_time=0.000177s, min_time=0.000114s; SET_CUSTOM_META: req_count=26, req/min=1.17, avg_time=0.000034s, max_time=0.000070s, min_time=0.000013s; KV_LIST: req_count=111, req/min=4.98, avg_time=0.000074s, max_time=0.000142s, min_time=0.000023s; NOTIFY_DATA_UPDATE: req_count=17, req/min=0.76, avg_time=0.000340s, max_time=0.000501s, min_time=0.000177s
(WorkerDict pid=2435) /work/verl-core/verl/plugin/platform/platform_cuda.py:99: FutureWarning: torch.cuda._set_allocator_settings is deprecated. Use torch._C._accelerator_setAllocatorSettings instead.
(WorkerDict pid=2435)   torch.cuda.memory._set_allocator_settings(settings)
(SimpleStorageUnit pid=2270) Per-operation statistics: GET_DATA: req_count=3, req/min=0.13, avg_time=0.014851s, max_time=0.015016s, min_time=0.014725s; CLEAR_DATA: req_count=2, req/min=0.09, avg_time=0.015051s, max_time=0.015403s, min_time=0.014700s; PUT_DATA: req_count=17, req/min=0.76, avg_time=0.015548s, max_time=0.027417s, min_time=0.006432s
(DiffusionTaskRunnerV1 pid=2013)
Diffusion Training:  33%|███▎      | 33/100 [3:39:16<24:15:14, 1303.20s/it]
(DiffusionTaskRunnerV1 pid=2013) step:33 - actor/policy_loss:9.626826754957438 - actor/positive_loss:0.19252156041329727 - actor/negative_loss:0.19255502828164028 - actor/ref_kl_loss:0.005612969398498535 - actor/old_deviate:6.109774112701416e-05 - actor/reward_prob_mean:0.5000000111758709 - actor/total_loss:9.626827206462622 - actor/loss:9.626827716827393 - actor/grad_norm:0.02923583984375 - actor/lr:0.0003 - perf/mfu/actor:0.041312260756160846 - old_policy/update_applied:0.0 - old_policy/copy_update:0.0 - old_policy/ema_update:0.0 - old_policy/decay:0.0 - training/global_step:33 - training/epoch:0 - critic/rewards/mean:0.5323998928070068 - critic/rewards/max:1.0 - critic/rewards/min:0.0 - critic/rewards/zero_std_ratio:0.0 - critic/rewards/std_mean:0.2759953737258911 - critic/rewards/group_size:4.0 - timing_s/feed:0.0633184650214389 - timing_s/gen:221.83673401200213 - timing_s/reward:73.88604565500282 - timing_s/prepare_actor_batch:0.03689491201657802 - timing_s/update_actor:756.0475968320388 - timing_s/save_checkpoint:277.2100203229347 - timing_s/update_weights:7.17278424592223 - timing_s/step:1336.4169966999907 - timing_per_image_ms/gen:13864.795875750133 - timing_per_image_ms/update_actor:47252.97480200243 - perf/total_num_images:16 - perf/time_per_step:1336.4169966999907 - perf/throughput:0.005986155533605431 - training/off_policy/trajectory_spans/mean:np.float64(1.0) - training/off_policy/trajectory_spans/max:np.int64(1) - training/off_policy/trajectory_spans/min:np.int64(1) - training/off_policy/trajectory_staleness/mean:np.float64(-1.0) - training/off_policy/trajectory_staleness/max:np.int64(-1) - training/off_policy/trajectory_staleness/min:np.int64(-1) - training/off_policy/trajectory_staleness_worst/mean:np.float64(-1.0) - training/off_policy/trajectory_staleness_worst/max:np.int64(-1) - training/off_policy/trajectory_staleness_worst/min:np.int64(-1)
(DiffusionTaskRunnerV1 pid=2013) Dumped diffusion generations to /work/evidence/ocr-v1-100-12/rollouts/33.jsonl
(WorkerDict pid=2434) /usr/local/lib/python3.12/dist-packages/torch/distributed/fsdp/_fully_shard/_fsdp_state.py:331: UserWarning: FSDP2-wrapped module (FSDPQwenImageTransformer2DModel) returned a view tensor. An in-place op on this view (e.g., `x += y`) will silently drop the pre-backward hook and skip the all-gather, which can cause backward to fail or produce wrong gradients. Use out-of-place ops (`out = out + y`, not `out += y`) or `.clone()` the output before any in-place op.
(WorkerDict pid=2434)   output = self._register_pre_backward_hook(output)
(SimpleStorageUnit pid=2270) 2026-09-14 06:56:19,807 - INFO - transfer_queue.utils.perf_utils - TQ_STORAGE_UNIT_14be62ca: [Performance] Total success requests: 22, Total req/min: 0.99, Total avg process time: 0.0154s;
(SimpleStorageUnit pid=2270) Time range: last 22.28 minutes;
(WorkerDict pid=2435) INFO:2026-09-14 07:16:49,200:[Rank 1] Saved model to /work/evidence/ocr-v1-100-12/checkpoints/global_step_34/actor/model_world_size_2_rank_1.pt
(WorkerDict pid=2435) /usr/local/lib/python3.12/dist-packages/torch/distributed/fsdp/_fully_shard/_fsdp_state.py:331: UserWarning: FSDP2-wrapped module (FSDPQwenImageTransformer2DModel) returned a view tensor. An in-place op on this view (e.g., `x += y`) will silently drop the pre-backward hook and skip the all-gather, which can cause backward to fail or produce wrong gradients. Use out-of-place ops (`out = out + y`, not `out += y`) or `.clone()` the output before any in-place op.
(WorkerDict pid=2435)   output = self._register_pre_backward_hook(output)
(WorkerDict pid=2435) INFO:2026-09-14 07:16:58,680:[Rank 1] Saved optim to /work/evidence/ocr-v1-100-12/checkpoints/global_step_34/actor/optim_world_size_2_rank_1.pt
(WorkerDict pid=2435) INFO:2026-09-14 07:16:58,682:[Rank 1] Saved extra_state to /work/evidence/ocr-v1-100-12/checkpoints/global_step_34/actor/extra_state_world_size_2_rank_1.pt
(WorkerDict pid=2434) /work/verl-core/verl/plugin/platform/platform_cuda.py:99: FutureWarning: torch.cuda._set_allocator_settings is deprecated. Use torch._C._accelerator_setAllocatorSettings instead.
(WorkerDict pid=2434)   torch.cuda.memory._set_allocator_settings(settings)
(TransferQueueController pid=2198) 2026-09-14 07:18:50,474 - INFO - transfer_queue.utils.perf_utils - TQ_CONTROLLER_bdabb3eb: [Performance] Total success requests: 187, Total req/min: 8.31, Total avg process time: 0.0002s;
(TransferQueueController pid=2198) Time range: last 22.51 minutes;
(TransferQueueController pid=2198) Per-operation statistics: KV_RETRIEVE_META: req_count=31, req/min=1.38, avg_time=0.000618s, max_time=0.002606s, min_time=0.000188s; CLEAR_META: req_count=2, req/min=0.09, avg_time=0.000373s, max_time=0.000473s, min_time=0.000273s; SET_CUSTOM_META: req_count=26, req/min=1.15, avg_time=0.000025s, max_time=0.000071s, min_time=0.000013s; KV_LIST: req_count=111, req/min=4.93, avg_time=0.000058s, max_time=0.000118s, min_time=0.000034s; NOTIFY_DATA_UPDATE: req_count=17, req/min=0.76, avg_time=0.000241s, max_time=0.000502s, min_time=0.000143s
(WorkerDict pid=2435) /work/verl-core/verl/plugin/platform/platform_cuda.py:99: FutureWarning: torch.cuda._set_allocator_settings is deprecated. Use torch._C._accelerator_setAllocatorSettings instead.
(WorkerDict pid=2435)   torch.cuda.memory._set_allocator_settings(settings)
(SimpleStorageUnit pid=2270) Per-operation statistics: GET_DATA: req_count=3, req/min=0.13, avg_time=0.014776s, max_time=0.014816s, min_time=0.014746s; CLEAR_DATA: req_count=2, req/min=0.09, avg_time=0.016110s, max_time=0.016590s, min_time=0.015631s; PUT_DATA: req_count=17, req/min=0.76, avg_time=0.013513s, max_time=0.015191s, min_time=0.005229s
(DiffusionTaskRunnerV1 pid=2013)
Diffusion Training:  34%|███▍      | 34/100 [4:01:47<24:09:29, 1317.73s/it]
(DiffusionTaskRunnerV1 pid=2013) step:34 - actor/policy_loss:9.234976747259498 - actor/positive_loss:0.18463440795894712 - actor/negative_loss:0.18475206929724663 - actor/ref_kl_loss:0.004230535030364991 - actor/old_deviate:0.00026271343231201174 - actor/reward_prob_mean:0.49999999068677425 - actor/total_loss:9.234977104887367 - actor/loss:9.23497724533081 - actor/grad_norm:0.032470703125 - actor/lr:0.0003 - perf/mfu/actor:0.04151939105929361 - old_policy/update_applied:1.0 - old_policy/copy_update:1.0 - old_policy/ema_update:0.0 - old_policy/decay:0.0 - training/global_step:34 - training/epoch:0 - critic/rewards/mean:0.5039529800415039 - critic/rewards/max:1.0 - critic/rewards/min:0.0 - critic/rewards/zero_std_ratio:0.0 - critic/rewards/std_mean:0.3134376108646393 - critic/rewards/group_size:4.0 - timing_s/feed:0.06649194308556616 - timing_s/gen:221.86650875990745 - timing_s/reward:73.10958339902572 - timing_s/prepare_actor_batch:0.043243602965958416 - timing_s/update_actor:760.4635076590348 - timing_s/save_checkpoint:285.83294778701384 - timing_s/update_weights:8.749164746026509 - timing_s/step:1350.2609025180573 - timing_per_image_ms/gen:13866.656797494215 - timing_per_image_ms/update_actor:47528.969228689675 - perf/total_num_images:16 - perf/time_per_step:1350.2609025180573 - perf/throughput:0.005924780896107606 - training/off_policy/trajectory_spans/mean:np.float64(1.0) - training/off_policy/trajectory_spans/max:np.int64(1) - training/off_policy/trajectory_spans/min:np.int64(1) - training/off_policy/trajectory_staleness/mean:np.float64(-1.0) - training/off_policy/trajectory_staleness/max:np.int64(-1) - training/off_policy/trajectory_staleness/min:np.int64(-1) - training/off_policy/trajectory_staleness_worst/mean:np.float64(-1.0) - training/off_policy/trajectory_staleness_worst/max:np.int64(-1) - training/off_policy/trajectory_staleness_worst/min:np.int64(-1)
(DiffusionTaskRunnerV1 pid=2013) Dumped diffusion generations to /work/evidence/ocr-v1-100-12/rollouts/34.jsonl
(WorkerDict pid=2434) /usr/local/lib/python3.12/dist-packages/torch/distributed/fsdp/_fully_shard/_fsdp_state.py:331: UserWarning: FSDP2-wrapped module (FSDPQwenImageTransformer2DModel) returned a view tensor. An in-place op on this view (e.g., `x += y`) will silently drop the pre-backward hook and skip the all-gather, which can cause backward to fail or produce wrong gradients. Use out-of-place ops (`out = out + y`, not `out += y`) or `.clone()` the output before any in-place op.
(WorkerDict pid=2434)   output = self._register_pre_backward_hook(output)
(SimpleStorageUnit pid=2270) 2026-09-14 07:18:50,508 - INFO - transfer_queue.utils.perf_utils - TQ_STORAGE_UNIT_14be62ca: [Performance] Total success requests: 22, Total req/min: 0.98, Total avg process time: 0.0139s;
(SimpleStorageUnit pid=2270) Time range: last 22.51 minutes;
(WorkerDict pid=2435) INFO:2026-09-14 07:39:17,996:[Rank 1] Saved model to /work/evidence/ocr-v1-100-12/checkpoints/global_step_35/actor/model_world_size_2_rank_1.pt
(WorkerDict pid=2435) /usr/local/lib/python3.12/dist-packages/torch/distributed/fsdp/_fully_shard/_fsdp_state.py:331: UserWarning: FSDP2-wrapped module (FSDPQwenImageTransformer2DModel) returned a view tensor. An in-place op on this view (e.g., `x += y`) will silently drop the pre-backward hook and skip the all-gather, which can cause backward to fail or produce wrong gradients. Use out-of-place ops (`out = out + y`, not `out += y`) or `.clone()` the output before any in-place op.
(WorkerDict pid=2435)   output = self._register_pre_backward_hook(output)
(WorkerDict pid=2435) INFO:2026-09-14 07:39:25,283:[Rank 1] Saved optim to /work/evidence/ocr-v1-100-12/checkpoints/global_step_35/actor/optim_world_size_2_rank_1.pt
(WorkerDict pid=2435) INFO:2026-09-14 07:39:25,285:[Rank 1] Saved extra_state to /work/evidence/ocr-v1-100-12/checkpoints/global_step_35/actor/extra_state_world_size_2_rank_1.pt
(WorkerDict pid=2434) /work/verl-core/verl/plugin/platform/platform_cuda.py:99: FutureWarning: torch.cuda._set_allocator_settings is deprecated. Use torch._C._accelerator_setAllocatorSettings instead.
(WorkerDict pid=2434)   torch.cuda.memory._set_allocator_settings(settings)
(TransferQueueController pid=2198) 2026-09-14 07:41:04,296 - INFO - transfer_queue.utils.perf_utils - TQ_CONTROLLER_bdabb3eb: [Performance] Total success requests: 187, Total req/min: 8.41, Total avg process time: 0.0003s;
(TransferQueueController pid=2198) Time range: last 22.23 minutes;
(TransferQueueController pid=2198) Per-operation statistics: KV_RETRIEVE_META: req_count=31, req/min=1.39, avg_time=0.001014s, max_time=0.002654s, min_time=0.000547s; CLEAR_META: req_count=2, req/min=0.09, avg_time=0.000350s, max_time=0.000386s, min_time=0.000314s; SET_CUSTOM_META: req_count=26, req/min=1.17, avg_time=0.000056s, max_time=0.000071s, min_time=0.000042s; KV_LIST: req_count=111, req/min=4.99, avg_time=0.000095s, max_time=0.000140s, min_time=0.000045s; NOTIFY_DATA_UPDATE: req_count=17, req/min=0.76, avg_time=0.000409s, max_time=0.000440s, min_time=0.000192s
(WorkerDict pid=2435) /work/verl-core/verl/plugin/platform/platform_cuda.py:99: FutureWarning: torch.cuda._set_allocator_settings is deprecated. Use torch._C._accelerator_setAllocatorSettings instead.
(WorkerDict pid=2435)   torch.cuda.memory._set_allocator_settings(settings)
(SimpleStorageUnit pid=2270) Per-operation statistics: GET_DATA: req_count=3, req/min=0.13, avg_time=0.014791s, max_time=0.014924s, min_time=0.014680s; CLEAR_DATA: req_count=2, req/min=0.09, avg_time=0.015212s, max_time=0.015654s, min_time=0.014770s; PUT_DATA: req_count=17, req/min=0.76, avg_time=0.011686s, max_time=0.015417s, min_time=0.005159s
(DiffusionTaskRunnerV1 pid=2013)
Diffusion Training:  35%|███▌      | 35/100 [4:24:00<23:52:49, 1322.61s/it]
(DiffusionTaskRunnerV1 pid=2013) step:35 - actor/policy_loss:9.839090380072594 - actor/positive_loss:0.1967692089616321 - actor/negative_loss:0.19679099698551 - actor/ref_kl_loss:0.006102204322814941 - actor/old_deviate:0.00018867701292037963 - actor/reward_prob_mean:0.500000013038516 - actor/total_loss:9.839090920984745 - actor/loss:9.839090824127197 - actor/grad_norm:0.03277587890625 - actor/lr:0.0003 - perf/mfu/actor:0.04155649751395016 - old_policy/update_applied:0.0 - old_policy/copy_update:0.0 - old_policy/ema_update:0.0 - old_policy/decay:0.0 - training/global_step:35 - training/epoch:0 - critic/rewards/mean:0.7053418755531311 - critic/rewards/max:1.0 - critic/rewards/min:0.0 - critic/rewards/zero_std_ratio:0.0 - critic/rewards/std_mean:0.22054216265678406 - critic/rewards/group_size:4.0 - timing_s/feed:0.06890309101436287 - timing_s/gen:221.84390857990365 - timing_s/reward:72.54912137403153 - timing_s/prepare_actor_batch:0.04928547004237771 - timing_s/update_actor:756.7836113939993 - timing_s/save_checkpoint:274.56069194397423 - timing_s/update_weights:7.472752572968602 - timing_s/step:1333.4468009800185 - timing_per_image_ms/gen:13865.244286243978 - timing_per_image_ms/update_actor:47298.97571212496 - perf/total_num_images:16 - perf/time_per_step:1333.4468009800185 - perf/throughput:0.00599948943903903 - training/off_policy/trajectory_spans/mean:np.float64(1.0) - training/off_policy/trajectory_spans/max:np.int64(1) - training/off_policy/trajectory_spans/min:np.int64(1) - training/off_policy/trajectory_staleness/mean:np.float64(-1.0) - training/off_policy/trajectory_staleness/max:np.int64(-1) - training/off_policy/trajectory_staleness/min:np.int64(-1) - training/off_policy/trajectory_staleness_worst/mean:np.float64(-1.0) - training/off_policy/trajectory_staleness_worst/max:np.int64(-1) - training/off_policy/trajectory_staleness_worst/min:np.int64(-1)
(DiffusionTaskRunnerV1 pid=2013) Dumped diffusion generations to /work/evidence/ocr-v1-100-12/rollouts/35.jsonl
(WorkerDict pid=2434) /usr/local/lib/python3.12/dist-packages/torch/distributed/fsdp/_fully_shard/_fsdp_state.py:331: UserWarning: FSDP2-wrapped module (FSDPQwenImageTransformer2DModel) returned a view tensor. An in-place op on this view (e.g., `x += y`) will silently drop the pre-backward hook and skip the all-gather, which can cause backward to fail or produce wrong gradients. Use out-of-place ops (`out = out + y`, not `out += y`) or `.clone()` the output before any in-place op.
(WorkerDict pid=2434)   output = self._register_pre_backward_hook(output)
(SimpleStorageUnit pid=2270) 2026-09-14 07:41:04,320 - INFO - transfer_queue.utils.perf_utils - TQ_STORAGE_UNIT_14be62ca: [Performance] Total success requests: 22, Total req/min: 0.99, Total avg process time: 0.0124s;
(SimpleStorageUnit pid=2270) Time range: last 22.23 minutes;
(WorkerDict pid=2435) INFO:2026-09-14 08:00:25,270:[Rank 1] Saved model to /work/evidence/ocr-v1-100-12/checkpoints/global_step_36/actor/model_world_size_2_rank_1.pt
(WorkerDict pid=2435) /usr/local/lib/python3.12/dist-packages/torch/distributed/fsdp/_fully_shard/_fsdp_state.py:331: UserWarning: FSDP2-wrapped module (FSDPQwenImageTransformer2DModel) returned a view tensor. An in-place op on this view (e.g., `x += y`) will silently drop the pre-backward hook and skip the all-gather, which can cause backward to fail or produce wrong gradients. Use out-of-place ops (`out = out + y`, not `out += y`) or `.clone()` the output before any in-place op.
(WorkerDict pid=2435)   output = self._register_pre_backward_hook(output)
(WorkerDict pid=2435) INFO:2026-09-14 08:00:34,564:[Rank 1] Saved optim to /work/evidence/ocr-v1-100-12/checkpoints/global_step_36/actor/optim_world_size_2_rank_1.pt
(WorkerDict pid=2435) INFO:2026-09-14 08:00:34,566:[Rank 1] Saved extra_state to /work/evidence/ocr-v1-100-12/checkpoints/global_step_36/actor/extra_state_world_size_2_rank_1.pt
(WorkerDict pid=2434) /work/verl-core/verl/plugin/platform/platform_cuda.py:99: FutureWarning: torch.cuda._set_allocator_settings is deprecated. Use torch._C._accelerator_setAllocatorSettings instead.
(WorkerDict pid=2434)   torch.cuda.memory._set_allocator_settings(settings)
(TransferQueueController pid=2198) 2026-09-14 08:02:23,028 - INFO - transfer_queue.utils.perf_utils - TQ_CONTROLLER_bdabb3eb: [Performance] Total success requests: 187, Total req/min: 8.77, Total avg process time: 0.0003s;
(TransferQueueController pid=2198) Time range: last 21.31 minutes;
(TransferQueueController pid=2198) Per-operation statistics: KV_RETRIEVE_META: req_count=31, req/min=1.45, avg_time=0.001081s, max_time=0.002698s, min_time=0.000545s; CLEAR_META: req_count=2, req/min=0.09, avg_time=0.000347s, max_time=0.000402s, min_time=0.000291s; SET_CUSTOM_META: req_count=26, req/min=1.22, avg_time=0.000055s, max_time=0.000076s, min_time=0.000026s; KV_LIST: req_count=111, req/min=5.21, avg_time=0.000091s, max_time=0.000146s, min_time=0.000044s; NOTIFY_DATA_UPDATE: req_count=17, req/min=0.80, avg_time=0.000421s, max_time=0.000507s, min_time=0.000235s
(WorkerDict pid=2435) /work/verl-core/verl/plugin/platform/platform_cuda.py:99: FutureWarning: torch.cuda._set_allocator_settings is deprecated. Use torch._C._accelerator_setAllocatorSettings instead.
(WorkerDict pid=2435)   torch.cuda.memory._set_allocator_settings(settings)
(SimpleStorageUnit pid=2270) Per-operation statistics: GET_DATA: req_count=3, req/min=0.14, avg_time=0.014766s, max_time=0.014786s, min_time=0.014728s; CLEAR_DATA: req_count=2, req/min=0.09, avg_time=0.015286s, max_time=0.015683s, min_time=0.014890s; PUT_DATA: req_count=17, req/min=0.80, avg_time=0.013759s, max_time=0.016039s, min_time=0.005660s
(DiffusionTaskRunnerV1 pid=2013)
Diffusion Training:  36%|███▌      | 36/100 [4:45:19<23:16:35, 1309.31s/it]
(DiffusionTaskRunnerV1 pid=2013) step:36 - actor/policy_loss:9.81793662160635 - actor/positive_loss:0.1963907576398924 - actor/negative_loss:0.19633267469471322 - actor/ref_kl_loss:0.008250284194946288 - actor/old_deviate:0.0004124641418457031 - actor/reward_prob_mean:0.5000000018626451 - actor/total_loss:9.817937318608166 - actor/loss:9.81793737411499 - actor/grad_norm:0.0350341796875 - actor/lr:0.0003 - perf/mfu/actor:0.04106610543307507 - old_policy/update_applied:1.0 - old_policy/copy_update:1.0 - old_policy/ema_update:0.0 - old_policy/decay:0.0 - training/global_step:36 - training/epoch:0 - critic/rewards/mean:0.6985176205635071 - critic/rewards/max:1.0 - critic/rewards/min:0.0 - critic/rewards/zero_std_ratio:0.25 - critic/rewards/std_mean:0.2179601490497589 - critic/rewards/group_size:4.0 - timing_s/feed:0.05815180006902665 - timing_s/gen:221.7839394210605 - timing_s/reward:13.090062396018766 - timing_s/prepare_actor_batch:0.05795874400064349 - timing_s/update_actor:760.3919877409935 - timing_s/save_checkpoint:273.84667407698 - timing_s/update_weights:8.96458611509297 - timing_s/step:1278.3538547350327 - timing_per_image_ms/gen:13861.496213816281 - timing_per_image_ms/update_actor:47524.499233812094 - perf/total_num_images:16 - perf/time_per_step:1278.3538547350327 - perf/throughput:0.006258048169032336 - training/off_policy/trajectory_spans/mean:np.float64(1.0) - training/off_policy/trajectory_spans/max:np.int64(1) - training/off_policy/trajectory_spans/min:np.int64(1) - training/off_policy/trajectory_staleness/mean:np.float64(-1.0) - training/off_policy/trajectory_staleness/max:np.int64(-1) - training/off_policy/trajectory_staleness/min:np.int64(-1) - training/off_policy/trajectory_staleness_worst/mean:np.float64(-1.0) - training/off_policy/trajectory_staleness_worst/max:np.int64(-1) - training/off_policy/trajectory_staleness_worst/min:np.int64(-1)
(DiffusionTaskRunnerV1 pid=2013) Dumped diffusion generations to /work/evidence/ocr-v1-100-12/rollouts/36.jsonl
(WorkerDict pid=2434) /usr/local/lib/python3.12/dist-packages/torch/distributed/fsdp/_fully_shard/_fsdp_state.py:331: UserWarning: FSDP2-wrapped module (FSDPQwenImageTransformer2DModel) returned a view tensor. An in-place op on this view (e.g., `x += y`) will silently drop the pre-backward hook and skip the all-gather, which can cause backward to fail or produce wrong gradients. Use out-of-place ops (`out = out + y`, not `out += y`) or `.clone()` the output before any in-place op.
(WorkerDict pid=2434)   output = self._register_pre_backward_hook(output)
(SimpleStorageUnit pid=2270) 2026-09-14 08:02:23,077 - INFO - transfer_queue.utils.perf_utils - TQ_STORAGE_UNIT_14be62ca: [Performance] Total success requests: 22, Total req/min: 1.03, Total avg process time: 0.0140s;
(SimpleStorageUnit pid=2270) Time range: last 21.31 minutes;
(WorkerDict pid=2435) INFO:2026-09-14 08:22:42,918:[Rank 1] Saved model to /work/evidence/ocr-v1-100-12/checkpoints/global_step_37/actor/model_world_size_2_rank_1.pt
(WorkerDict pid=2435) /usr/local/lib/python3.12/dist-packages/torch/distributed/fsdp/_fully_shard/_fsdp_state.py:331: UserWarning: FSDP2-wrapped module (FSDPQwenImageTransformer2DModel) returned a view tensor. An in-place op on this view (e.g., `x += y`) will silently drop the pre-backward hook and skip the all-gather, which can cause backward to fail or produce wrong gradients. Use out-of-place ops (`out = out + y`, not `out += y`) or `.clone()` the output before any in-place op.
(WorkerDict pid=2435)   output = self._register_pre_backward_hook(output)
(WorkerDict pid=2435) INFO:2026-09-14 08:22:51,765:[Rank 1] Saved optim to /work/evidence/ocr-v1-100-12/checkpoints/global_step_37/actor/optim_world_size_2_rank_1.pt
(WorkerDict pid=2435) INFO:2026-09-14 08:22:52,186:[Rank 1] Saved extra_state to /work/evidence/ocr-v1-100-12/checkpoints/global_step_37/actor/extra_state_world_size_2_rank_1.pt
(WorkerDict pid=2434) /work/verl-core/verl/plugin/platform/platform_cuda.py:99: FutureWarning: torch.cuda._set_allocator_settings is deprecated. Use torch._C._accelerator_setAllocatorSettings instead.
(WorkerDict pid=2434)   torch.cuda.memory._set_allocator_settings(settings)
(TransferQueueController pid=2198) 2026-09-14 08:24:35,335 - INFO - transfer_queue.utils.perf_utils - TQ_CONTROLLER_bdabb3eb: [Performance] Total success requests: 187, Total req/min: 8.42, Total avg process time: 0.0003s;
(TransferQueueController pid=2198) Time range: last 22.21 minutes;
(TransferQueueController pid=2198) Per-operation statistics: KV_RETRIEVE_META: req_count=31, req/min=1.40, avg_time=0.001101s, max_time=0.002556s, min_time=0.000586s; CLEAR_META: req_count=2, req/min=0.09, avg_time=0.000340s, max_time=0.000410s, min_time=0.000271s; SET_CUSTOM_META: req_count=26, req/min=1.17, avg_time=0.000054s, max_time=0.000077s, min_time=0.000040s; KV_LIST: req_count=111, req/min=5.00, avg_time=0.000092s, max_time=0.000179s, min_time=0.000050s; NOTIFY_DATA_UPDATE: req_count=17, req/min=0.77, avg_time=0.000437s, max_time=0.000514s, min_time=0.000404s
(WorkerDict pid=2435) /work/verl-core/verl/plugin/platform/platform_cuda.py:99: FutureWarning: torch.cuda._set_allocator_settings is deprecated. Use torch._C._accelerator_setAllocatorSettings instead.
(WorkerDict pid=2435)   torch.cuda.memory._set_allocator_settings(settings)
(SimpleStorageUnit pid=2270) Per-operation statistics: GET_DATA: req_count=3, req/min=0.14, avg_time=0.014727s, max_time=0.014807s, min_time=0.014570s; CLEAR_DATA: req_count=2, req/min=0.09, avg_time=0.016630s, max_time=0.017623s, min_time=0.015638s; PUT_DATA: req_count=17, req/min=0.77, avg_time=0.013936s, max_time=0.015278s, min_time=0.005163s
(DiffusionTaskRunnerV1 pid=2013)
Diffusion Training:  37%|███▋      | 37/100 [5:07:32<23:02:05, 1316.28s/it]
(DiffusionTaskRunnerV1 pid=2013) step:37 - actor/policy_loss:7.761767115816474 - actor/positive_loss:0.15523761245422063 - actor/negative_loss:0.1552339198300615 - actor/ref_kl_loss:0.0066716670989990234 - actor/old_deviate:6.911754608154296e-05 - actor/reward_prob_mean:0.5 - actor/total_loss:7.761767707765102 - actor/loss:7.761767864227295 - actor/grad_norm:0.014984130859375 - actor/lr:0.0003 - perf/mfu/actor:0.041327475517812434 - old_policy/update_applied:0.0 - old_policy/copy_update:0.0 - old_policy/ema_update:0.0 - old_policy/decay:0.0 - training/global_step:37 - training/epoch:0 - critic/rewards/mean:0.3888888955116272 - critic/rewards/max:1.0 - critic/rewards/min:0.0 - critic/rewards/zero_std_ratio:0.5 - critic/rewards/std_mean:0.13189031183719635 - critic/rewards/group_size:4.0 - timing_s/feed:0.060846687061712146 - timing_s/gen:221.75958767393604 - timing_s/reward:72.9225674039917 - timing_s/prepare_actor_batch:0.05391452903859317 - timing_s/update_actor:754.7767728060717 - timing_s/save_checkpoint:275.1720347220544 - timing_s/update_weights:7.103651906945743 - timing_s/step:1331.9891302050091 - timing_per_image_ms/gen:13859.974229621002 - timing_per_image_ms/update_actor:47173.54830037948 - perf/total_num_images:16 - perf/time_per_step:1331.9891302050091 - perf/throughput:0.006006055018458524 - training/off_policy/trajectory_spans/mean:np.float64(1.0) - training/off_policy/trajectory_spans/max:np.int64(1) - training/off_policy/trajectory_spans/min:np.int64(1) - training/off_policy/trajectory_staleness/mean:np.float64(-1.0) - training/off_policy/trajectory_staleness/max:np.int64(-1) - training/off_policy/trajectory_staleness/min:np.int64(-1) - training/off_policy/trajectory_staleness_worst/mean:np.float64(-1.0) - training/off_policy/trajectory_staleness_worst/max:np.int64(-1) - training/off_policy/trajectory_staleness_worst/min:np.int64(-1)
(DiffusionTaskRunnerV1 pid=2013) Dumped diffusion generations to /work/evidence/ocr-v1-100-12/rollouts/37.jsonl
(WorkerDict pid=2434) /usr/local/lib/python3.12/dist-packages/torch/distributed/fsdp/_fully_shard/_fsdp_state.py:331: UserWarning: FSDP2-wrapped module (FSDPQwenImageTransformer2DModel) returned a view tensor. An in-place op on this view (e.g., `x += y`) will silently drop the pre-backward hook and skip the all-gather, which can cause backward to fail or produce wrong gradients. Use out-of-place ops (`out = out + y`, not `out += y`) or `.clone()` the output before any in-place op.
(WorkerDict pid=2434)   output = self._register_pre_backward_hook(output)
(SimpleStorageUnit pid=2270) 2026-09-14 08:24:35,369 - INFO - transfer_queue.utils.perf_utils - TQ_STORAGE_UNIT_14be62ca: [Performance] Total success requests: 22, Total req/min: 0.99, Total avg process time: 0.0143s;
(SimpleStorageUnit pid=2270) Time range: last 22.20 minutes;
(WorkerDict pid=2435) INFO:2026-09-14 08:44:54,248:[Rank 1] Saved model to /work/evidence/ocr-v1-100-12/checkpoints/global_step_38/actor/model_world_size_2_rank_1.pt
(WorkerDict pid=2435) /usr/local/lib/python3.12/dist-packages/torch/distributed/fsdp/_fully_shard/_fsdp_state.py:331: UserWarning: FSDP2-wrapped module (FSDPQwenImageTransformer2DModel) returned a view tensor. An in-place op on this view (e.g., `x += y`) will silently drop the pre-backward hook and skip the all-gather, which can cause backward to fail or produce wrong gradients. Use out-of-place ops (`out = out + y`, not `out += y`) or `.clone()` the output before any in-place op.
(WorkerDict pid=2435)   output = self._register_pre_backward_hook(output)
(WorkerDict pid=2435) INFO:2026-09-14 08:45:03,638:[Rank 1] Saved optim to /work/evidence/ocr-v1-100-12/checkpoints/global_step_38/actor/optim_world_size_2_rank_1.pt
(WorkerDict pid=2435) INFO:2026-09-14 08:45:04,837:[Rank 1] Saved extra_state to /work/evidence/ocr-v1-100-12/checkpoints/global_step_38/actor/extra_state_world_size_2_rank_1.pt
(WorkerDict pid=2434) /work/verl-core/verl/plugin/platform/platform_cuda.py:99: FutureWarning: torch.cuda._set_allocator_settings is deprecated. Use torch._C._accelerator_setAllocatorSettings instead.
(WorkerDict pid=2434)   torch.cuda.memory._set_allocator_settings(settings)
(TransferQueueController pid=2198) 2026-09-14 08:46:46,009 - INFO - transfer_queue.utils.perf_utils - TQ_CONTROLLER_bdabb3eb: [Performance] Total success requests: 187, Total req/min: 8.43, Total avg process time: 0.0003s;
(TransferQueueController pid=2198) Time range: last 22.18 minutes;
(TransferQueueController pid=2198) Per-operation statistics: KV_RETRIEVE_META: req_count=31, req/min=1.40, avg_time=0.001046s, max_time=0.002570s, min_time=0.000392s; CLEAR_META: req_count=2, req/min=0.09, avg_time=0.000286s, max_time=0.000387s, min_time=0.000184s; SET_CUSTOM_META: req_count=26, req/min=1.17, avg_time=0.000054s, max_time=0.000083s, min_time=0.000019s; KV_LIST: req_count=111, req/min=5.00, avg_time=0.000093s, max_time=0.000143s, min_time=0.000045s; NOTIFY_DATA_UPDATE: req_count=17, req/min=0.77, avg_time=0.000447s, max_time=0.000648s, min_time=0.000217s
(WorkerDict pid=2435) /work/verl-core/verl/plugin/platform/platform_cuda.py:99: FutureWarning: torch.cuda._set_allocator_settings is deprecated. Use torch._C._accelerator_setAllocatorSettings instead.
(WorkerDict pid=2435)   torch.cuda.memory._set_allocator_settings(settings)
(SimpleStorageUnit pid=2270) Per-operation statistics: GET_DATA: req_count=3, req/min=0.14, avg_time=0.011666s, max_time=0.015691s, min_time=0.004504s; CLEAR_DATA: req_count=2, req/min=0.09, avg_time=0.015207s, max_time=0.015587s, min_time=0.014827s; PUT_DATA: req_count=17, req/min=0.77, avg_time=0.012020s, max_time=0.021293s, min_time=0.004886s
(DiffusionTaskRunnerV1 pid=2013)
Diffusion Training:  38%|███▊      | 38/100 [5:29:42<22:44:38, 1320.62s/it]
(DiffusionTaskRunnerV1 pid=2013) step:38 - actor/policy_loss:9.615855315327645 - actor/positive_loss:0.19229462232906372 - actor/negative_loss:0.1923344731098041 - actor/ref_kl_loss:0.007590723037719727 - actor/old_deviate:0.0002765148878097534 - actor/reward_prob_mean:0.5 - actor/total_loss:9.615855998545886 - actor/loss:9.615855693817139 - actor/grad_norm:0.0230712890625 - actor/lr:0.0003 - perf/mfu/actor:0.04115372344373276 - old_policy/update_applied:1.0 - old_policy/copy_update:1.0 - old_policy/ema_update:0.0 - old_policy/decay:0.0 - training/global_step:38 - training/epoch:0 - critic/rewards/mean:0.4404871463775635 - critic/rewards/max:1.0 - critic/rewards/min:0.0 - critic/rewards/zero_std_ratio:0.0 - critic/rewards/std_mean:0.2920939028263092 - critic/rewards/group_size:4.0 - timing_s/feed:0.06062866793945432 - timing_s/gen:221.8457755659474 - timing_s/reward:72.9850796200335 - timing_s/prepare_actor_batch:0.055074619012884796 - timing_s/update_actor:760.1432244949974 - timing_s/save_checkpoint:265.8507658469025 - timing_s/update_weights:9.173573903972283 - timing_s/step:1330.2558596460149 - timing_per_image_ms/gen:13865.360972871713 - timing_per_image_ms/update_actor:47508.95153093734 - perf/total_num_images:16 - perf/time_per_step:1330.2558596460149 - perf/throughput:0.006013880669639616 - training/off_policy/trajectory_spans/mean:np.float64(1.0) - training/off_policy/trajectory_spans/max:np.int64(1) - training/off_policy/trajectory_spans/min:np.int64(1) - training/off_policy/trajectory_staleness/mean:np.float64(-1.0) - training/off_policy/trajectory_staleness/max:np.int64(-1) - training/off_policy/trajectory_staleness/min:np.int64(-1) - training/off_policy/trajectory_staleness_worst/mean:np.float64(-1.0) - training/off_policy/trajectory_staleness_worst/max:np.int64(-1) - training/off_policy/trajectory_staleness_worst/min:np.int64(-1)
(DiffusionTaskRunnerV1 pid=2013) Dumped diffusion generations to /work/evidence/ocr-v1-100-12/rollouts/38.jsonl
(WorkerDict pid=2434) /usr/local/lib/python3.12/dist-packages/torch/distributed/fsdp/_fully_shard/_fsdp_state.py:331: UserWarning: FSDP2-wrapped module (FSDPQwenImageTransformer2DModel) returned a view tensor. An in-place op on this view (e.g., `x += y`) will silently drop the pre-backward hook and skip the all-gather, which can cause backward to fail or produce wrong gradients. Use out-of-place ops (`out = out + y`, not `out += y`) or `.clone()` the output before any in-place op.
(WorkerDict pid=2434)   output = self._register_pre_backward_hook(output)
(SimpleStorageUnit pid=2270) 2026-09-14 08:46:46,089 - INFO - transfer_queue.utils.perf_utils - TQ_STORAGE_UNIT_14be62ca: [Performance] Total success requests: 22, Total req/min: 0.99, Total avg process time: 0.0123s;
(SimpleStorageUnit pid=2270) Time range: last 22.18 minutes;
(WorkerDict pid=2435) INFO:2026-09-14 09:07:11,293:[Rank 1] Saved model to /work/evidence/ocr-v1-100-12/checkpoints/global_step_39/actor/model_world_size_2_rank_1.pt
(WorkerDict pid=2435) /usr/local/lib/python3.12/dist-packages/torch/distributed/fsdp/_fully_shard/_fsdp_state.py:331: UserWarning: FSDP2-wrapped module (FSDPQwenImageTransformer2DModel) returned a view tensor. An in-place op on this view (e.g., `x += y`) will silently drop the pre-backward hook and skip the all-gather, which can cause backward to fail or produce wrong gradients. Use out-of-place ops (`out = out + y`, not `out += y`) or `.clone()` the output before any in-place op.
(WorkerDict pid=2435)   output = self._register_pre_backward_hook(output)
(WorkerDict pid=2435) INFO:2026-09-14 09:07:20,029:[Rank 1] Saved optim to /work/evidence/ocr-v1-100-12/checkpoints/global_step_39/actor/optim_world_size_2_rank_1.pt
(WorkerDict pid=2435) INFO:2026-09-14 09:07:20,036:[Rank 1] Saved extra_state to /work/evidence/ocr-v1-100-12/checkpoints/global_step_39/actor/extra_state_world_size_2_rank_1.pt
(WorkerDict pid=2435) /work/verl-core/verl/plugin/platform/platform_cuda.py:99: FutureWarning: torch.cuda._set_allocator_settings is deprecated. Use torch._C._accelerator_setAllocatorSettings instead.
(WorkerDict pid=2435)   torch.cuda.memory._set_allocator_settings(settings)
(TransferQueueController pid=2198) 2026-09-14 09:09:04,935 - INFO - transfer_queue.utils.perf_utils - TQ_CONTROLLER_bdabb3eb: [Performance] Total success requests: 187, Total req/min: 8.38, Total avg process time: 0.0003s;
(TransferQueueController pid=2198) Time range: last 22.32 minutes;
(TransferQueueController pid=2198) Per-operation statistics: KV_RETRIEVE_META: req_count=31, req/min=1.39, avg_time=0.000937s, max_time=0.002513s, min_time=0.000272s; CLEAR_META: req_count=2, req/min=0.09, avg_time=0.000357s, max_time=0.000435s, min_time=0.000278s; SET_CUSTOM_META: req_count=26, req/min=1.17, avg_time=0.000053s, max_time=0.000075s, min_time=0.000019s; KV_LIST: req_count=111, req/min=4.97, avg_time=0.000094s, max_time=0.000282s, min_time=0.000045s; NOTIFY_DATA_UPDATE: req_count=17, req/min=0.76, avg_time=0.000400s, max_time=0.000484s, min_time=0.000168s
(WorkerDict pid=2434) /work/verl-core/verl/plugin/platform/platform_cuda.py:99: FutureWarning: torch.cuda._set_allocator_settings is deprecated. Use torch._C._accelerator_setAllocatorSettings instead.
(WorkerDict pid=2434)   torch.cuda.memory._set_allocator_settings(settings)
(SimpleStorageUnit pid=2270) Per-operation statistics: GET_DATA: req_count=3, req/min=0.13, avg_time=0.011430s, max_time=0.014885s, min_time=0.006292s; CLEAR_DATA: req_count=2, req/min=0.09, avg_time=0.010545s, max_time=0.014750s, min_time=0.006341s; PUT_DATA: req_count=17, req/min=0.76, avg_time=0.013805s, max_time=0.016101s, min_time=0.005125s
(DiffusionTaskRunnerV1 pid=2013)
Diffusion Training:  39%|███▉      | 39/100 [5:52:01<22:28:13, 1326.12s/it]
(DiffusionTaskRunnerV1 pid=2013) step:39 - actor/policy_loss:10.053759937360883 - actor/positive_loss:0.20107542315963656 - actor/negative_loss:0.20107459938153624 - actor/ref_kl_loss:0.007684993743896484 - actor/old_deviate:5.3960829973220825e-05 - actor/reward_prob_mean:0.5000000037252903 - actor/total_loss:10.053760562092066 - actor/loss:10.053760528564453 - actor/grad_norm:0.022918701171875 - actor/lr:0.0003 - perf/mfu/actor:0.041239806234842455 - old_policy/update_applied:0.0 - old_policy/copy_update:0.0 - old_policy/ema_update:0.0 - old_policy/decay:0.0 - training/global_step:39 - training/epoch:0 - critic/rewards/mean:0.3673819303512573 - critic/rewards/max:1.0 - critic/rewards/min:0.0 - critic/rewards/zero_std_ratio:0.0 - critic/rewards/std_mean:0.18280109763145447 - critic/rewards/group_size:4.0 - timing_s/feed:0.06976080499589443 - timing_s/gen:221.8033765628934 - timing_s/reward:72.68911097594537 - timing_s/prepare_actor_batch:0.04085965594276786 - timing_s/update_actor:757.2855900080176 - timing_s/save_checkpoint:278.74757171596866 - timing_s/update_weights:7.759789239964448 - timing_s/step:1338.5246093219612 - timing_per_image_ms/gen:13862.711035180837 - timing_per_image_ms/update_actor:47330.3493755011 - perf/total_num_images:16 - perf/time_per_step:1338.5246093219612 - perf/throughput:0.005976729859343008 - training/off_policy/trajectory_spans/mean:np.float64(1.0) - training/off_policy/trajectory_spans/max:np.int64(1) - training/off_policy/trajectory_spans/min:np.int64(1) - training/off_policy/trajectory_staleness/mean:np.float64(-1.0) - training/off_policy/trajectory_staleness/max:np.int64(-1) - training/off_policy/trajectory_staleness/min:np.int64(-1) - training/off_policy/trajectory_staleness_worst/mean:np.float64(-1.0) - training/off_policy/trajectory_staleness_worst/max:np.int64(-1) - training/off_policy/trajectory_staleness_worst/min:np.int64(-1)
(DiffusionTaskRunnerV1 pid=2013) Dumped diffusion generations to /work/evidence/ocr-v1-100-12/rollouts/39.jsonl
(WorkerDict pid=2434) /usr/local/lib/python3.12/dist-packages/torch/distributed/fsdp/_fully_shard/_fsdp_state.py:331: UserWarning: FSDP2-wrapped module (FSDPQwenImageTransformer2DModel) returned a view tensor. An in-place op on this view (e.g., `x += y`) will silently drop the pre-backward hook and skip the all-gather, which can cause backward to fail or produce wrong gradients. Use out-of-place ops (`out = out + y`, not `out += y`) or `.clone()` the output before any in-place op.
(WorkerDict pid=2434)   output = self._register_pre_backward_hook(output)
(SimpleStorageUnit pid=2270) 2026-09-14 09:09:04,961 - INFO - transfer_queue.utils.perf_utils - TQ_STORAGE_UNIT_14be62ca: [Performance] Total success requests: 22, Total req/min: 0.99, Total avg process time: 0.0132s;
(SimpleStorageUnit pid=2270) Time range: last 22.31 minutes;
(WorkerDict pid=2435) INFO:2026-09-14 09:28:29,571:[Rank 1] Saved model to /work/evidence/ocr-v1-100-12/checkpoints/global_step_40/actor/model_world_size_2_rank_1.pt
(WorkerDict pid=2435) /usr/local/lib/python3.12/dist-packages/torch/distributed/fsdp/_fully_shard/_fsdp_state.py:331: UserWarning: FSDP2-wrapped module (FSDPQwenImageTransformer2DModel) returned a view tensor. An in-place op on this view (e.g., `x += y`) will silently drop the pre-backward hook and skip the all-gather, which can cause backward to fail or produce wrong gradients. Use out-of-place ops (`out = out + y`, not `out += y`) or `.clone()` the output before any in-place op.
(WorkerDict pid=2435)   output = self._register_pre_backward_hook(output)
(WorkerDict pid=2435) INFO:2026-09-14 09:28:35,965:[Rank 1] Saved optim to /work/evidence/ocr-v1-100-12/checkpoints/global_step_40/actor/optim_world_size_2_rank_1.pt
(WorkerDict pid=2435) INFO:2026-09-14 09:28:36,243:[Rank 1] Saved extra_state to /work/evidence/ocr-v1-100-12/checkpoints/global_step_40/actor/extra_state_world_size_2_rank_1.pt
(WorkerDict pid=2434) /work/verl-core/verl/plugin/platform/platform_cuda.py:99: FutureWarning: torch.cuda._set_allocator_settings is deprecated. Use torch._C._accelerator_setAllocatorSettings instead.
(WorkerDict pid=2434)   torch.cuda.memory._set_allocator_settings(settings)
(TransferQueueController pid=2198) 2026-09-14 09:30:22,217 - INFO - transfer_queue.utils.perf_utils - TQ_CONTROLLER_bdabb3eb: [Performance] Total success requests: 187, Total req/min: 8.78, Total avg process time: 0.0002s;
(TransferQueueController pid=2198) Time range: last 21.29 minutes;
(TransferQueueController pid=2198) Per-operation statistics: KV_RETRIEVE_META: req_count=31, req/min=1.46, avg_time=0.000680s, max_time=0.002516s, min_time=0.000198s; CLEAR_META: req_count=2, req/min=0.09, avg_time=0.000163s, max_time=0.000198s, min_time=0.000128s; SET_CUSTOM_META: req_count=26, req/min=1.22, avg_time=0.000041s, max_time=0.000066s, min_time=0.000014s; KV_LIST: req_count=111, req/min=5.21, avg_time=0.000081s, max_time=0.000136s, min_time=0.000031s; NOTIFY_DATA_UPDATE: req_count=17, req/min=0.80, avg_time=0.000367s, max_time=0.000498s, min_time=0.000135s
(WorkerDict pid=2435) /work/verl-core/verl/plugin/platform/platform_cuda.py:99: FutureWarning: torch.cuda._set_allocator_settings is deprecated. Use torch._C._accelerator_setAllocatorSettings instead.
(WorkerDict pid=2435)   torch.cuda.memory._set_allocator_settings(settings)
(SimpleStorageUnit pid=2270) Per-operation statistics: GET_DATA: req_count=2, req/min=0.09, avg_time=0.007324s, max_time=0.008488s, min_time=0.006160s; CLEAR_DATA: req_count=2, req/min=0.09, avg_time=0.006155s, max_time=0.006849s, min_time=0.005460s; PUT_DATA: req_count=18, req/min=0.81, avg_time=0.013839s, max_time=0.027276s, min_time=0.004131s
(SimpleStorageUnit pid=2270) 2026-09-14 09:31:17,128 - INFO - transfer_queue.utils.perf_utils - TQ_STORAGE_UNIT_14be62ca: [Performance] Total success requests: 22, Total req/min: 0.99, Total avg process time: 0.0125s;
(SimpleStorageUnit pid=2270) Time range: last 22.20 minutes;
(TransferQueueController pid=2198) 2026-09-14 09:35:22,932 - INFO - transfer_queue.utils.perf_utils - TQ_CONTROLLER_bdabb3eb: [Performance] Total success requests: 241, Total req/min: 48.09, Total avg process time: 0.0001s;
(TransferQueueController pid=2198) Time range: last 5.01 minutes;
(TransferQueueController pid=2198) Per-operation statistics: SET_CUSTOM_META: req_count=43, req/min=8.58, avg_time=0.000022s, max_time=0.000058s, min_time=0.000009s; KV_RETRIEVE_META: req_count=42, req/min=8.38, avg_time=0.000322s, max_time=0.000913s, min_time=0.000166s; KV_LIST: req_count=151, req/min=30.13, avg_time=0.000121s, max_time=0.000212s, min_time=0.000033s; NOTIFY_DATA_UPDATE: req_count=5, req/min=1.00, avg_time=0.000423s, max_time=0.000457s, min_time=0.000403s
(SimpleStorageUnit pid=2270) Per-operation statistics: PUT_DATA: req_count=6, req/min=1.10, avg_time=0.014948s, max_time=0.015066s, min_time=0.014816s
(SimpleStorageUnit pid=2270) 2026-09-14 09:36:43,830 - INFO - transfer_queue.utils.perf_utils - TQ_STORAGE_UNIT_14be62ca: [Performance] Total success requests: 6, Total req/min: 1.10, Total avg process time: 0.0149s;
(SimpleStorageUnit pid=2270) Time range: last 5.45 minutes;
(TransferQueueController pid=2198) 2026-09-14 09:40:23,596 - INFO - transfer_queue.utils.perf_utils - TQ_CONTROLLER_bdabb3eb: [Performance] Total success requests: 180, Total req/min: 35.92, Total avg process time: 0.0002s;
(TransferQueueController pid=2198) Time range: last 5.01 minutes;
(TransferQueueController pid=2198) Per-operation statistics: KV_LIST: req_count=150, req/min=29.93, avg_time=0.000131s, max_time=0.000189s, min_time=0.000051s; KV_RETRIEVE_META: req_count=12, req/min=2.39, avg_time=0.000791s, max_time=0.000919s, min_time=0.000564s; NOTIFY_DATA_UPDATE: req_count=6, req/min=1.20, avg_time=0.000468s, max_time=0.000552s, min_time=0.000383s; SET_CUSTOM_META: req_count=12, req/min=2.39, avg_time=0.000057s, max_time=0.000097s, min_time=0.000044s
(SimpleStorageUnit pid=2270) Per-operation statistics: PUT_DATA: req_count=6, req/min=1.10, avg_time=0.014328s, max_time=0.018335s, min_time=0.006431s
(SimpleStorageUnit pid=2270) 2026-09-14 09:42:11,902 - INFO - transfer_queue.utils.perf_utils - TQ_STORAGE_UNIT_14be62ca: [Performance] Total success requests: 6, Total req/min: 1.10, Total avg process time: 0.0143s;
(SimpleStorageUnit pid=2270) Time range: last 5.47 minutes;
(TransferQueueController pid=2198) 2026-09-14 09:45:24,285 - INFO - transfer_queue.utils.perf_utils - TQ_CONTROLLER_bdabb3eb: [Performance] Total success requests: 175, Total req/min: 34.92, Total avg process time: 0.0002s;
(TransferQueueController pid=2198) Time range: last 5.01 minutes;
(TransferQueueController pid=2198) Per-operation statistics: KV_LIST: req_count=150, req/min=29.93, avg_time=0.000129s, max_time=0.000218s, min_time=0.000053s; KV_RETRIEVE_META: req_count=10, req/min=2.00, avg_time=0.000787s, max_time=0.000907s, min_time=0.000618s; NOTIFY_DATA_UPDATE: req_count=5, req/min=1.00, avg_time=0.000441s, max_time=0.000507s, min_time=0.000406s; SET_CUSTOM_META: req_count=10, req/min=2.00, avg_time=0.000060s, max_time=0.000082s, min_time=0.000050s
(SimpleStorageUnit pid=2270) Per-operation statistics: PUT_DATA: req_count=6, req/min=1.10, avg_time=0.015180s, max_time=0.015363s, min_time=0.015035s
(SimpleStorageUnit pid=2270) 2026-09-14 09:47:39,279 - INFO - transfer_queue.utils.perf_utils - TQ_STORAGE_UNIT_14be62ca: [Performance] Total success requests: 6, Total req/min: 1.10, Total avg process time: 0.0152s;
(SimpleStorageUnit pid=2270) Time range: last 5.46 minutes;
(TransferQueueController pid=2198) 2026-09-14 09:50:24,975 - INFO - transfer_queue.utils.perf_utils - TQ_CONTROLLER_bdabb3eb: [Performance] Total success requests: 180, Total req/min: 35.92, Total avg process time: 0.0002s;
(TransferQueueController pid=2198) Time range: last 5.01 minutes;
(TransferQueueController pid=2198) Per-operation statistics: KV_LIST: req_count=150, req/min=29.93, avg_time=0.000127s, max_time=0.000214s, min_time=0.000057s; KV_RETRIEVE_META: req_count=12, req/min=2.39, avg_time=0.000807s, max_time=0.001021s, min_time=0.000630s; NOTIFY_DATA_UPDATE: req_count=6, req/min=1.20, avg_time=0.000423s, max_time=0.000482s, min_time=0.000393s; SET_CUSTOM_META: req_count=12, req/min=2.39, avg_time=0.000054s, max_time=0.000058s, min_time=0.000050s
(SimpleStorageUnit pid=2270) Per-operation statistics: PUT_DATA: req_count=6, req/min=1.10, avg_time=0.015184s, max_time=0.015378s, min_time=0.015029s
(SimpleStorageUnit pid=2270) 2026-09-14 09:53:06,007 - INFO - transfer_queue.utils.perf_utils - TQ_STORAGE_UNIT_14be62ca: [Performance] Total success requests: 6, Total req/min: 1.10, Total avg process time: 0.0152s;
(SimpleStorageUnit pid=2270) Time range: last 5.45 minutes;
(TransferQueueController pid=2198) 2026-09-14 09:55:25,657 - INFO - transfer_queue.utils.perf_utils - TQ_CONTROLLER_bdabb3eb: [Performance] Total success requests: 175, Total req/min: 34.92, Total avg process time: 0.0002s;
(TransferQueueController pid=2198) Time range: last 5.01 minutes;
(TransferQueueController pid=2198) Per-operation statistics: KV_LIST: req_count=150, req/min=29.93, avg_time=0.000135s, max_time=0.000201s, min_time=0.000065s; KV_RETRIEVE_META: req_count=10, req/min=2.00, avg_time=0.000763s, max_time=0.001041s, min_time=0.000372s; NOTIFY_DATA_UPDATE: req_count=5, req/min=1.00, avg_time=0.000435s, max_time=0.000508s, min_time=0.000404s; SET_CUSTOM_META: req_count=10, req/min=2.00, avg_time=0.000059s, max_time=0.000088s, min_time=0.000049s
(SimpleStorageUnit pid=2270) Per-operation statistics: PUT_DATA: req_count=6, req/min=1.10, avg_time=0.014531s, max_time=0.020867s, min_time=0.005628s
(SimpleStorageUnit pid=2270) 2026-09-14 09:58:32,940 - INFO - transfer_queue.utils.perf_utils - TQ_STORAGE_UNIT_14be62ca: [Performance] Total success requests: 6, Total req/min: 1.10, Total avg process time: 0.0145s;
(SimpleStorageUnit pid=2270) Time range: last 5.45 minutes;
(TransferQueueController pid=2198) 2026-09-14 10:00:46,494 - INFO - transfer_queue.utils.perf_utils - TQ_CONTROLLER_bdabb3eb: [Performance] Total success requests: 150, Total req/min: 28.05, Total avg process time: 0.0003s;
(TransferQueueController pid=2198) Time range: last 5.35 minutes;
(TransferQueueController pid=2198) Per-operation statistics: KV_LIST: req_count=121, req/min=22.63, avg_time=0.000139s, max_time=0.000220s, min_time=0.000059s; KV_RETRIEVE_META: req_count=13, req/min=2.43, avg_time=0.001344s, max_time=0.004186s, min_time=0.000640s; NOTIFY_DATA_UPDATE: req_count=5, req/min=0.94, avg_time=0.000455s, max_time=0.000582s, min_time=0.000398s; SET_CUSTOM_META: req_count=10, req/min=1.87, avg_time=0.000061s, max_time=0.000080s, min_time=0.000050s; CLEAR_META: req_count=1, req/min=0.19, avg_time=0.000502s, max_time=0.000502s, min_time=0.000502s
(DiffusionTaskRunnerV1 pid=2013) Dumped diffusion generations to /work/evidence/ocr-v1-100-12/validation/40.jsonl
(DiffusionTaskRunnerV1 pid=2013)
Diffusion Training:  40%|████      | 40/100 [6:43:43<31:00:06, 1860.10s/it]
(DiffusionTaskRunnerV1 pid=2013) step:40 - actor/policy_loss:9.758130552247167 - actor/positive_loss:0.19518677924061195 - actor/negative_loss:0.19514134033815936 - actor/ref_kl_loss:0.007701969146728515 - actor/old_deviate:0.0002137407660484314 - actor/reward_prob_mean:0.5000000037252903 - actor/total_loss:9.758131220191718 - actor/loss:9.75813102722168 - actor/grad_norm:0.021728515625 - actor/lr:0.0003 - perf/mfu/actor:0.04137217955434887 - old_policy/update_applied:1.0 - old_policy/copy_update:1.0 - old_policy/ema_update:0.0 - old_policy/decay:0.0 - val-core/flow_grpo/ocr/reward/mean@1:np.float64(0.5800898185698316) - val-aux/num_turns/min:2 - val-aux/num_turns/max:2 - val-aux/num_turns/mean:np.float64(2.0) - training/global_step:40 - training/epoch:0 - critic/rewards/mean:0.7523809671401978 - critic/rewards/max:1.0 - critic/rewards/min:0.095238097012043 - critic/rewards/zero_std_ratio:0.25 - critic/rewards/std_mean:0.1841139942407608 - critic/rewards/group_size:4.0 - timing_s/feed:0.06448549893684685 - timing_s/gen:221.71083636500407 - timing_s/reward:12.391203759005293 - timing_s/prepare_actor_batch:0.038478152942843735 - timing_s/update_actor:759.3812093560118 - timing_s/save_checkpoint:274.59113632305525 - timing_s/update_weights:8.297974223969504 - timing_s/step:1276.5897283789236 - timing_s/testing:1824.727974834037 - timing_per_image_ms/gen:13856.927272812754 - timing_per_image_ms/update_actor:47461.32558475074 - perf/total_num_images:16 - perf/time_per_step:1276.5897283789236 - perf/throughput:0.0062666962001635355 - training/off_policy/trajectory_spans/mean:np.float64(1.0) - training/off_policy/trajectory_spans/max:np.int64(1) - training/off_policy/trajectory_spans/min:np.int64(1) - training/off_policy/trajectory_staleness/mean:np.float64(-1.0) - training/off_policy/trajectory_staleness/max:np.int64(-1) - training/off_policy/trajectory_staleness/min:np.int64(-1) - training/off_policy/trajectory_staleness_worst/mean:np.float64(-1.0) - training/off_policy/trajectory_staleness_worst/max:np.int64(-1) - training/off_policy/trajectory_staleness_worst/min:np.int64(-1)
(DiffusionTaskRunnerV1 pid=2013) Dumped diffusion generations to /work/evidence/ocr-v1-100-12/rollouts/40.jsonl
(SimpleStorageUnit pid=2270) Per-operation statistics: PUT_DATA: req_count=14, req/min=2.69, avg_time=0.014494s, max_time=0.015557s, min_time=0.005418s; CLEAR_DATA: req_count=3, req/min=0.58, avg_time=0.015971s, max_time=0.017371s, min_time=0.015041s; GET_DATA: req_count=3, req/min=0.58, avg_time=0.014845s, max_time=0.014959s, min_time=0.014625s
(SimpleStorageUnit pid=2270) 2026-09-14 10:03:45,383 - INFO - transfer_queue.utils.perf_utils - TQ_STORAGE_UNIT_14be62ca: [Performance] Total success requests: 20, Total req/min: 3.84, Total avg process time: 0.0148s;
(SimpleStorageUnit pid=2270) Time range: last 5.21 minutes;
(WorkerDict pid=2434) /usr/local/lib/python3.12/dist-packages/torch/distributed/fsdp/_fully_shard/_fsdp_state.py:331: UserWarning: FSDP2-wrapped module (FSDPQwenImageTransformer2DModel) returned a view tensor. An in-place op on this view (e.g., `x += y`) will silently drop the pre-backward hook and skip the all-gather, which can cause backward to fail or produce wrong gradients. Use out-of-place ops (`out = out + y`, not `out += y`) or `.clone()` the output before any in-place op.
(WorkerDict pid=2434)   output = self._register_pre_backward_hook(output)
(WorkerDict pid=2435) INFO:2026-09-14 10:20:54,717:[Rank 1] Saved model to /work/evidence/ocr-v1-100-12/checkpoints/global_step_41/actor/model_world_size_2_rank_1.pt
(WorkerDict pid=2435) /usr/local/lib/python3.12/dist-packages/torch/distributed/fsdp/_fully_shard/_fsdp_state.py:331: UserWarning: FSDP2-wrapped module (FSDPQwenImageTransformer2DModel) returned a view tensor. An in-place op on this view (e.g., `x += y`) will silently drop the pre-backward hook and skip the all-gather, which can cause backward to fail or produce wrong gradients. Use out-of-place ops (`out = out + y`, not `out += y`) or `.clone()` the output before any in-place op.
(WorkerDict pid=2435)   output = self._register_pre_backward_hook(output)
(WorkerDict pid=2435) INFO:2026-09-14 10:21:03,848:[Rank 1] Saved optim to /work/evidence/ocr-v1-100-12/checkpoints/global_step_41/actor/optim_world_size_2_rank_1.pt
(WorkerDict pid=2435) INFO:2026-09-14 10:21:03,854:[Rank 1] Saved extra_state to /work/evidence/ocr-v1-100-12/checkpoints/global_step_41/actor/extra_state_world_size_2_rank_1.pt
(WorkerDict pid=2434) /work/verl-core/verl/plugin/platform/platform_cuda.py:99: FutureWarning: torch.cuda._set_allocator_settings is deprecated. Use torch._C._accelerator_setAllocatorSettings instead.
(WorkerDict pid=2434)   torch.cuda.memory._set_allocator_settings(settings)
(TransferQueueController pid=2198) 2026-09-14 10:23:04,011 - INFO - transfer_queue.utils.perf_utils - TQ_CONTROLLER_bdabb3eb: [Performance] Total success requests: 189, Total req/min: 8.48, Total avg process time: 0.0003s;
(TransferQueueController pid=2198) Time range: last 22.29 minutes;
(TransferQueueController pid=2198) Per-operation statistics: CLEAR_META: req_count=3, req/min=0.13, avg_time=0.000419s, max_time=0.000498s, min_time=0.000304s; KV_RETRIEVE_META: req_count=32, req/min=1.44, avg_time=0.001128s, max_time=0.003013s, min_time=0.000252s; SET_CUSTOM_META: req_count=26, req/min=1.17, avg_time=0.000049s, max_time=0.000064s, min_time=0.000017s; KV_LIST: req_count=111, req/min=4.98, avg_time=0.000097s, max_time=0.000268s, min_time=0.000046s; NOTIFY_DATA_UPDATE: req_count=17, req/min=0.76, avg_time=0.000393s, max_time=0.000466s, min_time=0.000183s
(WorkerDict pid=2435) /work/verl-core/verl/plugin/platform/platform_cuda.py:99: FutureWarning: torch.cuda._set_allocator_settings is deprecated. Use torch._C._accelerator_setAllocatorSettings instead.
(WorkerDict pid=2435)   torch.cuda.memory._set_allocator_settings(settings)
(SimpleStorageUnit pid=2270) Per-operation statistics: PUT_DATA: req_count=4, req/min=0.21, avg_time=0.015058s, max_time=0.015407s, min_time=0.014878s; CLEAR_DATA: req_count=1, req/min=0.05, avg_time=0.014918s, max_time=0.014918s, min_time=0.014918s; GET_DATA: req_count=2, req/min=0.10, avg_time=0.014877s, max_time=0.015095s, min_time=0.014658s
(DiffusionTaskRunnerV1 pid=2013)
Diffusion Training:  41%|████      | 41/100 [7:06:00<27:54:36, 1702.99s/it]
(DiffusionTaskRunnerV1 pid=2013) step:41 - actor/policy_loss:9.911993366479873 - actor/positive_loss:0.1982216564938426 - actor/negative_loss:0.1982542227371596 - actor/ref_kl_loss:0.006079983711242676 - actor/old_deviate:6.265342235565186e-05 - actor/reward_prob_mean:0.5 - actor/total_loss:9.9119938865304 - actor/loss:9.911993980407715 - actor/grad_norm:0.02789306640625 - actor/lr:0.0003 - perf/mfu/actor:0.04092917560625467 - old_policy/update_applied:0.0 - old_policy/copy_update:0.0 - old_policy/ema_update:0.0 - old_policy/decay:0.0 - training/global_step:41 - training/epoch:0 - critic/rewards/mean:0.36126893758773804 - critic/rewards/max:1.0 - critic/rewards/min:0.0 - critic/rewards/zero_std_ratio:0.0 - critic/rewards/std_mean:0.32156941294670105 - critic/rewards/group_size:4.0 - timing_s/feed:0.07154011190868914 - timing_s/gen:221.85353911598213 - timing_s/reward:12.844010137021542 - timing_s/prepare_actor_batch:0.05465521803125739 - timing_s/update_actor:757.3367472639075 - timing_s/save_checkpoint:336.05456746497657 - timing_s/update_weights:8.41694882302545 - timing_s/step:1336.7913104459876 - timing_per_image_ms/gen:13865.846194748883 - timing_per_image_ms/update_actor:47333.546703994216 - perf/total_num_images:16 - perf/time_per_step:1336.7913104459876 - perf/throughput:0.005984479355518099 - training/off_policy/trajectory_spans/mean:np.float64(1.0) - training/off_policy/trajectory_spans/max:np.int64(1) - training/off_policy/trajectory_spans/min:np.int64(1) - training/off_policy/trajectory_staleness/mean:np.float64(-1.0) - training/off_policy/trajectory_staleness/max:np.int64(-1) - training/off_policy/trajectory_staleness/min:np.int64(-1) - training/off_policy/trajectory_staleness_worst/mean:np.float64(-1.0) - training/off_policy/trajectory_staleness_worst/max:np.int64(-1) - training/off_policy/trajectory_staleness_worst/min:np.int64(-1)
(DiffusionTaskRunnerV1 pid=2013) Dumped diffusion generations to /work/evidence/ocr-v1-100-12/rollouts/41.jsonl
(WorkerDict pid=2434) /usr/local/lib/python3.12/dist-packages/torch/distributed/fsdp/_fully_shard/_fsdp_state.py:331: UserWarning: FSDP2-wrapped module (FSDPQwenImageTransformer2DModel) returned a view tensor. An in-place op on this view (e.g., `x += y`) will silently drop the pre-backward hook and skip the all-gather, which can cause backward to fail or produce wrong gradients. Use out-of-place ops (`out = out + y`, not `out += y`) or `.clone()` the output before any in-place op.
(WorkerDict pid=2434)   output = self._register_pre_backward_hook(output)
(SimpleStorageUnit pid=2270) 2026-09-14 10:23:04,046 - INFO - transfer_queue.utils.perf_utils - TQ_STORAGE_UNIT_14be62ca: [Performance] Total success requests: 7, Total req/min: 0.36, Total avg process time: 0.0150s;
(SimpleStorageUnit pid=2270) Time range: last 19.31 minutes;
(WorkerDict pid=2435) INFO:2026-09-14 10:42:16,932:[Rank 1] Saved model to /work/evidence/ocr-v1-100-12/checkpoints/global_step_42/actor/model_world_size_2_rank_1.pt
(WorkerDict pid=2435) /usr/local/lib/python3.12/dist-packages/torch/distributed/fsdp/_fully_shard/_fsdp_state.py:331: UserWarning: FSDP2-wrapped module (FSDPQwenImageTransformer2DModel) returned a view tensor. An in-place op on this view (e.g., `x += y`) will silently drop the pre-backward hook and skip the all-gather, which can cause backward to fail or produce wrong gradients. Use out-of-place ops (`out = out + y`, not `out += y`) or `.clone()` the output before any in-place op.
(WorkerDict pid=2435)   output = self._register_pre_backward_hook(output)
(WorkerDict pid=2435) INFO:2026-09-14 10:42:29,424:[Rank 1] Saved optim to /work/evidence/ocr-v1-100-12/checkpoints/global_step_42/actor/optim_world_size_2_rank_1.pt
(WorkerDict pid=2435) INFO:2026-09-14 10:42:30,573:[Rank 1] Saved extra_state to /work/evidence/ocr-v1-100-12/checkpoints/global_step_42/actor/extra_state_world_size_2_rank_1.pt
(WorkerDict pid=2434) /work/verl-core/verl/plugin/platform/platform_cuda.py:99: FutureWarning: torch.cuda._set_allocator_settings is deprecated. Use torch._C._accelerator_setAllocatorSettings instead.
(WorkerDict pid=2434)   torch.cuda.memory._set_allocator_settings(settings)
(TransferQueueController pid=2198) 2026-09-14 10:44:29,463 - INFO - transfer_queue.utils.perf_utils - TQ_CONTROLLER_bdabb3eb: [Performance] Total success requests: 187, Total req/min: 8.73, Total avg process time: 0.0003s;
(TransferQueueController pid=2198) Time range: last 21.42 minutes;
(TransferQueueController pid=2198) Per-operation statistics: KV_RETRIEVE_META: req_count=31, req/min=1.45, avg_time=0.001060s, max_time=0.002737s, min_time=0.000159s; CLEAR_META: req_count=2, req/min=0.09, avg_time=0.000364s, max_time=0.000443s, min_time=0.000284s; SET_CUSTOM_META: req_count=26, req/min=1.21, avg_time=0.000052s, max_time=0.000095s, min_time=0.000011s; KV_LIST: req_count=111, req/min=5.18, avg_time=0.000092s, max_time=0.000165s, min_time=0.000033s; NOTIFY_DATA_UPDATE: req_count=17, req/min=0.79, avg_time=0.000449s, max_time=0.000533s, min_time=0.000392s
(WorkerDict pid=2435) /work/verl-core/verl/plugin/platform/platform_cuda.py:99: FutureWarning: torch.cuda._set_allocator_settings is deprecated. Use torch._C._accelerator_setAllocatorSettings instead.
(WorkerDict pid=2435)   torch.cuda.memory._set_allocator_settings(settings)
(SimpleStorageUnit pid=2270) Per-operation statistics: GET_DATA: req_count=3, req/min=0.14, avg_time=0.011526s, max_time=0.015291s, min_time=0.004076s; CLEAR_DATA: req_count=2, req/min=0.09, avg_time=0.013053s, max_time=0.019470s, min_time=0.006637s; PUT_DATA: req_count=17, req/min=0.79, avg_time=0.015085s, max_time=0.018455s, min_time=0.006547s
(DiffusionTaskRunnerV1 pid=2013)
Diffusion Training:  42%|████▏     | 42/100 [7:27:26<25:24:58, 1577.55s/it]
(DiffusionTaskRunnerV1 pid=2013) step:42 - actor/policy_loss:10.312252470105886 - actor/positive_loss:0.2062345642130822 - actor/negative_loss:0.2062522062449716 - actor/ref_kl_loss:0.006998634338378907 - actor/old_deviate:0.0002525627613067627 - actor/reward_prob_mean:0.49999999813735485 - actor/total_loss:10.312253084033728 - actor/loss:10.312253475189209 - actor/grad_norm:0.010986328125 - actor/lr:0.0003 - perf/mfu/actor:0.04126804899841263 - old_policy/update_applied:1.0 - old_policy/copy_update:1.0 - old_policy/ema_update:0.0 - old_policy/decay:0.0 - training/global_step:42 - training/epoch:0 - critic/rewards/mean:0.46906566619873047 - critic/rewards/max:1.0 - critic/rewards/min:0.0 - critic/rewards/zero_std_ratio:0.5 - critic/rewards/std_mean:0.11606369912624359 - critic/rewards/group_size:4.0 - timing_s/feed:0.051919476012699306 - timing_s/gen:221.7771446990082 - timing_s/reward:12.673351812991314 - timing_s/prepare_actor_batch:0.04493631608784199 - timing_s/update_actor:759.021968866 - timing_s/save_checkpoint:284.1236313690897 - timing_s/update_weights:7.192834723042324 - timing_s/step:1284.9826422400074 - timing_per_image_ms/gen:13861.071543688013 - timing_per_image_ms/update_actor:47438.873054125 - perf/total_num_images:16 - perf/time_per_step:1284.9826422400074 - perf/throughput:0.006225765031389249 - training/off_policy/trajectory_spans/mean:np.float64(1.0) - training/off_policy/trajectory_spans/max:np.int64(1) - training/off_policy/trajectory_spans/min:np.int64(1) - training/off_policy/trajectory_staleness/mean:np.float64(-1.0) - training/off_policy/trajectory_staleness/max:np.int64(-1) - training/off_policy/trajectory_staleness/min:np.int64(-1) - training/off_policy/trajectory_staleness_worst/mean:np.float64(-1.0) - training/off_policy/trajectory_staleness_worst/max:np.int64(-1) - training/off_policy/trajectory_staleness_worst/min:np.int64(-1)
(DiffusionTaskRunnerV1 pid=2013) Dumped diffusion generations to /work/evidence/ocr-v1-100-12/rollouts/42.jsonl
(WorkerDict pid=2434) /usr/local/lib/python3.12/dist-packages/torch/distributed/fsdp/_fully_shard/_fsdp_state.py:331: UserWarning: FSDP2-wrapped module (FSDPQwenImageTransformer2DModel) returned a view tensor. An in-place op on this view (e.g., `x += y`) will silently drop the pre-backward hook and skip the all-gather, which can cause backward to fail or produce wrong gradients. Use out-of-place ops (`out = out + y`, not `out += y`) or `.clone()` the output before any in-place op.
(WorkerDict pid=2434)   output = self._register_pre_backward_hook(output)
(SimpleStorageUnit pid=2270) 2026-09-14 10:44:29,519 - INFO - transfer_queue.utils.perf_utils - TQ_STORAGE_UNIT_14be62ca: [Performance] Total success requests: 22, Total req/min: 1.03, Total avg process time: 0.0144s;
(SimpleStorageUnit pid=2270) Time range: last 21.42 minutes;
(WorkerDict pid=2435) INFO:2026-09-14 11:03:48,788:[Rank 1] Saved model to /work/evidence/ocr-v1-100-12/checkpoints/global_step_43/actor/model_world_size_2_rank_1.pt
(WorkerDict pid=2435) /usr/local/lib/python3.12/dist-packages/torch/distributed/fsdp/_fully_shard/_fsdp_state.py:331: UserWarning: FSDP2-wrapped module (FSDPQwenImageTransformer2DModel) returned a view tensor. An in-place op on this view (e.g., `x += y`) will silently drop the pre-backward hook and skip the all-gather, which can cause backward to fail or produce wrong gradients. Use out-of-place ops (`out = out + y`, not `out += y`) or `.clone()` the output before any in-place op.
(WorkerDict pid=2435)   output = self._register_pre_backward_hook(output)
(WorkerDict pid=2435) INFO:2026-09-14 11:03:54,367:[Rank 1] Saved optim to /work/evidence/ocr-v1-100-12/checkpoints/global_step_43/actor/optim_world_size_2_rank_1.pt
(WorkerDict pid=2435) INFO:2026-09-14 11:03:54,374:[Rank 1] Saved extra_state to /work/evidence/ocr-v1-100-12/checkpoints/global_step_43/actor/extra_state_world_size_2_rank_1.pt
(WorkerDict pid=2434) /work/verl-core/verl/plugin/platform/platform_cuda.py:99: FutureWarning: torch.cuda._set_allocator_settings is deprecated. Use torch._C._accelerator_setAllocatorSettings instead.
(WorkerDict pid=2434)   torch.cuda.memory._set_allocator_settings(settings)
(TransferQueueController pid=2198) 2026-09-14 11:05:39,694 - INFO - transfer_queue.utils.perf_utils - TQ_CONTROLLER_bdabb3eb: [Performance] Total success requests: 187, Total req/min: 8.83, Total avg process time: 0.0003s;
(TransferQueueController pid=2198) Time range: last 21.17 minutes;
(TransferQueueController pid=2198) Per-operation statistics: KV_RETRIEVE_META: req_count=31, req/min=1.46, avg_time=0.001067s, max_time=0.002672s, min_time=0.000250s; CLEAR_META: req_count=2, req/min=0.09, avg_time=0.000342s, max_time=0.000411s, min_time=0.000273s; SET_CUSTOM_META: req_count=26, req/min=1.23, avg_time=0.000050s, max_time=0.000084s, min_time=0.000018s; KV_LIST: req_count=111, req/min=5.24, avg_time=0.000089s, max_time=0.000143s, min_time=0.000041s; NOTIFY_DATA_UPDATE: req_count=17, req/min=0.80, avg_time=0.000412s, max_time=0.000579s, min_time=0.000178s
(WorkerDict pid=2435) /work/verl-core/verl/plugin/platform/platform_cuda.py:99: FutureWarning: torch.cuda._set_allocator_settings is deprecated. Use torch._C._accelerator_setAllocatorSettings instead.
(WorkerDict pid=2435)   torch.cuda.memory._set_allocator_settings(settings)
(SimpleStorageUnit pid=2270) Per-operation statistics: GET_DATA: req_count=3, req/min=0.14, avg_time=0.014994s, max_time=0.015103s, min_time=0.014863s; CLEAR_DATA: req_count=2, req/min=0.09, avg_time=0.015133s, max_time=0.015348s, min_time=0.014917s; PUT_DATA: req_count=17, req/min=0.80, avg_time=0.014780s, max_time=0.017216s, min_time=0.003998s
(DiffusionTaskRunnerV1 pid=2013)
Diffusion Training:  43%|████▎     | 43/100 [7:48:36<23:31:01, 1485.29s/it]
(DiffusionTaskRunnerV1 pid=2013) step:43 - actor/policy_loss:8.38876235075295 - actor/positive_loss:0.16777041559107603 - actor/negative_loss:0.16778175529325381 - actor/ref_kl_loss:0.007413911819458007 - actor/old_deviate:0.00025251060724258424 - actor/reward_prob_mean:0.49999999441206455 - actor/total_loss:8.388763008639216 - actor/loss:8.388762474060059 - actor/grad_norm:0.037109375 - actor/lr:0.0003 - perf/mfu/actor:0.041687217375925914 - old_policy/update_applied:0.0 - old_policy/copy_update:0.0 - old_policy/ema_update:0.0 - old_policy/decay:0.0 - training/global_step:43 - training/epoch:0 - critic/rewards/mean:0.6583945751190186 - critic/rewards/max:1.0 - critic/rewards/min:0.0 - critic/rewards/zero_std_ratio:0.0 - critic/rewards/std_mean:0.25857195258140564 - critic/rewards/group_size:4.0 - timing_s/feed:0.05870613700244576 - timing_s/gen:221.75933562102728 - timing_s/reward:12.497021812945604 - timing_s/prepare_actor_batch:0.05385428504087031 - timing_s/update_actor:756.1325525740394 - timing_s/save_checkpoint:272.2004554630257 - timing_s/update_weights:7.036609383998439 - timing_s/step:1269.872702360968 - timing_per_image_ms/gen:13859.958476314205 - timing_per_image_ms/update_actor:47258.284535877465 - perf/total_num_images:16 - perf/time_per_step:1269.872702360968 - perf/throughput:0.006299844059271665 - training/off_policy/trajectory_spans/mean:np.float64(1.0) - training/off_policy/trajectory_spans/max:np.int64(1) - training/off_policy/trajectory_spans/min:np.int64(1) - training/off_policy/trajectory_staleness/mean:np.float64(-1.0) - training/off_policy/trajectory_staleness/max:np.int64(-1) - training/off_policy/trajectory_staleness/min:np.int64(-1) - training/off_policy/trajectory_staleness_worst/mean:np.float64(-1.0) - training/off_policy/trajectory_staleness_worst/max:np.int64(-1) - training/off_policy/trajectory_staleness_worst/min:np.int64(-1)
(DiffusionTaskRunnerV1 pid=2013) Dumped diffusion generations to /work/evidence/ocr-v1-100-12/rollouts/43.jsonl
(WorkerDict pid=2434) /usr/local/lib/python3.12/dist-packages/torch/distributed/fsdp/_fully_shard/_fsdp_state.py:331: UserWarning: FSDP2-wrapped module (FSDPQwenImageTransformer2DModel) returned a view tensor. An in-place op on this view (e.g., `x += y`) will silently drop the pre-backward hook and skip the all-gather, which can cause backward to fail or produce wrong gradients. Use out-of-place ops (`out = out + y`, not `out += y`) or `.clone()` the output before any in-place op.
(WorkerDict pid=2434)   output = self._register_pre_backward_hook(output)
(SimpleStorageUnit pid=2270) 2026-09-14 11:05:39,729 - INFO - transfer_queue.utils.perf_utils - TQ_STORAGE_UNIT_14be62ca: [Performance] Total success requests: 22, Total req/min: 1.04, Total avg process time: 0.0148s;
(SimpleStorageUnit pid=2270) Time range: last 21.17 minutes;
(WorkerDict pid=2435) INFO:2026-09-14 11:25:58,830:[Rank 1] Saved model to /work/evidence/ocr-v1-100-12/checkpoints/global_step_44/actor/model_world_size_2_rank_1.pt
(WorkerDict pid=2435) /usr/local/lib/python3.12/dist-packages/torch/distributed/fsdp/_fully_shard/_fsdp_state.py:331: UserWarning: FSDP2-wrapped module (FSDPQwenImageTransformer2DModel) returned a view tensor. An in-place op on this view (e.g., `x += y`) will silently drop the pre-backward hook and skip the all-gather, which can cause backward to fail or produce wrong gradients. Use out-of-place ops (`out = out + y`, not `out += y`) or `.clone()` the output before any in-place op.
(WorkerDict pid=2435)   output = self._register_pre_backward_hook(output)
(WorkerDict pid=2435) INFO:2026-09-14 11:26:09,294:[Rank 1] Saved optim to /work/evidence/ocr-v1-100-12/checkpoints/global_step_44/actor/optim_world_size_2_rank_1.pt
(WorkerDict pid=2435) INFO:2026-09-14 11:26:09,297:[Rank 1] Saved extra_state to /work/evidence/ocr-v1-100-12/checkpoints/global_step_44/actor/extra_state_world_size_2_rank_1.pt
(WorkerDict pid=2434) /work/verl-core/verl/plugin/platform/platform_cuda.py:99: FutureWarning: torch.cuda._set_allocator_settings is deprecated. Use torch._C._accelerator_setAllocatorSettings instead.
(WorkerDict pid=2434)   torch.cuda.memory._set_allocator_settings(settings)
(TransferQueueController pid=2198) 2026-09-14 11:27:54,707 - INFO - transfer_queue.utils.perf_utils - TQ_CONTROLLER_bdabb3eb: [Performance] Total success requests: 187, Total req/min: 8.40, Total avg process time: 0.0003s;
(TransferQueueController pid=2198) Time range: last 22.25 minutes;
(TransferQueueController pid=2198) Per-operation statistics: KV_RETRIEVE_META: req_count=31, req/min=1.39, avg_time=0.001092s, max_time=0.003014s, min_time=0.000287s; CLEAR_META: req_count=2, req/min=0.09, avg_time=0.000364s, max_time=0.000441s, min_time=0.000286s; SET_CUSTOM_META: req_count=26, req/min=1.17, avg_time=0.000049s, max_time=0.000075s, min_time=0.000017s; KV_LIST: req_count=111, req/min=4.99, avg_time=0.000095s, max_time=0.000139s, min_time=0.000035s; NOTIFY_DATA_UPDATE: req_count=17, req/min=0.76, avg_time=0.000400s, max_time=0.000484s, min_time=0.000216s
(WorkerDict pid=2435) /work/verl-core/verl/plugin/platform/platform_cuda.py:99: FutureWarning: torch.cuda._set_allocator_settings is deprecated. Use torch._C._accelerator_setAllocatorSettings instead.
(WorkerDict pid=2435)   torch.cuda.memory._set_allocator_settings(settings)
(SimpleStorageUnit pid=2270) Per-operation statistics: GET_DATA: req_count=3, req/min=0.13, avg_time=0.011793s, max_time=0.015294s, min_time=0.005118s; CLEAR_DATA: req_count=2, req/min=0.09, avg_time=0.015993s, max_time=0.017215s, min_time=0.014770s; PUT_DATA: req_count=17, req/min=0.76, avg_time=0.013907s, max_time=0.020700s, min_time=0.006320s
(DiffusionTaskRunnerV1 pid=2013)
Diffusion Training:  44%|████▍     | 44/100 [8:10:51<22:24:11, 1440.21s/it]
(DiffusionTaskRunnerV1 pid=2013) step:44 - actor/policy_loss:9.572645381093025 - actor/positive_loss:0.19151780781103298 - actor/negative_loss:0.19138913245406003 - actor/ref_kl_loss:0.010913276672363283 - actor/old_deviate:0.0004224196076393127 - actor/reward_prob_mean:0.49999999441206455 - actor/total_loss:9.572646367549897 - actor/loss:9.572646141052246 - actor/grad_norm:0.03839111328125 - actor/lr:0.0003 - perf/mfu/actor:0.04129826686795744 - old_policy/update_applied:1.0 - old_policy/copy_update:1.0 - old_policy/ema_update:0.0 - old_policy/decay:0.0 - training/global_step:44 - training/epoch:0 - critic/rewards/mean:0.4894719123840332 - critic/rewards/max:1.0 - critic/rewards/min:0.0 - critic/rewards/zero_std_ratio:0.0 - critic/rewards/std_mean:0.28789347410202026 - critic/rewards/group_size:4.0 - timing_s/feed:0.06635373691096902 - timing_s/gen:221.8265655549476 - timing_s/reward:73.05996119091287 - timing_s/prepare_actor_batch:0.05241550400387496 - timing_s/update_actor:760.7458722509909 - timing_s/save_checkpoint:271.66908825503197 - timing_s/update_weights:7.112040603067726 - timing_s/step:1334.6514682499692 - timing_per_image_ms/gen:13864.160347184225 - timing_per_image_ms/update_actor:47546.617015686934 - perf/total_num_images:16 - perf/time_per_step:1334.6514682499692 - perf/throughput:0.00599407425107756 - training/off_policy/trajectory_spans/mean:np.float64(1.0) - training/off_policy/trajectory_spans/max:np.int64(1) - training/off_policy/trajectory_spans/min:np.int64(1) - training/off_policy/trajectory_staleness/mean:np.float64(-1.0) - training/off_policy/trajectory_staleness/max:np.int64(-1) - training/off_policy/trajectory_staleness/min:np.int64(-1) - training/off_policy/trajectory_staleness_worst/mean:np.float64(-1.0) - training/off_policy/trajectory_staleness_worst/max:np.int64(-1) - training/off_policy/trajectory_staleness_worst/min:np.int64(-1)
(DiffusionTaskRunnerV1 pid=2013) Dumped diffusion generations to /work/evidence/ocr-v1-100-12/rollouts/44.jsonl
(WorkerDict pid=2434) /usr/local/lib/python3.12/dist-packages/torch/distributed/fsdp/_fully_shard/_fsdp_state.py:331: UserWarning: FSDP2-wrapped module (FSDPQwenImageTransformer2DModel) returned a view tensor. An in-place op on this view (e.g., `x += y`) will silently drop the pre-backward hook and skip the all-gather, which can cause backward to fail or produce wrong gradients. Use out-of-place ops (`out = out + y`, not `out += y`) or `.clone()` the output before any in-place op.
(WorkerDict pid=2434)   output = self._register_pre_backward_hook(output)
(SimpleStorageUnit pid=2270) 2026-09-14 11:27:54,774 - INFO - transfer_queue.utils.perf_utils - TQ_STORAGE_UNIT_14be62ca: [Performance] Total success requests: 22, Total req/min: 0.99, Total avg process time: 0.0138s;
(SimpleStorageUnit pid=2270) Time range: last 22.25 minutes;
(WorkerDict pid=2435) INFO:2026-09-14 11:47:11,737:[Rank 1] Saved model to /work/evidence/ocr-v1-100-12/checkpoints/global_step_45/actor/model_world_size_2_rank_1.pt
(WorkerDict pid=2435) /usr/local/lib/python3.12/dist-packages/torch/distributed/fsdp/_fully_shard/_fsdp_state.py:331: UserWarning: FSDP2-wrapped module (FSDPQwenImageTransformer2DModel) returned a view tensor. An in-place op on this view (e.g., `x += y`) will silently drop the pre-backward hook and skip the all-gather, which can cause backward to fail or produce wrong gradients. Use out-of-place ops (`out = out + y`, not `out += y`) or `.clone()` the output before any in-place op.
(WorkerDict pid=2435)   output = self._register_pre_backward_hook(output)
(WorkerDict pid=2435) INFO:2026-09-14 11:47:19,323:[Rank 1] Saved optim to /work/evidence/ocr-v1-100-12/checkpoints/global_step_45/actor/optim_world_size_2_rank_1.pt
(WorkerDict pid=2435) INFO:2026-09-14 11:47:19,328:[Rank 1] Saved extra_state to /work/evidence/ocr-v1-100-12/checkpoints/global_step_45/actor/extra_state_world_size_2_rank_1.pt
(WorkerDict pid=2434) /work/verl-core/verl/plugin/platform/platform_cuda.py:99: FutureWarning: torch.cuda._set_allocator_settings is deprecated. Use torch._C._accelerator_setAllocatorSettings instead.
(WorkerDict pid=2434)   torch.cuda.memory._set_allocator_settings(settings)
(TransferQueueController pid=2198) 2026-09-14 11:49:10,181 - INFO - transfer_queue.utils.perf_utils - TQ_CONTROLLER_bdabb3eb: [Performance] Total success requests: 187, Total req/min: 8.80, Total avg process time: 0.0003s;
(TransferQueueController pid=2198) Time range: last 21.26 minutes;
(TransferQueueController pid=2198) Per-operation statistics: KV_RETRIEVE_META: req_count=31, req/min=1.46, avg_time=0.001035s, max_time=0.002602s, min_time=0.000231s; CLEAR_META: req_count=2, req/min=0.09, avg_time=0.000334s, max_time=0.000386s, min_time=0.000283s; SET_CUSTOM_META: req_count=26, req/min=1.22, avg_time=0.000047s, max_time=0.000078s, min_time=0.000013s; KV_LIST: req_count=111, req/min=5.22, avg_time=0.000092s, max_time=0.000148s, min_time=0.000039s; NOTIFY_DATA_UPDATE: req_count=17, req/min=0.80, avg_time=0.000384s, max_time=0.000477s, min_time=0.000188s
(WorkerDict pid=2435) /work/verl-core/verl/plugin/platform/platform_cuda.py:99: FutureWarning: torch.cuda._set_allocator_settings is deprecated. Use torch._C._accelerator_setAllocatorSettings instead.
(WorkerDict pid=2435)   torch.cuda.memory._set_allocator_settings(settings)
(SimpleStorageUnit pid=2270) Per-operation statistics: GET_DATA: req_count=3, req/min=0.14, avg_time=0.014977s, max_time=0.015038s, min_time=0.014910s; CLEAR_DATA: req_count=2, req/min=0.09, avg_time=0.015103s, max_time=0.015316s, min_time=0.014891s; PUT_DATA: req_count=17, req/min=0.80, avg_time=0.015847s, max_time=0.020992s, min_time=0.014952s
(DiffusionTaskRunnerV1 pid=2013)
Diffusion Training:  45%|████▌     | 45/100 [8:32:06<21:14:51, 1390.76s/it]
(DiffusionTaskRunnerV1 pid=2013) step:45 - actor/policy_loss:10.467909476533531 - actor/positive_loss:0.20935375526314604 - actor/negative_loss:0.20935978004708886 - actor/ref_kl_loss:0.009989356994628907 - actor/old_deviate:0.00010507851839065551 - actor/reward_prob_mean:0.49999999441206455 - actor/total_loss:10.46791040301323 - actor/loss:10.467910766601562 - actor/grad_norm:0.01953125 - actor/lr:0.0003 - perf/mfu/actor:0.04140183503505393 - old_policy/update_applied:0.0 - old_policy/copy_update:0.0 - old_policy/ema_update:0.0 - old_policy/decay:0.0 - training/global_step:45 - training/epoch:0 - critic/rewards/mean:0.6408447027206421 - critic/rewards/max:1.0 - critic/rewards/min:0.0 - critic/rewards/zero_std_ratio:0.0 - critic/rewards/std_mean:0.2460738718509674 - critic/rewards/group_size:4.0 - timing_s/feed:0.0613388589117676 - timing_s/gen:221.8913709509652 - timing_s/reward:12.855452448013239 - timing_s/prepare_actor_batch:0.04602354997768998 - timing_s/update_actor:757.2379425080726 - timing_s/save_checkpoint:275.63281012291554 - timing_s/update_weights:7.134358570096083 - timing_s/step:1275.0067719239742 - timing_per_image_ms/gen:13868.210684435326 - timing_per_image_ms/update_actor:47327.37140675454 - perf/total_num_images:16 - perf/time_per_step:1275.0067719239742 - perf/throughput:0.006274476478213578 - training/off_policy/trajectory_spans/mean:np.float64(1.0) - training/off_policy/trajectory_spans/max:np.int64(1) - training/off_policy/trajectory_spans/min:np.int64(1) - training/off_policy/trajectory_staleness/mean:np.float64(-1.0) - training/off_policy/trajectory_staleness/max:np.int64(-1) - training/off_policy/trajectory_staleness/min:np.int64(-1) - training/off_policy/trajectory_staleness_worst/mean:np.float64(-1.0) - training/off_policy/trajectory_staleness_worst/max:np.int64(-1) - training/off_policy/trajectory_staleness_worst/min:np.int64(-1)
(DiffusionTaskRunnerV1 pid=2013) Dumped diffusion generations to /work/evidence/ocr-v1-100-12/rollouts/45.jsonl
(WorkerDict pid=2434) /usr/local/lib/python3.12/dist-packages/torch/distributed/fsdp/_fully_shard/_fsdp_state.py:331: UserWarning: FSDP2-wrapped module (FSDPQwenImageTransformer2DModel) returned a view tensor. An in-place op on this view (e.g., `x += y`) will silently drop the pre-backward hook and skip the all-gather, which can cause backward to fail or produce wrong gradients. Use out-of-place ops (`out = out + y`, not `out += y`) or `.clone()` the output before any in-place op.
(WorkerDict pid=2434)   output = self._register_pre_backward_hook(output)
(SimpleStorageUnit pid=2270) 2026-09-14 11:49:10,239 - INFO - transfer_queue.utils.perf_utils - TQ_STORAGE_UNIT_14be62ca: [Performance] Total success requests: 22, Total req/min: 1.03, Total avg process time: 0.0157s;
(SimpleStorageUnit pid=2270) Time range: last 21.26 minutes;
(WorkerDict pid=2435) INFO:2026-09-14 12:09:21,843:[Rank 1] Saved model to /work/evidence/ocr-v1-100-12/checkpoints/global_step_46/actor/model_world_size_2_rank_1.pt
(WorkerDict pid=2435) /usr/local/lib/python3.12/dist-packages/torch/distributed/fsdp/_fully_shard/_fsdp_state.py:331: UserWarning: FSDP2-wrapped module (FSDPQwenImageTransformer2DModel) returned a view tensor. An in-place op on this view (e.g., `x += y`) will silently drop the pre-backward hook and skip the all-gather, which can cause backward to fail or produce wrong gradients. Use out-of-place ops (`out = out + y`, not `out += y`) or `.clone()` the output before any in-place op.
(WorkerDict pid=2435)   output = self._register_pre_backward_hook(output)
(WorkerDict pid=2435) INFO:2026-09-14 12:09:30,281:[Rank 1] Saved optim to /work/evidence/ocr-v1-100-12/checkpoints/global_step_46/actor/optim_world_size_2_rank_1.pt
(WorkerDict pid=2435) INFO:2026-09-14 12:09:30,284:[Rank 1] Saved extra_state to /work/evidence/ocr-v1-100-12/checkpoints/global_step_46/actor/extra_state_world_size_2_rank_1.pt
(WorkerDict pid=2435) /work/verl-core/verl/plugin/platform/platform_cuda.py:99: FutureWarning: torch.cuda._set_allocator_settings is deprecated. Use torch._C._accelerator_setAllocatorSettings instead.
(WorkerDict pid=2435)   torch.cuda.memory._set_allocator_settings(settings)
(TransferQueueController pid=2198) 2026-09-14 12:11:29,381 - INFO - transfer_queue.utils.perf_utils - TQ_CONTROLLER_bdabb3eb: [Performance] Total success requests: 187, Total req/min: 8.38, Total avg process time: 0.0003s;
(TransferQueueController pid=2198) Time range: last 22.32 minutes;
(TransferQueueController pid=2198) Per-operation statistics: KV_RETRIEVE_META: req_count=31, req/min=1.39, avg_time=0.001061s, max_time=0.002711s, min_time=0.000395s; CLEAR_META: req_count=2, req/min=0.09, avg_time=0.000327s, max_time=0.000387s, min_time=0.000268s; SET_CUSTOM_META: req_count=26, req/min=1.16, avg_time=0.000053s, max_time=0.000079s, min_time=0.000020s; KV_LIST: req_count=111, req/min=4.97, avg_time=0.000096s, max_time=0.000165s, min_time=0.000040s; NOTIFY_DATA_UPDATE: req_count=17, req/min=0.76, avg_time=0.000414s, max_time=0.000564s, min_time=0.000194s
(WorkerDict pid=2434) /work/verl-core/verl/plugin/platform/platform_cuda.py:99: FutureWarning: torch.cuda._set_allocator_settings is deprecated. Use torch._C._accelerator_setAllocatorSettings instead.
(WorkerDict pid=2434)   torch.cuda.memory._set_allocator_settings(settings)
(SimpleStorageUnit pid=2270) Per-operation statistics: GET_DATA: req_count=3, req/min=0.13, avg_time=0.015264s, max_time=0.015815s, min_time=0.014770s; CLEAR_DATA: req_count=2, req/min=0.09, avg_time=0.015932s, max_time=0.016106s, min_time=0.015759s; PUT_DATA: req_count=17, req/min=0.76, avg_time=0.015072s, max_time=0.018239s, min_time=0.005107s
(DiffusionTaskRunnerV1 pid=2013)
Diffusion Training:  46%|████▌     | 46/100 [8:54:26<20:37:45, 1375.29s/it]
(DiffusionTaskRunnerV1 pid=2013) step:46 - actor/policy_loss:10.790705274045468 - actor/positive_loss:0.21584480577148496 - actor/negative_loss:0.21578474935377018 - actor/ref_kl_loss:0.00988612174987793 - actor/old_deviate:0.00021397173404693603 - actor/reward_prob_mean:0.4999999925494194 - actor/total_loss:10.790706131607294 - actor/loss:10.790706157684326 - actor/grad_norm:0.02764892578125 - actor/lr:0.0003 - perf/mfu/actor:0.041354725314322605 - old_policy/update_applied:1.0 - old_policy/copy_update:1.0 - old_policy/ema_update:0.0 - old_policy/decay:0.0 - training/global_step:46 - training/epoch:0 - critic/rewards/mean:0.643460214138031 - critic/rewards/max:1.0 - critic/rewards/min:0.0 - critic/rewards/zero_std_ratio:0.25 - critic/rewards/std_mean:0.17173972725868225 - critic/rewards/group_size:4.0 - timing_s/feed:0.05424968304578215 - timing_s/gen:222.0194718450075 - timing_s/reward:75.04562904906925 - timing_s/prepare_actor_batch:0.04479697800707072 - timing_s/update_actor:760.077262885985 - timing_s/save_checkpoint:272.5802304210374 - timing_s/update_weights:8.814215172897093 - timing_s/step:1338.7540510150138 - timing_per_image_ms/gen:13876.216990312969 - timing_per_image_ms/update_actor:47504.82893037406 - perf/total_num_images:16 - perf/time_per_step:1338.7540510150138 - perf/throughput:0.005975705540487124 - training/off_policy/trajectory_spans/mean:np.float64(1.0) - training/off_policy/trajectory_spans/max:np.int64(1) - training/off_policy/trajectory_spans/min:np.int64(1) - training/off_policy/trajectory_staleness/mean:np.float64(-1.0) - training/off_policy/trajectory_staleness/max:np.int64(-1) - training/off_policy/trajectory_staleness/min:np.int64(-1) - training/off_policy/trajectory_staleness_worst/mean:np.float64(-1.0) - training/off_policy/trajectory_staleness_worst/max:np.int64(-1) - training/off_policy/trajectory_staleness_worst/min:np.int64(-1)
(DiffusionTaskRunnerV1 pid=2013) Dumped diffusion generations to /work/evidence/ocr-v1-100-12/rollouts/46.jsonl
(WorkerDict pid=2434) /usr/local/lib/python3.12/dist-packages/torch/distributed/fsdp/_fully_shard/_fsdp_state.py:331: UserWarning: FSDP2-wrapped module (FSDPQwenImageTransformer2DModel) returned a view tensor. An in-place op on this view (e.g., `x += y`) will silently drop the pre-backward hook and skip the all-gather, which can cause backward to fail or produce wrong gradients. Use out-of-place ops (`out = out + y`, not `out += y`) or `.clone()` the output before any in-place op.
(WorkerDict pid=2434)   output = self._register_pre_backward_hook(output)
(SimpleStorageUnit pid=2270) 2026-09-14 12:11:29,424 - INFO - transfer_queue.utils.perf_utils - TQ_STORAGE_UNIT_14be62ca: [Performance] Total success requests: 22, Total req/min: 0.99, Total avg process time: 0.0152s;
(SimpleStorageUnit pid=2270) Time range: last 22.32 minutes;
(WorkerDict pid=2435) INFO:2026-09-14 12:30:46,381:[Rank 1] Saved model to /work/evidence/ocr-v1-100-12/checkpoints/global_step_47/actor/model_world_size_2_rank_1.pt
(WorkerDict pid=2435) /usr/local/lib/python3.12/dist-packages/torch/distributed/fsdp/_fully_shard/_fsdp_state.py:331: UserWarning: FSDP2-wrapped module (FSDPQwenImageTransformer2DModel) returned a view tensor. An in-place op on this view (e.g., `x += y`) will silently drop the pre-backward hook and skip the all-gather, which can cause backward to fail or produce wrong gradients. Use out-of-place ops (`out = out + y`, not `out += y`) or `.clone()` the output before any in-place op.
(WorkerDict pid=2435)   output = self._register_pre_backward_hook(output)
(WorkerDict pid=2435) INFO:2026-09-14 12:30:54,348:[Rank 1] Saved optim to /work/evidence/ocr-v1-100-12/checkpoints/global_step_47/actor/optim_world_size_2_rank_1.pt
(WorkerDict pid=2435) INFO:2026-09-14 12:30:54,354:[Rank 1] Saved extra_state to /work/evidence/ocr-v1-100-12/checkpoints/global_step_47/actor/extra_state_world_size_2_rank_1.pt
(WorkerDict pid=2434) /work/verl-core/verl/plugin/platform/platform_cuda.py:99: FutureWarning: torch.cuda._set_allocator_settings is deprecated. Use torch._C._accelerator_setAllocatorSettings instead.
(WorkerDict pid=2434)   torch.cuda.memory._set_allocator_settings(settings)
(TransferQueueController pid=2198) 2026-09-14 12:32:40,559 - INFO - transfer_queue.utils.perf_utils - TQ_CONTROLLER_bdabb3eb: [Performance] Total success requests: 187, Total req/min: 8.83, Total avg process time: 0.0003s;
(TransferQueueController pid=2198) Time range: last 21.19 minutes;
(TransferQueueController pid=2198) Per-operation statistics: KV_RETRIEVE_META: req_count=31, req/min=1.46, avg_time=0.001006s, max_time=0.002598s, min_time=0.000418s; CLEAR_META: req_count=2, req/min=0.09, avg_time=0.000331s, max_time=0.000382s, min_time=0.000280s; SET_CUSTOM_META: req_count=26, req/min=1.23, avg_time=0.000052s, max_time=0.000080s, min_time=0.000015s; KV_LIST: req_count=111, req/min=5.24, avg_time=0.000092s, max_time=0.000143s, min_time=0.000039s; NOTIFY_DATA_UPDATE: req_count=17, req/min=0.80, avg_time=0.000432s, max_time=0.000597s, min_time=0.000392s
(WorkerDict pid=2435) /work/verl-core/verl/plugin/platform/platform_cuda.py:99: FutureWarning: torch.cuda._set_allocator_settings is deprecated. Use torch._C._accelerator_setAllocatorSettings instead.
(WorkerDict pid=2435)   torch.cuda.memory._set_allocator_settings(settings)
(SimpleStorageUnit pid=2270) Per-operation statistics: GET_DATA: req_count=3, req/min=0.14, avg_time=0.015130s, max_time=0.015654s, min_time=0.014716s; CLEAR_DATA: req_count=2, req/min=0.09, avg_time=0.015287s, max_time=0.015587s, min_time=0.014986s; PUT_DATA: req_count=17, req/min=0.80, avg_time=0.014940s, max_time=0.018509s, min_time=0.005235s
(DiffusionTaskRunnerV1 pid=2013)
Diffusion Training:  47%|████▋     | 47/100 [9:15:37<19:47:14, 1344.04s/it]
(DiffusionTaskRunnerV1 pid=2013) step:47 - actor/policy_loss:10.960110650211572 - actor/positive_loss:0.21918719825334848 - actor/negative_loss:0.21921616023173557 - actor/ref_kl_loss:0.007824325561523437 - actor/old_deviate:0.00013878494501113893 - actor/reward_prob_mean:0.5000000055879354 - actor/total_loss:10.960111307352783 - actor/loss:10.960111618041992 - actor/grad_norm:0.02117919921875 - actor/lr:0.0003 - perf/mfu/actor:0.0413006068986342 - old_policy/update_applied:0.0 - old_policy/copy_update:0.0 - old_policy/ema_update:0.0 - old_policy/decay:0.0 - training/global_step:47 - training/epoch:0 - critic/rewards/mean:0.7222222089767456 - critic/rewards/max:1.0 - critic/rewards/min:0.0 - critic/rewards/zero_std_ratio:0.25 - critic/rewards/std_mean:0.20104703307151794 - critic/rewards/group_size:4.0 - timing_s/feed:0.056106286006979644 - timing_s/gen:221.90398288297 - timing_s/reward:12.60652872605715 - timing_s/prepare_actor_batch:0.05444257997442037 - timing_s/update_actor:757.512509116903 - timing_s/save_checkpoint:271.23290276597254 - timing_s/update_weights:7.194611600949429 - timing_s/step:1270.7278421149822 - timing_per_image_ms/gen:13868.998930185626 - timing_per_image_ms/update_actor:47344.531819806434 - perf/total_num_images:16 - perf/time_per_step:1270.7278421149822 - perf/throughput:0.00629560456209483 - training/off_policy/trajectory_spans/mean:np.float64(1.0) - training/off_policy/trajectory_spans/max:np.int64(1) - training/off_policy/trajectory_spans/min:np.int64(1) - training/off_policy/trajectory_staleness/mean:np.float64(-1.0) - training/off_policy/trajectory_staleness/max:np.int64(-1) - training/off_policy/trajectory_staleness/min:np.int64(-1) - training/off_policy/trajectory_staleness_worst/mean:np.float64(-1.0) - training/off_policy/trajectory_staleness_worst/max:np.int64(-1) - training/off_policy/trajectory_staleness_worst/min:np.int64(-1)
(DiffusionTaskRunnerV1 pid=2013) Dumped diffusion generations to /work/evidence/ocr-v1-100-12/rollouts/47.jsonl
(WorkerDict pid=2435) /usr/local/lib/python3.12/dist-packages/torch/distributed/fsdp/_fully_shard/_fsdp_state.py:331: UserWarning: FSDP2-wrapped module (FSDPQwenImageTransformer2DModel) returned a view tensor. An in-place op on this view (e.g., `x += y`) will silently drop the pre-backward hook and skip the all-gather, which can cause backward to fail or produce wrong gradients. Use out-of-place ops (`out = out + y`, not `out += y`) or `.clone()` the output before any in-place op.
(WorkerDict pid=2435)   output = self._register_pre_backward_hook(output)
(SimpleStorageUnit pid=2270) 2026-09-14 12:32:40,618 - INFO - transfer_queue.utils.perf_utils - TQ_STORAGE_UNIT_14be62ca: [Performance] Total success requests: 22, Total req/min: 1.04, Total avg process time: 0.0150s;
(SimpleStorageUnit pid=2270) Time range: last 21.19 minutes;
(WorkerDict pid=2435) INFO:2026-09-14 12:52:03,864:[Rank 1] Saved model to /work/evidence/ocr-v1-100-12/checkpoints/global_step_48/actor/model_world_size_2_rank_1.pt
(WorkerDict pid=2434) /usr/local/lib/python3.12/dist-packages/torch/distributed/fsdp/_fully_shard/_fsdp_state.py:331: UserWarning: FSDP2-wrapped module (FSDPQwenImageTransformer2DModel) returned a view tensor. An in-place op on this view (e.g., `x += y`) will silently drop the pre-backward hook and skip the all-gather, which can cause backward to fail or produce wrong gradients. Use out-of-place ops (`out = out + y`, not `out += y`) or `.clone()` the output before any in-place op.
(WorkerDict pid=2434)   output = self._register_pre_backward_hook(output)
(WorkerDict pid=2435) INFO:2026-09-14 12:52:12,547:[Rank 1] Saved optim to /work/evidence/ocr-v1-100-12/checkpoints/global_step_48/actor/optim_world_size_2_rank_1.pt
(WorkerDict pid=2435) INFO:2026-09-14 12:52:13,473:[Rank 1] Saved extra_state to /work/evidence/ocr-v1-100-12/checkpoints/global_step_48/actor/extra_state_world_size_2_rank_1.pt
(WorkerDict pid=2434) /work/verl-core/verl/plugin/platform/platform_cuda.py:99: FutureWarning: torch.cuda._set_allocator_settings is deprecated. Use torch._C._accelerator_setAllocatorSettings instead.
(WorkerDict pid=2434)   torch.cuda.memory._set_allocator_settings(settings)
(TransferQueueController pid=2198) 2026-09-14 12:54:00,231 - INFO - transfer_queue.utils.perf_utils - TQ_CONTROLLER_bdabb3eb: [Performance] Total success requests: 187, Total req/min: 8.77, Total avg process time: 0.0003s;
(TransferQueueController pid=2198) Time range: last 21.33 minutes;
(TransferQueueController pid=2198) Per-operation statistics: KV_RETRIEVE_META: req_count=31, req/min=1.45, avg_time=0.000985s, max_time=0.002605s, min_time=0.000435s; CLEAR_META: req_count=2, req/min=0.09, avg_time=0.000351s, max_time=0.000408s, min_time=0.000293s; SET_CUSTOM_META: req_count=26, req/min=1.22, avg_time=0.000057s, max_time=0.000096s, min_time=0.000023s; KV_LIST: req_count=111, req/min=5.20, avg_time=0.000092s, max_time=0.000143s, min_time=0.000041s; NOTIFY_DATA_UPDATE: req_count=17, req/min=0.80, avg_time=0.000406s, max_time=0.000476s, min_time=0.000209s
(WorkerDict pid=2435) /work/verl-core/verl/plugin/platform/platform_cuda.py:99: FutureWarning: torch.cuda._set_allocator_settings is deprecated. Use torch._C._accelerator_setAllocatorSettings instead.
(WorkerDict pid=2435)   torch.cuda.memory._set_allocator_settings(settings)
(SimpleStorageUnit pid=2270) Per-operation statistics: GET_DATA: req_count=3, req/min=0.14, avg_time=0.008109s, max_time=0.014729s, min_time=0.003812s; CLEAR_DATA: req_count=2, req/min=0.09, avg_time=0.016280s, max_time=0.016847s, min_time=0.015714s; PUT_DATA: req_count=17, req/min=0.80, avg_time=0.015151s, max_time=0.025481s, min_time=0.005520s
(DiffusionTaskRunnerV1 pid=2013)
Diffusion Training:  48%|████▊     | 48/100 [9:36:56<19:08:05, 1324.72s/it]
(DiffusionTaskRunnerV1 pid=2013) step:48 - actor/policy_loss:8.578052482753993 - actor/positive_loss:0.17155398207250983 - actor/negative_loss:0.17156363809481262 - actor/ref_kl_loss:0.015036582946777344 - actor/old_deviate:0.0002405107021331787 - actor/reward_prob_mean:0.49999999441206455 - actor/total_loss:8.578053976222872 - actor/loss:8.578053951263428 - actor/grad_norm:0.033203125 - actor/lr:0.0003 - perf/mfu/actor:0.04144796941164137 - old_policy/update_applied:1.0 - old_policy/copy_update:1.0 - old_policy/ema_update:0.0 - old_policy/decay:0.0 - training/global_step:48 - training/epoch:0 - critic/rewards/mean:0.8125 - critic/rewards/max:1.0 - critic/rewards/min:0.0 - critic/rewards/zero_std_ratio:0.25 - critic/rewards/std_mean:0.27099257707595825 - critic/rewards/group_size:4.0 - timing_s/feed:0.05603639595210552 - timing_s/gen:221.83931124804076 - timing_s/reward:13.515434570028447 - timing_s/prepare_actor_batch:0.0538263680646196 - timing_s/update_actor:760.2781426429283 - timing_s/save_checkpoint:276.28005276201293 - timing_s/update_weights:7.098515792982653 - timing_s/step:1279.2416434290353 - timing_per_image_ms/gen:13864.956953002547 - timing_per_image_ms/update_actor:47517.38391518302 - perf/total_num_images:16 - perf/time_per_step:1279.2416434290353 - perf/throughput:0.006253705108094999 - training/off_policy/trajectory_spans/mean:np.float64(1.0) - training/off_policy/trajectory_spans/max:np.int64(1) - training/off_policy/trajectory_spans/min:np.int64(1) - training/off_policy/trajectory_staleness/mean:np.float64(-1.0) - training/off_policy/trajectory_staleness/max:np.int64(-1) - training/off_policy/trajectory_staleness/min:np.int64(-1) - training/off_policy/trajectory_staleness_worst/mean:np.float64(-1.0) - training/off_policy/trajectory_staleness_worst/max:np.int64(-1) - training/off_policy/trajectory_staleness_worst/min:np.int64(-1)
(DiffusionTaskRunnerV1 pid=2013) Dumped diffusion generations to /work/evidence/ocr-v1-100-12/rollouts/48.jsonl
(WorkerDict pid=2434) /usr/local/lib/python3.12/dist-packages/torch/distributed/fsdp/_fully_shard/_fsdp_state.py:331: UserWarning: FSDP2-wrapped module (FSDPQwenImageTransformer2DModel) returned a view tensor. An in-place op on this view (e.g., `x += y`) will silently drop the pre-backward hook and skip the all-gather, which can cause backward to fail or produce wrong gradients. Use out-of-place ops (`out = out + y`, not `out += y`) or `.clone()` the output before any in-place op.
(WorkerDict pid=2434)   output = self._register_pre_backward_hook(output)
(SimpleStorageUnit pid=2270) 2026-09-14 12:54:00,254 - INFO - transfer_queue.utils.perf_utils - TQ_STORAGE_UNIT_14be62ca: [Performance] Total success requests: 22, Total req/min: 1.03, Total avg process time: 0.0143s;
(SimpleStorageUnit pid=2270) Time range: last 21.33 minutes;
(WorkerDict pid=2435) INFO:2026-09-14 13:14:12,929:[Rank 1] Saved model to /work/evidence/ocr-v1-100-12/checkpoints/global_step_49/actor/model_world_size_2_rank_1.pt
(WorkerDict pid=2435) /usr/local/lib/python3.12/dist-packages/torch/distributed/fsdp/_fully_shard/_fsdp_state.py:331: UserWarning: FSDP2-wrapped module (FSDPQwenImageTransformer2DModel) returned a view tensor. An in-place op on this view (e.g., `x += y`) will silently drop the pre-backward hook and skip the all-gather, which can cause backward to fail or produce wrong gradients. Use out-of-place ops (`out = out + y`, not `out += y`) or `.clone()` the output before any in-place op.
(WorkerDict pid=2435)   output = self._register_pre_backward_hook(output)
(WorkerDict pid=2435) INFO:2026-09-14 13:14:21,568:[Rank 1] Saved optim to /work/evidence/ocr-v1-100-12/checkpoints/global_step_49/actor/optim_world_size_2_rank_1.pt
(WorkerDict pid=2435) INFO:2026-09-14 13:14:21,570:[Rank 1] Saved extra_state to /work/evidence/ocr-v1-100-12/checkpoints/global_step_49/actor/extra_state_world_size_2_rank_1.pt
(WorkerDict pid=2434) /work/verl-core/verl/plugin/platform/platform_cuda.py:99: FutureWarning: torch.cuda._set_allocator_settings is deprecated. Use torch._C._accelerator_setAllocatorSettings instead.
(WorkerDict pid=2434)   torch.cuda.memory._set_allocator_settings(settings)
(TransferQueueController pid=2198) 2026-09-14 13:16:13,147 - INFO - transfer_queue.utils.perf_utils - TQ_CONTROLLER_bdabb3eb: [Performance] Total success requests: 187, Total req/min: 8.42, Total avg process time: 0.0003s;
(TransferQueueController pid=2198) Time range: last 22.22 minutes;
(TransferQueueController pid=2198) Per-operation statistics: KV_RETRIEVE_META: req_count=31, req/min=1.40, avg_time=0.001105s, max_time=0.002807s, min_time=0.000559s; CLEAR_META: req_count=2, req/min=0.09, avg_time=0.000431s, max_time=0.000512s, min_time=0.000350s; SET_CUSTOM_META: req_count=26, req/min=1.17, avg_time=0.000056s, max_time=0.000078s, min_time=0.000016s; KV_LIST: req_count=111, req/min=5.00, avg_time=0.000086s, max_time=0.000138s, min_time=0.000025s; NOTIFY_DATA_UPDATE: req_count=17, req/min=0.77, avg_time=0.000413s, max_time=0.000551s, min_time=0.000165s
(WorkerDict pid=2435) /work/verl-core/verl/plugin/platform/platform_cuda.py:99: FutureWarning: torch.cuda._set_allocator_settings is deprecated. Use torch._C._accelerator_setAllocatorSettings instead.
(WorkerDict pid=2435)   torch.cuda.memory._set_allocator_settings(settings)
(SimpleStorageUnit pid=2270) Per-operation statistics: GET_DATA: req_count=3, req/min=0.14, avg_time=0.011955s, max_time=0.014968s, min_time=0.006175s; CLEAR_DATA: req_count=2, req/min=0.09, avg_time=0.010935s, max_time=0.015026s, min_time=0.006844s; PUT_DATA: req_count=17, req/min=0.77, avg_time=0.014227s, max_time=0.019162s, min_time=0.005941s
(DiffusionTaskRunnerV1 pid=2013)
Diffusion Training:  49%|████▉     | 49/100 [9:59:09<18:48:06, 1327.19s/it]
(DiffusionTaskRunnerV1 pid=2013) step:49 - actor/policy_loss:9.41171142309904 - actor/positive_loss:0.18821853981353343 - actor/negative_loss:0.18824840417364613 - actor/ref_kl_loss:0.012714338302612305 - actor/old_deviate:9.773075580596924e-05 - actor/reward_prob_mean:0.49999999813735485 - actor/total_loss:9.41171259842813 - actor/loss:9.411712646484375 - actor/grad_norm:0.038818359375 - actor/lr:0.0003 - perf/mfu/actor:0.04151164977588198 - old_policy/update_applied:0.0 - old_policy/copy_update:0.0 - old_policy/ema_update:0.0 - old_policy/decay:0.0 - training/global_step:49 - training/epoch:0 - critic/rewards/mean:0.7427884340286255 - critic/rewards/max:1.0 - critic/rewards/min:0.0 - critic/rewards/zero_std_ratio:0.25 - critic/rewards/std_mean:0.2119113802909851 - critic/rewards/group_size:4.0 - timing_s/feed:0.06078226107638329 - timing_s/gen:221.77586852002423 - timing_s/reward:73.32434565201402 - timing_s/prepare_actor_batch:0.058778373058885336 - timing_s/update_actor:756.258925144095 - timing_s/save_checkpoint:272.5380311589688 - timing_s/update_weights:8.368772532092407 - timing_s/step:1332.5480392000172 - timing_per_image_ms/gen:13860.991782501515 - timing_per_image_ms/update_actor:47266.182821505936 - perf/total_num_images:16 - perf/time_per_step:1332.5480392000172 - perf/throughput:0.006003535906144686 - training/off_policy/trajectory_spans/mean:np.float64(1.0) - training/off_policy/trajectory_spans/max:np.int64(1) - training/off_policy/trajectory_spans/min:np.int64(1) - training/off_policy/trajectory_staleness/mean:np.float64(-1.0) - training/off_policy/trajectory_staleness/max:np.int64(-1) - training/off_policy/trajectory_staleness/min:np.int64(-1) - training/off_policy/trajectory_staleness_worst/mean:np.float64(-1.0) - training/off_policy/trajectory_staleness_worst/max:np.int64(-1) - training/off_policy/trajectory_staleness_worst/min:np.int64(-1)
(DiffusionTaskRunnerV1 pid=2013) Dumped diffusion generations to /work/evidence/ocr-v1-100-12/rollouts/49.jsonl
(WorkerDict pid=2435) /usr/local/lib/python3.12/dist-packages/torch/distributed/fsdp/_fully_shard/_fsdp_state.py:331: UserWarning: FSDP2-wrapped module (FSDPQwenImageTransformer2DModel) returned a view tensor. An in-place op on this view (e.g., `x += y`) will silently drop the pre-backward hook and skip the all-gather, which can cause backward to fail or produce wrong gradients. Use out-of-place ops (`out = out + y`, not `out += y`) or `.clone()` the output before any in-place op.
(WorkerDict pid=2435)   output = self._register_pre_backward_hook(output)
(SimpleStorageUnit pid=2270) 2026-09-14 13:16:13,189 - INFO - transfer_queue.utils.perf_utils - TQ_STORAGE_UNIT_14be62ca: [Performance] Total success requests: 22, Total req/min: 0.99, Total avg process time: 0.0136s;
(SimpleStorageUnit pid=2270) Time range: last 22.22 minutes;
(WorkerDict pid=2435) INFO:2026-09-14 13:35:47,485:[Rank 1] Saved model to /work/evidence/ocr-v1-100-12/checkpoints/global_step_50/actor/model_world_size_2_rank_1.pt
(WorkerDict pid=2434) /usr/local/lib/python3.12/dist-packages/torch/distributed/fsdp/_fully_shard/_fsdp_state.py:331: UserWarning: FSDP2-wrapped module (FSDPQwenImageTransformer2DModel) returned a view tensor. An in-place op on this view (e.g., `x += y`) will silently drop the pre-backward hook and skip the all-gather, which can cause backward to fail or produce wrong gradients. Use out-of-place ops (`out = out + y`, not `out += y`) or `.clone()` the output before any in-place op.
(WorkerDict pid=2434)   output = self._register_pre_backward_hook(output)
(WorkerDict pid=2435) INFO:2026-09-14 13:35:57,787:[Rank 1] Saved optim to /work/evidence/ocr-v1-100-12/checkpoints/global_step_50/actor/optim_world_size_2_rank_1.pt
(WorkerDict pid=2435) INFO:2026-09-14 13:35:57,792:[Rank 1] Saved extra_state to /work/evidence/ocr-v1-100-12/checkpoints/global_step_50/actor/extra_state_world_size_2_rank_1.pt
(WorkerDict pid=2434) /work/verl-core/verl/plugin/platform/platform_cuda.py:99: FutureWarning: torch.cuda._set_allocator_settings is deprecated. Use torch._C._accelerator_setAllocatorSettings instead.
(WorkerDict pid=2434)   torch.cuda.memory._set_allocator_settings(settings)
(TransferQueueController pid=2198) 2026-09-14 13:37:40,899 - INFO - transfer_queue.utils.perf_utils - TQ_CONTROLLER_bdabb3eb: [Performance] Total success requests: 187, Total req/min: 8.71, Total avg process time: 0.0003s;
(TransferQueueController pid=2198) Time range: last 21.46 minutes;
(TransferQueueController pid=2198) Per-operation statistics: KV_RETRIEVE_META: req_count=31, req/min=1.44, avg_time=0.001030s, max_time=0.002669s, min_time=0.000210s; CLEAR_META: req_count=2, req/min=0.09, avg_time=0.000364s, max_time=0.000439s, min_time=0.000288s; SET_CUSTOM_META: req_count=26, req/min=1.21, avg_time=0.000046s, max_time=0.000076s, min_time=0.000014s; KV_LIST: req_count=111, req/min=5.17, avg_time=0.000085s, max_time=0.000149s, min_time=0.000036s; NOTIFY_DATA_UPDATE: req_count=17, req/min=0.79, avg_time=0.000367s, max_time=0.000493s, min_time=0.000163s
(WorkerDict pid=2435) /work/verl-core/verl/plugin/platform/platform_cuda.py:99: FutureWarning: torch.cuda._set_allocator_settings is deprecated. Use torch._C._accelerator_setAllocatorSettings instead.
(WorkerDict pid=2435)   torch.cuda.memory._set_allocator_settings(settings)
(SimpleStorageUnit pid=2270) Per-operation statistics: GET_DATA: req_count=3, req/min=0.14, avg_time=0.014873s, max_time=0.014993s, min_time=0.014643s; CLEAR_DATA: req_count=2, req/min=0.09, avg_time=0.015502s, max_time=0.015962s, min_time=0.015041s; PUT_DATA: req_count=17, req/min=0.79, avg_time=0.013117s, max_time=0.015354s, min_time=0.004146s
(DiffusionTaskRunnerV1 pid=2013)
Diffusion Training:  50%|█████     | 50/100 [10:20:37<18:16:08, 1315.38s/it]
(DiffusionTaskRunnerV1 pid=2013) step:50 - actor/policy_loss:9.48547864817083 - actor/positive_loss:0.18966290305834263 - actor/negative_loss:0.18975618864642457 - actor/ref_kl_loss:0.009070730209350585 - actor/old_deviate:0.0002545952796936035 - actor/reward_prob_mean:0.5000000018626451 - actor/total_loss:9.485479461401702 - actor/loss:9.485479354858398 - actor/grad_norm:0.019744873046875 - actor/lr:0.0003 - perf/mfu/actor:0.041324331685014606 - old_policy/update_applied:1.0 - old_policy/copy_update:1.0 - old_policy/ema_update:0.0 - old_policy/decay:0.0 - training/global_step:50 - training/epoch:0 - critic/rewards/mean:0.7221320271492004 - critic/rewards/max:1.0 - critic/rewards/min:0.0 - critic/rewards/zero_std_ratio:0.25 - critic/rewards/std_mean:0.2034720480442047 - critic/rewards/group_size:4.0 - timing_s/feed:0.03873659495729953 - timing_s/gen:221.8366078620311 - timing_s/reward:12.28446294600144 - timing_s/prepare_actor_batch:0.05268164200242609 - timing_s/update_actor:759.1541634160094 - timing_s/save_checkpoint:286.02735349093564 - timing_s/update_weights:7.763985194964334 - timing_s/step:1287.2960802750895 - timing_per_image_ms/gen:13864.787991376943 - timing_per_image_ms/update_actor:47447.13521350059 - perf/total_num_images:16 - perf/time_per_step:1287.2960802750895 - perf/throughput:0.006214576524066193 - training/off_policy/trajectory_spans/mean:np.float64(1.0) - training/off_policy/trajectory_spans/max:np.int64(1) - training/off_policy/trajectory_spans/min:np.int64(1) - training/off_policy/trajectory_staleness/mean:np.float64(-1.0) - training/off_policy/trajectory_staleness/max:np.int64(-1) - training/off_policy/trajectory_staleness/min:np.int64(-1) - training/off_policy/trajectory_staleness_worst/mean:np.float64(-1.0) - training/off_policy/trajectory_staleness_worst/max:np.int64(-1) - training/off_policy/trajectory_staleness_worst/min:np.int64(-1)
(DiffusionTaskRunnerV1 pid=2013) Dumped diffusion generations to /work/evidence/ocr-v1-100-12/rollouts/50.jsonl
(WorkerDict pid=2434) /usr/local/lib/python3.12/dist-packages/torch/distributed/fsdp/_fully_shard/_fsdp_state.py:331: UserWarning: FSDP2-wrapped module (FSDPQwenImageTransformer2DModel) returned a view tensor. An in-place op on this view (e.g., `x += y`) will silently drop the pre-backward hook and skip the all-gather, which can cause backward to fail or produce wrong gradients. Use out-of-place ops (`out = out + y`, not `out += y`) or `.clone()` the output before any in-place op.
(WorkerDict pid=2434)   output = self._register_pre_backward_hook(output)
(SimpleStorageUnit pid=2270) 2026-09-14 13:37:40,956 - INFO - transfer_queue.utils.perf_utils - TQ_STORAGE_UNIT_14be62ca: [Performance] Total success requests: 22, Total req/min: 1.03, Total avg process time: 0.0136s;
(SimpleStorageUnit pid=2270) Time range: last 21.46 minutes;
(WorkerDict pid=2435) INFO:2026-09-14 13:59:37,954:[Rank 1] Saved model to /work/evidence/ocr-v1-100-12/checkpoints/global_step_51/actor/model_world_size_2_rank_1.pt
(WorkerDict pid=2435) /usr/local/lib/python3.12/dist-packages/torch/distributed/fsdp/_fully_shard/_fsdp_state.py:331: UserWarning: FSDP2-wrapped module (FSDPQwenImageTransformer2DModel) returned a view tensor. An in-place op on this view (e.g., `x += y`) will silently drop the pre-backward hook and skip the all-gather, which can cause backward to fail or produce wrong gradients. Use out-of-place ops (`out = out + y`, not `out += y`) or `.clone()` the output before any in-place op.
(WorkerDict pid=2435)   output = self._register_pre_backward_hook(output)
(WorkerDict pid=2435) INFO:2026-09-14 13:59:44,616:[Rank 1] Saved optim to /work/evidence/ocr-v1-100-12/checkpoints/global_step_51/actor/optim_world_size_2_rank_1.pt
(WorkerDict pid=2435) INFO:2026-09-14 13:59:44,622:[Rank 1] Saved extra_state to /work/evidence/ocr-v1-100-12/checkpoints/global_step_51/actor/extra_state_world_size_2_rank_1.pt
(WorkerDict pid=2435) /work/verl-core/verl/plugin/platform/platform_cuda.py:99: FutureWarning: torch.cuda._set_allocator_settings is deprecated. Use torch._C._accelerator_setAllocatorSettings instead.
(WorkerDict pid=2435)   torch.cuda.memory._set_allocator_settings(settings)
(TransferQueueController pid=2198) 2026-09-14 14:02:04,857 - INFO - transfer_queue.utils.perf_utils - TQ_CONTROLLER_bdabb3eb: [Performance] Total success requests: 197, Total req/min: 8.07, Total avg process time: 0.0003s;
(TransferQueueController pid=2198) Time range: last 24.40 minutes;
(TransferQueueController pid=2198) Per-operation statistics: KV_RETRIEVE_META: req_count=31, req/min=1.27, avg_time=0.001076s, max_time=0.002823s, min_time=0.000256s; CLEAR_META: req_count=2, req/min=0.08, avg_time=0.000245s, max_time=0.000273s, min_time=0.000217s; SET_CUSTOM_META: req_count=26, req/min=1.07, avg_time=0.000047s, max_time=0.000062s, min_time=0.000016s; KV_LIST: req_count=121, req/min=4.96, avg_time=0.000093s, max_time=0.000186s, min_time=0.000035s; NOTIFY_DATA_UPDATE: req_count=17, req/min=0.70, avg_time=0.000408s, max_time=0.000508s, min_time=0.000275s
(WorkerDict pid=2434) /work/verl-core/verl/plugin/platform/platform_cuda.py:99: FutureWarning: torch.cuda._set_allocator_settings is deprecated. Use torch._C._accelerator_setAllocatorSettings instead.
(WorkerDict pid=2434)   torch.cuda.memory._set_allocator_settings(settings)
(SimpleStorageUnit pid=2270) Per-operation statistics: GET_DATA: req_count=3, req/min=0.12, avg_time=0.014803s, max_time=0.014922s, min_time=0.014709s; CLEAR_DATA: req_count=2, req/min=0.08, avg_time=0.015402s, max_time=0.015778s, min_time=0.015026s; PUT_DATA: req_count=17, req/min=0.70, avg_time=0.013869s, max_time=0.015510s, min_time=0.003892s
(DiffusionTaskRunnerV1 pid=2013)
Diffusion Training:  51%|█████     | 51/100 [10:45:01<18:30:34, 1359.89s/it]
(DiffusionTaskRunnerV1 pid=2013) step:51 - actor/policy_loss:10.327853985875844 - actor/positive_loss:0.2065683193388395 - actor/negative_loss:0.2065435384749435 - actor/ref_kl_loss:0.011248445510864258 - actor/old_deviate:8.934363722801208e-05 - actor/reward_prob_mean:0.5000000074505806 - actor/total_loss:10.32785502076149 - actor/loss:10.327855110168457 - actor/grad_norm:0.037353515625 - actor/lr:0.0003 - perf/mfu/actor:0.03759352768146902 - old_policy/update_applied:0.0 - old_policy/copy_update:0.0 - old_policy/ema_update:0.0 - old_policy/decay:0.0 - training/global_step:51 - training/epoch:0 - critic/rewards/mean:0.6055476665496826 - critic/rewards/max:1.0 - critic/rewards/min:0.0 - critic/rewards/zero_std_ratio:0.0 - critic/rewards/std_mean:0.26848992705345154 - critic/rewards/group_size:4.0 - timing_s/feed:0.054416232043877244 - timing_s/gen:241.87260981905274 - timing_s/reward:13.641732634976506 - timing_s/prepare_actor_batch:0.04314600711222738 - timing_s/update_actor:827.2476372999372 - timing_s/save_checkpoint:372.96503400208894 - timing_s/update_weights:7.485456082038581 - timing_s/step:1463.4629213969456 - timing_per_image_ms/gen:15117.038113690796 - timing_per_image_ms/update_actor:51702.977331246075 - perf/total_num_images:16 - perf/time_per_step:1463.4629213969456 - perf/throughput:0.005466486292911074 - training/off_policy/trajectory_spans/mean:np.float64(1.0) - training/off_policy/trajectory_spans/max:np.int64(1) - training/off_policy/trajectory_spans/min:np.int64(1) - training/off_policy/trajectory_staleness/mean:np.float64(-1.0) - training/off_policy/trajectory_staleness/max:np.int64(-1) - training/off_policy/trajectory_staleness/min:np.int64(-1) - training/off_policy/trajectory_staleness_worst/mean:np.float64(-1.0) - training/off_policy/trajectory_staleness_worst/max:np.int64(-1) - training/off_policy/trajectory_staleness_worst/min:np.int64(-1)
(DiffusionTaskRunnerV1 pid=2013) Dumped diffusion generations to /work/evidence/ocr-v1-100-12/rollouts/51.jsonl
(TransferQueueController pid=2198) Per-operation statistics: KV_RETRIEVE_META: req_count=30, req/min=5.72, avg_time=0.001002s, max_time=0.002528s, min_time=0.000362s; CLEAR_META: req_count=2, req/min=0.38, avg_time=0.000428s, max_time=0.000577s, min_time=0.000279s; SET_CUSTOM_META: req_count=25, req/min=4.76, avg_time=0.000054s, max_time=0.000082s, min_time=0.000020s; KV_LIST: req_count=121, req/min=23.06, avg_time=0.000096s, max_time=0.000158s, min_time=0.000040s; NOTIFY_DATA_UPDATE: req_count=16, req/min=3.05, avg_time=0.000404s, max_time=0.000555s, min_time=0.000156s
(TransferQueueController pid=2198) 2026-09-14 14:07:19,749 - INFO - transfer_queue.utils.perf_utils - TQ_CONTROLLER_bdabb3eb: [Performance] Total success requests: 194, Total req/min: 36.97, Total avg process time: 0.0003s;  [repeated 2x across cluster]
(TransferQueueController pid=2198) Time range: last 5.25 minutes;  [repeated 2x across cluster]
(SimpleStorageUnit pid=2270) Per-operation statistics: GET_DATA: req_count=2, req/min=0.38, avg_time=0.014970s, max_time=0.014983s, min_time=0.014956s; CLEAR_DATA: req_count=2, req/min=0.38, avg_time=0.017311s, max_time=0.019791s, min_time=0.014832s; PUT_DATA: req_count=17, req/min=3.24, avg_time=0.010914s, max_time=0.025377s, min_time=0.005119s
(WorkerDict pid=2434) /usr/local/lib/python3.12/dist-packages/torch/distributed/fsdp/_fully_shard/_fsdp_state.py:331: UserWarning: FSDP2-wrapped module (FSDPQwenImageTransformer2DModel) returned a view tensor. An in-place op on this view (e.g., `x += y`) will silently drop the pre-backward hook and skip the all-gather, which can cause backward to fail or produce wrong gradients. Use out-of-place ops (`out = out + y`, not `out += y`) or `.clone()` the output before any in-place op.
(WorkerDict pid=2434)   output = self._register_pre_backward_hook(output)
(SimpleStorageUnit pid=2270) 2026-09-14 14:07:19,784 - INFO - transfer_queue.utils.perf_utils - TQ_STORAGE_UNIT_14be62ca: [Performance] Total success requests: 21, Total req/min: 4.00, Total avg process time: 0.0119s;
(SimpleStorageUnit pid=2270) Time range: last 5.25 minutes;
(WorkerDict pid=2435) INFO:2026-09-14 14:23:50,541:[Rank 1] Saved model to /work/evidence/ocr-v1-100-12/checkpoints/global_step_52/actor/model_world_size_2_rank_1.pt
(WorkerDict pid=2435) /usr/local/lib/python3.12/dist-packages/torch/distributed/fsdp/_fully_shard/_fsdp_state.py:331: UserWarning: FSDP2-wrapped module (FSDPQwenImageTransformer2DModel) returned a view tensor. An in-place op on this view (e.g., `x += y`) will silently drop the pre-backward hook and skip the all-gather, which can cause backward to fail or produce wrong gradients. Use out-of-place ops (`out = out + y`, not `out += y`) or `.clone()` the output before any in-place op.
(WorkerDict pid=2435)   output = self._register_pre_backward_hook(output)
(WorkerDict pid=2435) INFO:2026-09-14 14:24:01,858:[Rank 1] Saved optim to /work/evidence/ocr-v1-100-12/checkpoints/global_step_52/actor/optim_world_size_2_rank_1.pt
(WorkerDict pid=2435) INFO:2026-09-14 14:24:01,864:[Rank 1] Saved extra_state to /work/evidence/ocr-v1-100-12/checkpoints/global_step_52/actor/extra_state_world_size_2_rank_1.pt
(WorkerDict pid=2434) /work/verl-core/verl/plugin/platform/platform_cuda.py:99: FutureWarning: torch.cuda._set_allocator_settings is deprecated. Use torch._C._accelerator_setAllocatorSettings instead.
(WorkerDict pid=2434)   torch.cuda.memory._set_allocator_settings(settings)
(TransferQueueController pid=2198) 2026-09-14 14:25:48,756 - INFO - transfer_queue.utils.perf_utils - TQ_CONTROLLER_bdabb3eb: [Performance] Total success requests: 3, Total req/min: 0.16, Total avg process time: 0.0010s;
(TransferQueueController pid=2198) Time range: last 18.48 minutes;
(TransferQueueController pid=2198) Per-operation statistics: NOTIFY_DATA_UPDATE: req_count=1, req/min=0.05, avg_time=0.000416s, max_time=0.000416s, min_time=0.000416s; SET_CUSTOM_META: req_count=1, req/min=0.05, avg_time=0.000056s, max_time=0.000056s, min_time=0.000056s; KV_RETRIEVE_META: req_count=1, req/min=0.05, avg_time=0.002607s, max_time=0.002607s, min_time=0.002607s
(WorkerDict pid=2435) /work/verl-core/verl/plugin/platform/platform_cuda.py:99: FutureWarning: torch.cuda._set_allocator_settings is deprecated. Use torch._C._accelerator_setAllocatorSettings instead.
(WorkerDict pid=2435)   torch.cuda.memory._set_allocator_settings(settings)
(SimpleStorageUnit pid=2270) Per-operation statistics: GET_DATA: req_count=1, req/min=0.05, avg_time=0.016627s, max_time=0.016627s, min_time=0.016627s
(DiffusionTaskRunnerV1 pid=2013)
Diffusion Training:  52%|█████▏    | 52/100 [11:08:45<18:23:16, 1379.10s/it]
(DiffusionTaskRunnerV1 pid=2013) step:52 - actor/policy_loss:9.420706347376107 - actor/positive_loss:0.18841484464937822 - actor/negative_loss:0.1884093618951738 - actor/ref_kl_loss:0.015060329437255859 - actor/old_deviate:0.0004268035292625427 - actor/reward_prob_mean:0.49999999813735485 - actor/total_loss:9.420707779750227 - actor/loss:9.420707702636719 - actor/grad_norm:0.03094482421875 - actor/lr:0.0003 - perf/mfu/actor:0.03794235955317954 - old_policy/update_applied:1.0 - old_policy/copy_update:1.0 - old_policy/ema_update:0.0 - old_policy/decay:0.0 - training/global_step:52 - training/epoch:0 - critic/rewards/mean:0.8810668587684631 - critic/rewards/max:1.0 - critic/rewards/min:0.0 - critic/rewards/zero_std_ratio:0.0 - critic/rewards/std_mean:0.2059982568025589 - critic/rewards/group_size:4.0 - timing_s/feed:0.04750535706989467 - timing_s/gen:241.9216035499703 - timing_s/reward:72.48351992911194 - timing_s/prepare_actor_batch:0.05430230195634067 - timing_s/update_actor:826.41022462002 - timing_s/save_checkpoint:273.9642313099466 - timing_s/update_weights:8.566831380943768 - timing_s/step:1423.6181553789647 - timing_per_image_ms/gen:15120.100221873145 - timing_per_image_ms/update_actor:51650.63903875125 - perf/total_num_images:16 - perf/time_per_step:1423.6181553789647 - perf/throughput:0.005619484388965533 - training/off_policy/trajectory_spans/mean:np.float64(1.0) - training/off_policy/trajectory_spans/max:np.int64(1) - training/off_policy/trajectory_spans/min:np.int64(1) - training/off_policy/trajectory_staleness/mean:np.float64(-1.0) - training/off_policy/trajectory_staleness/max:np.int64(-1) - training/off_policy/trajectory_staleness/min:np.int64(-1) - training/off_policy/trajectory_staleness_worst/mean:np.float64(-1.0) - training/off_policy/trajectory_staleness_worst/max:np.int64(-1) - training/off_policy/trajectory_staleness_worst/min:np.int64(-1)
(DiffusionTaskRunnerV1 pid=2013) Dumped diffusion generations to /work/evidence/ocr-v1-100-12/rollouts/52.jsonl
(WorkerDict pid=2434) /usr/local/lib/python3.12/dist-packages/torch/distributed/fsdp/_fully_shard/_fsdp_state.py:331: UserWarning: FSDP2-wrapped module (FSDPQwenImageTransformer2DModel) returned a view tensor. An in-place op on this view (e.g., `x += y`) will silently drop the pre-backward hook and skip the all-gather, which can cause backward to fail or produce wrong gradients. Use out-of-place ops (`out = out + y`, not `out += y`) or `.clone()` the output before any in-place op.
(WorkerDict pid=2434)   output = self._register_pre_backward_hook(output)
(SimpleStorageUnit pid=2270) 2026-09-14 14:25:48,793 - INFO - transfer_queue.utils.perf_utils - TQ_STORAGE_UNIT_14be62ca: [Performance] Total success requests: 1, Total req/min: 0.05, Total avg process time: 0.0166s;
(SimpleStorageUnit pid=2270) Time range: last 18.48 minutes;
(WorkerDict pid=2435) INFO:2026-09-14 14:46:42,298:[Rank 1] Saved model to /work/evidence/ocr-v1-100-12/checkpoints/global_step_53/actor/model_world_size_2_rank_1.pt
(WorkerDict pid=2435) /usr/local/lib/python3.12/dist-packages/torch/distributed/fsdp/_fully_shard/_fsdp_state.py:331: UserWarning: FSDP2-wrapped module (FSDPQwenImageTransformer2DModel) returned a view tensor. An in-place op on this view (e.g., `x += y`) will silently drop the pre-backward hook and skip the all-gather, which can cause backward to fail or produce wrong gradients. Use out-of-place ops (`out = out + y`, not `out += y`) or `.clone()` the output before any in-place op.
(WorkerDict pid=2435)   output = self._register_pre_backward_hook(output)
(WorkerDict pid=2435) INFO:2026-09-14 14:46:52,874:[Rank 1] Saved optim to /work/evidence/ocr-v1-100-12/checkpoints/global_step_53/actor/optim_world_size_2_rank_1.pt
(WorkerDict pid=2435) INFO:2026-09-14 14:46:52,883:[Rank 1] Saved extra_state to /work/evidence/ocr-v1-100-12/checkpoints/global_step_53/actor/extra_state_world_size_2_rank_1.pt
(WorkerDict pid=2434) /work/verl-core/verl/plugin/platform/platform_cuda.py:99: FutureWarning: torch.cuda._set_allocator_settings is deprecated. Use torch._C._accelerator_setAllocatorSettings instead.
(WorkerDict pid=2434)   torch.cuda.memory._set_allocator_settings(settings)
(TransferQueueController pid=2198) 2026-09-14 14:48:52,834 - INFO - transfer_queue.utils.perf_utils - TQ_CONTROLLER_bdabb3eb: [Performance] Total success requests: 197, Total req/min: 8.54, Total avg process time: 0.0003s;
(TransferQueueController pid=2198) Time range: last 23.07 minutes;
(TransferQueueController pid=2198) Per-operation statistics: KV_RETRIEVE_META: req_count=31, req/min=1.34, avg_time=0.001072s, max_time=0.002552s, min_time=0.000661s; CLEAR_META: req_count=2, req/min=0.09, avg_time=0.000307s, max_time=0.000380s, min_time=0.000234s; SET_CUSTOM_META: req_count=26, req/min=1.13, avg_time=0.000059s, max_time=0.000083s, min_time=0.000022s; KV_LIST: req_count=121, req/min=5.25, avg_time=0.000093s, max_time=0.000156s, min_time=0.000021s; NOTIFY_DATA_UPDATE: req_count=17, req/min=0.74, avg_time=0.000432s, max_time=0.000508s, min_time=0.000395s
(WorkerDict pid=2435) /work/verl-core/verl/plugin/platform/platform_cuda.py:99: FutureWarning: torch.cuda._set_allocator_settings is deprecated. Use torch._C._accelerator_setAllocatorSettings instead.
(WorkerDict pid=2435)   torch.cuda.memory._set_allocator_settings(settings)
(SimpleStorageUnit pid=2270) Per-operation statistics: GET_DATA: req_count=3, req/min=0.13, avg_time=0.012377s, max_time=0.015663s, min_time=0.006365s; CLEAR_DATA: req_count=2, req/min=0.09, avg_time=0.011166s, max_time=0.015897s, min_time=0.006435s; PUT_DATA: req_count=17, req/min=0.74, avg_time=0.014024s, max_time=0.023169s, min_time=0.005784s
(DiffusionTaskRunnerV1 pid=2013)
Diffusion Training:  53%|█████▎    | 53/100 [11:31:49<18:01:29, 1380.62s/it]
(DiffusionTaskRunnerV1 pid=2013) step:53 - actor/policy_loss:9.875222063064577 - actor/positive_loss:0.19738175160018728 - actor/negative_loss:0.19757296275347472 - actor/ref_kl_loss:0.012102317810058594 - actor/old_deviate:0.000225047767162323 - actor/reward_prob_mean:0.4999999962747097 - actor/total_loss:9.87522319741547 - actor/loss:9.875223159790039 - actor/grad_norm:0.0697021484375 - actor/lr:0.0003 - perf/mfu/actor:0.038054816277950196 - old_policy/update_applied:0.0 - old_policy/copy_update:0.0 - old_policy/ema_update:0.0 - old_policy/decay:0.0 - training/global_step:53 - training/epoch:0 - critic/rewards/mean:0.9069569706916809 - critic/rewards/max:1.0 - critic/rewards/min:0.0 - critic/rewards/zero_std_ratio:0.25 - critic/rewards/std_mean:0.15316076576709747 - critic/rewards/group_size:4.0 - timing_s/feed:0.032393145957030356 - timing_s/gen:241.95211569603998 - timing_s/reward:12.777198033058085 - timing_s/prepare_actor_batch:0.042765037971548736 - timing_s/update_actor:824.2883821839932 - timing_s/save_checkpoint:296.17979909002315 - timing_s/update_weights:8.337830999982543 - timing_s/step:1383.7729791300371 - timing_per_image_ms/gen:15122.007231002499 - timing_per_image_ms/update_actor:51518.02388649958 - perf/total_num_images:16 - perf/time_per_step:1383.7729791300371 - perf/throughput:0.005781295140644755 - training/off_policy/trajectory_spans/mean:np.float64(1.0) - training/off_policy/trajectory_spans/max:np.int64(1) - training/off_policy/trajectory_spans/min:np.int64(1) - training/off_policy/trajectory_staleness/mean:np.float64(-1.0) - training/off_policy/trajectory_staleness/max:np.int64(-1) - training/off_policy/trajectory_staleness/min:np.int64(-1) - training/off_policy/trajectory_staleness_worst/mean:np.float64(-1.0) - training/off_policy/trajectory_staleness_worst/max:np.int64(-1) - training/off_policy/trajectory_staleness_worst/min:np.int64(-1)
(DiffusionTaskRunnerV1 pid=2013) Dumped diffusion generations to /work/evidence/ocr-v1-100-12/rollouts/53.jsonl
(TransferQueueController pid=2198) Per-operation statistics: KV_RETRIEVE_META: req_count=30, req/min=5.66, avg_time=0.000776s, max_time=0.002563s, min_time=0.000202s; CLEAR_META: req_count=2, req/min=0.38, avg_time=0.000240s, max_time=0.000295s, min_time=0.000186s; SET_CUSTOM_META: req_count=25, req/min=4.72, avg_time=0.000048s, max_time=0.000083s, min_time=0.000013s; KV_LIST: req_count=121, req/min=22.83, avg_time=0.000097s, max_time=0.000168s, min_time=0.000034s; NOTIFY_DATA_UPDATE: req_count=16, req/min=3.02, avg_time=0.000443s, max_time=0.000558s, min_time=0.000230s
(TransferQueueController pid=2198) 2026-09-14 14:54:10,874 - INFO - transfer_queue.utils.perf_utils - TQ_CONTROLLER_bdabb3eb: [Performance] Total success requests: 194, Total req/min: 36.60, Total avg process time: 0.0002s;  [repeated 2x across cluster]
(TransferQueueController pid=2198) Time range: last 5.30 minutes;  [repeated 2x across cluster]
(SimpleStorageUnit pid=2270) Per-operation statistics: GET_DATA: req_count=2, req/min=0.38, avg_time=0.015236s, max_time=0.015316s, min_time=0.015156s; CLEAR_DATA: req_count=2, req/min=0.38, avg_time=0.017730s, max_time=0.019485s, min_time=0.015976s; PUT_DATA: req_count=17, req/min=3.21, avg_time=0.015431s, max_time=0.016174s, min_time=0.015037s
(WorkerDict pid=2434) /usr/local/lib/python3.12/dist-packages/torch/distributed/fsdp/_fully_shard/_fsdp_state.py:331: UserWarning: FSDP2-wrapped module (FSDPQwenImageTransformer2DModel) returned a view tensor. An in-place op on this view (e.g., `x += y`) will silently drop the pre-backward hook and skip the all-gather, which can cause backward to fail or produce wrong gradients. Use out-of-place ops (`out = out + y`, not `out += y`) or `.clone()` the output before any in-place op.
(WorkerDict pid=2434)   output = self._register_pre_backward_hook(output)
(SimpleStorageUnit pid=2270) 2026-09-14 14:54:10,908 - INFO - transfer_queue.utils.perf_utils - TQ_STORAGE_UNIT_14be62ca: [Performance] Total success requests: 21, Total req/min: 3.96, Total avg process time: 0.0156s;
(SimpleStorageUnit pid=2270) Time range: last 5.30 minutes;
(WorkerDict pid=2435) INFO:2026-09-14 15:10:38,810:[Rank 1] Saved model to /work/evidence/ocr-v1-100-12/checkpoints/global_step_54/actor/model_world_size_2_rank_1.pt
(WorkerDict pid=2435) /usr/local/lib/python3.12/dist-packages/torch/distributed/fsdp/_fully_shard/_fsdp_state.py:331: UserWarning: FSDP2-wrapped module (FSDPQwenImageTransformer2DModel) returned a view tensor. An in-place op on this view (e.g., `x += y`) will silently drop the pre-backward hook and skip the all-gather, which can cause backward to fail or produce wrong gradients. Use out-of-place ops (`out = out + y`, not `out += y`) or `.clone()` the output before any in-place op.
(WorkerDict pid=2435)   output = self._register_pre_backward_hook(output)
(WorkerDict pid=2435) INFO:2026-09-14 15:10:47,785:[Rank 1] Saved optim to /work/evidence/ocr-v1-100-12/checkpoints/global_step_54/actor/optim_world_size_2_rank_1.pt
(WorkerDict pid=2435) INFO:2026-09-14 15:10:48,088:[Rank 1] Saved extra_state to /work/evidence/ocr-v1-100-12/checkpoints/global_step_54/actor/extra_state_world_size_2_rank_1.pt
(WorkerDict pid=2434) /work/verl-core/verl/plugin/platform/platform_cuda.py:99: FutureWarning: torch.cuda._set_allocator_settings is deprecated. Use torch._C._accelerator_setAllocatorSettings instead.
(WorkerDict pid=2434)   torch.cuda.memory._set_allocator_settings(settings)
(TransferQueueController pid=2198) 2026-09-14 15:12:40,320 - INFO - transfer_queue.utils.perf_utils - TQ_CONTROLLER_bdabb3eb: [Performance] Total success requests: 3, Total req/min: 0.16, Total avg process time: 0.0010s;
(TransferQueueController pid=2198) Time range: last 18.49 minutes;
(TransferQueueController pid=2198) Per-operation statistics: NOTIFY_DATA_UPDATE: req_count=1, req/min=0.05, avg_time=0.000232s, max_time=0.000232s, min_time=0.000232s; SET_CUSTOM_META: req_count=1, req/min=0.05, avg_time=0.000025s, max_time=0.000025s, min_time=0.000025s; KV_RETRIEVE_META: req_count=1, req/min=0.05, avg_time=0.002601s, max_time=0.002601s, min_time=0.002601s
(WorkerDict pid=2435) /work/verl-core/verl/plugin/platform/platform_cuda.py:99: FutureWarning: torch.cuda._set_allocator_settings is deprecated. Use torch._C._accelerator_setAllocatorSettings instead.
(WorkerDict pid=2435)   torch.cuda.memory._set_allocator_settings(settings)
(SimpleStorageUnit pid=2270) Per-operation statistics: GET_DATA: req_count=1, req/min=0.05, avg_time=0.021016s, max_time=0.021016s, min_time=0.021016s
(DiffusionTaskRunnerV1 pid=2013) step:54 - actor/policy_loss:9.858773194253445 - actor/positive_loss:0.19711640569148586 - actor/negative_loss:0.19722782322205604 - actor/ref_kl_loss:0.007478523254394531 - actor/old_deviate:0.0003171458840370178 - actor/reward_prob_mean:0.5000000018626451 - actor/total_loss:9.858773840218783 - actor/loss:9.858773708343506 - actor/grad_norm:0.02056884765625 - actor/lr:0.0003 - perf/mfu/actor:0.03770163747344686 - old_policy/update_applied:1.0 - old_policy/copy_update:1.0 - old_policy/ema_update:0.0 - old_policy/decay:0.0 - training/global_step:54 - training/epoch:0 - critic/rewards/mean:0.6619948744773865 - critic/rewards/max:1.0 - critic/rewards/min:0.0 - critic/rewards/zero_std_ratio:0.25 - critic/rewards/std_mean:0.2992563247680664 - critic/rewards/group_size:4.0 - timing_s/feed:0.060570526984520257 - timing_s/gen:242.00051583105233 - timing_s/reward:75.40627915901132 - timing_s/prepare_actor_batch:0.0517927500186488 - timing_s/update_actor:828.1204028609209 - timing_s/save_checkpoint:272.8896610500524 - timing_s/update_weights:8.381431645015255 - timing_s/step:1427.0724373860285 - timing_per_image_ms/gen:15125.03223944077 - timing_per_image_ms/update_actor:51757.525178807555 - perf/total_num_images:16 - perf/time_per_step:1427.0724373860285 - perf/throughput:0.005605882217621424 - training/off_policy/trajectory_spans/mean:np.float64(1.0) - training/off_policy/trajectory_spans/max:np.int64(1) - training/off_policy/trajectory_spans/min:np.int64(1) - training/off_policy/trajectory_staleness/mean:np.float64(-1.0) - training/off_policy/trajectory_staleness/max:np.int64(-1) - training/off_policy/trajectory_staleness/min:np.int64(-1) - training/off_policy/trajectory_staleness_worst/mean:np.float64(-1.0) - training/off_policy/trajectory_staleness_worst/max:np.int64(-1) - training/off_policy/trajectory_staleness_worst/min:np.int64(-1)
(DiffusionTaskRunnerV1 pid=2013)
Diffusion Training:  54%|█████▍    | 54/100 [11:55:36<17:49:14, 1394.67s/it]
(DiffusionTaskRunnerV1 pid=2013)
(DiffusionTaskRunnerV1 pid=2013) Dumped diffusion generations to /work/evidence/ocr-v1-100-12/rollouts/54.jsonl
(WorkerDict pid=2434) /usr/local/lib/python3.12/dist-packages/torch/distributed/fsdp/_fully_shard/_fsdp_state.py:331: UserWarning: FSDP2-wrapped module (FSDPQwenImageTransformer2DModel) returned a view tensor. An in-place op on this view (e.g., `x += y`) will silently drop the pre-backward hook and skip the all-gather, which can cause backward to fail or produce wrong gradients. Use out-of-place ops (`out = out + y`, not `out += y`) or `.clone()` the output before any in-place op.
(WorkerDict pid=2434)   output = self._register_pre_backward_hook(output)
(SimpleStorageUnit pid=2270) 2026-09-14 15:12:40,361 - INFO - transfer_queue.utils.perf_utils - TQ_STORAGE_UNIT_14be62ca: [Performance] Total success requests: 1, Total req/min: 0.05, Total avg process time: 0.0210s;
(SimpleStorageUnit pid=2270) Time range: last 18.49 minutes;
(WorkerDict pid=2435) INFO:2026-09-14 15:33:26,032:[Rank 1] Saved model to /work/evidence/ocr-v1-100-12/checkpoints/global_step_55/actor/model_world_size_2_rank_1.pt
(WorkerDict pid=2435) /usr/local/lib/python3.12/dist-packages/torch/distributed/fsdp/_fully_shard/_fsdp_state.py:331: UserWarning: FSDP2-wrapped module (FSDPQwenImageTransformer2DModel) returned a view tensor. An in-place op on this view (e.g., `x += y`) will silently drop the pre-backward hook and skip the all-gather, which can cause backward to fail or produce wrong gradients. Use out-of-place ops (`out = out + y`, not `out += y`) or `.clone()` the output before any in-place op.
(WorkerDict pid=2435)   output = self._register_pre_backward_hook(output)
(WorkerDict pid=2435) INFO:2026-09-14 15:33:34,277:[Rank 1] Saved optim to /work/evidence/ocr-v1-100-12/checkpoints/global_step_55/actor/optim_world_size_2_rank_1.pt
(WorkerDict pid=2435) INFO:2026-09-14 15:33:34,287:[Rank 1] Saved extra_state to /work/evidence/ocr-v1-100-12/checkpoints/global_step_55/actor/extra_state_world_size_2_rank_1.pt
(WorkerDict pid=2434) /work/verl-core/verl/plugin/platform/platform_cuda.py:99: FutureWarning: torch.cuda._set_allocator_settings is deprecated. Use torch._C._accelerator_setAllocatorSettings instead.
(WorkerDict pid=2434)   torch.cuda.memory._set_allocator_settings(settings)
(TransferQueueController pid=2198) 2026-09-14 15:35:19,564 - INFO - transfer_queue.utils.perf_utils - TQ_CONTROLLER_bdabb3eb: [Performance] Total success requests: 197, Total req/min: 8.70, Total avg process time: 0.0003s;
(TransferQueueController pid=2198) Time range: last 22.65 minutes;
(TransferQueueController pid=2198) Per-operation statistics: KV_RETRIEVE_META: req_count=31, req/min=1.37, avg_time=0.001103s, max_time=0.002846s, min_time=0.000583s; CLEAR_META: req_count=2, req/min=0.09, avg_time=0.000349s, max_time=0.000401s, min_time=0.000297s; SET_CUSTOM_META: req_count=26, req/min=1.15, avg_time=0.000056s, max_time=0.000081s, min_time=0.000041s; KV_LIST: req_count=121, req/min=5.34, avg_time=0.000097s, max_time=0.000150s, min_time=0.000035s; NOTIFY_DATA_UPDATE: req_count=17, req/min=0.75, avg_time=0.000422s, max_time=0.000483s, min_time=0.000387s
(WorkerDict pid=2435) /work/verl-core/verl/plugin/platform/platform_cuda.py:99: FutureWarning: torch.cuda._set_allocator_settings is deprecated. Use torch._C._accelerator_setAllocatorSettings instead.
(WorkerDict pid=2435)   torch.cuda.memory._set_allocator_settings(settings)
(SimpleStorageUnit pid=2270) Per-operation statistics: GET_DATA: req_count=3, req/min=0.13, avg_time=0.014893s, max_time=0.015050s, min_time=0.014724s; CLEAR_DATA: req_count=2, req/min=0.09, avg_time=0.015140s, max_time=0.015415s, min_time=0.014866s; PUT_DATA: req_count=17, req/min=0.75, avg_time=0.012167s, max_time=0.015483s, min_time=0.004050s
(DiffusionTaskRunnerV1 pid=2013)
Diffusion Training:  55%|█████▌    | 55/100 [12:18:16<17:18:01, 1384.04s/it]
(DiffusionTaskRunnerV1 pid=2013) step:55 - actor/policy_loss:9.88135064765811 - actor/positive_loss:0.19764547764789314 - actor/negative_loss:0.1976064709480852 - actor/ref_kl_loss:0.010640478134155272 - actor/old_deviate:0.0004135891795158386 - actor/reward_prob_mean:0.4999999925494194 - actor/total_loss:9.881351641565562 - actor/loss:9.881351947784424 - actor/grad_norm:0.037353515625 - actor/lr:0.0003 - perf/mfu/actor:0.038149777366921725 - old_policy/update_applied:0.0 - old_policy/copy_update:0.0 - old_policy/ema_update:0.0 - old_policy/decay:0.0 - training/global_step:55 - training/epoch:0 - critic/rewards/mean:0.8078607320785522 - critic/rewards/max:1.0 - critic/rewards/min:0.23529411852359772 - critic/rewards/zero_std_ratio:0.0 - critic/rewards/std_mean:0.20296147465705872 - critic/rewards/group_size:4.0 - timing_s/feed:0.06552065606229007 - timing_s/gen:241.85627281607594 - timing_s/reward:12.89962752291467 - timing_s/prepare_actor_batch:0.05356696399394423 - timing_s/update_actor:822.8649450109806 - timing_s/save_checkpoint:273.66605763405096 - timing_s/update_weights:7.319353352999315 - timing_s/step:1358.887908219942 - timing_per_image_ms/gen:15116.017051004746 - timing_per_image_ms/update_actor:51429.05906318629 - perf/total_num_images:16 - perf/time_per_step:1358.887908219942 - perf/throughput:0.005887166963226201 - training/off_policy/trajectory_spans/mean:np.float64(1.0) - training/off_policy/trajectory_spans/max:np.int64(1) - training/off_policy/trajectory_spans/min:np.int64(1) - training/off_policy/trajectory_staleness/mean:np.float64(-1.0) - training/off_policy/trajectory_staleness/max:np.int64(-1) - training/off_policy/trajectory_staleness/min:np.int64(-1) - training/off_policy/trajectory_staleness_worst/mean:np.float64(-1.0) - training/off_policy/trajectory_staleness_worst/max:np.int64(-1) - training/off_policy/trajectory_staleness_worst/min:np.int64(-1)
(DiffusionTaskRunnerV1 pid=2013) Dumped diffusion generations to /work/evidence/ocr-v1-100-12/rollouts/55.jsonl
(WorkerDict pid=2434) /usr/local/lib/python3.12/dist-packages/torch/distributed/fsdp/_fully_shard/_fsdp_state.py:331: UserWarning: FSDP2-wrapped module (FSDPQwenImageTransformer2DModel) returned a view tensor. An in-place op on this view (e.g., `x += y`) will silently drop the pre-backward hook and skip the all-gather, which can cause backward to fail or produce wrong gradients. Use out-of-place ops (`out = out + y`, not `out += y`) or `.clone()` the output before any in-place op.
(WorkerDict pid=2434)   output = self._register_pre_backward_hook(output)
(SimpleStorageUnit pid=2270) 2026-09-14 15:35:19,598 - INFO - transfer_queue.utils.perf_utils - TQ_STORAGE_UNIT_14be62ca: [Performance] Total success requests: 22, Total req/min: 0.97, Total avg process time: 0.0128s;
(SimpleStorageUnit pid=2270) Time range: last 22.65 minutes;
(WorkerDict pid=2435) INFO:2026-09-14 15:55:54,343:[Rank 1] Saved model to /work/evidence/ocr-v1-100-12/checkpoints/global_step_56/actor/model_world_size_2_rank_1.pt
(WorkerDict pid=2435) /usr/local/lib/python3.12/dist-packages/torch/distributed/fsdp/_fully_shard/_fsdp_state.py:331: UserWarning: FSDP2-wrapped module (FSDPQwenImageTransformer2DModel) returned a view tensor. An in-place op on this view (e.g., `x += y`) will silently drop the pre-backward hook and skip the all-gather, which can cause backward to fail or produce wrong gradients. Use out-of-place ops (`out = out + y`, not `out += y`) or `.clone()` the output before any in-place op.
(WorkerDict pid=2435)   output = self._register_pre_backward_hook(output)
(WorkerDict pid=2435) INFO:2026-09-14 15:56:02,859:[Rank 1] Saved optim to /work/evidence/ocr-v1-100-12/checkpoints/global_step_56/actor/optim_world_size_2_rank_1.pt
(WorkerDict pid=2435) INFO:2026-09-14 15:56:02,979:[Rank 1] Saved extra_state to /work/evidence/ocr-v1-100-12/checkpoints/global_step_56/actor/extra_state_world_size_2_rank_1.pt
(WorkerDict pid=2434) /work/verl-core/verl/plugin/platform/platform_cuda.py:99: FutureWarning: torch.cuda._set_allocator_settings is deprecated. Use torch._C._accelerator_setAllocatorSettings instead.
(WorkerDict pid=2434)   torch.cuda.memory._set_allocator_settings(settings)
(TransferQueueController pid=2198) 2026-09-14 15:57:52,781 - INFO - transfer_queue.utils.perf_utils - TQ_CONTROLLER_bdabb3eb: [Performance] Total success requests: 197, Total req/min: 8.73, Total avg process time: 0.0003s;
(TransferQueueController pid=2198) Time range: last 22.55 minutes;
(TransferQueueController pid=2198) Per-operation statistics: KV_RETRIEVE_META: req_count=31, req/min=1.37, avg_time=0.001081s, max_time=0.002701s, min_time=0.000550s; CLEAR_META: req_count=2, req/min=0.09, avg_time=0.000379s, max_time=0.000426s, min_time=0.000333s; SET_CUSTOM_META: req_count=26, req/min=1.15, avg_time=0.000056s, max_time=0.000081s, min_time=0.000039s; KV_LIST: req_count=121, req/min=5.36, avg_time=0.000104s, max_time=0.001351s, min_time=0.000048s; NOTIFY_DATA_UPDATE: req_count=17, req/min=0.75, avg_time=0.000437s, max_time=0.000616s, min_time=0.000397s
(WorkerDict pid=2435) /work/verl-core/verl/plugin/platform/platform_cuda.py:99: FutureWarning: torch.cuda._set_allocator_settings is deprecated. Use torch._C._accelerator_setAllocatorSettings instead.
(WorkerDict pid=2435)   torch.cuda.memory._set_allocator_settings(settings)
(SimpleStorageUnit pid=2270) Per-operation statistics: GET_DATA: req_count=3, req/min=0.13, avg_time=0.014918s, max_time=0.015031s, min_time=0.014840s; CLEAR_DATA: req_count=2, req/min=0.09, avg_time=0.015240s, max_time=0.015367s, min_time=0.015113s; PUT_DATA: req_count=17, req/min=0.75, avg_time=0.015299s, max_time=0.016242s, min_time=0.015056s
(DiffusionTaskRunnerV1 pid=2013)
Diffusion Training:  56%|█████▌    | 56/100 [12:40:49<16:48:10, 1374.80s/it]
(DiffusionTaskRunnerV1 pid=2013) step:56 - actor/policy_loss:10.439721089601516 - actor/positive_loss:0.20869076458038763 - actor/negative_loss:0.20890969274332746 - actor/ref_kl_loss:0.010009527206420898 - actor/old_deviate:0.000581890344619751 - actor/reward_prob_mean:0.4999999962747097 - actor/total_loss:10.439722024649381 - actor/loss:10.439722061157227 - actor/grad_norm:0.0411376953125 - actor/lr:0.0003 - perf/mfu/actor:0.038064912984936417 - old_policy/update_applied:1.0 - old_policy/copy_update:1.0 - old_policy/ema_update:0.0 - old_policy/decay:0.0 - training/global_step:56 - training/epoch:0 - critic/rewards/mean:0.8845610618591309 - critic/rewards/max:1.0 - critic/rewards/min:0.3571428656578064 - critic/rewards/zero_std_ratio:0.0 - critic/rewards/std_mean:0.19145213067531586 - critic/rewards/group_size:4.0 - timing_s/feed:0.051229875069111586 - timing_s/gen:241.94264409295283 - timing_s/reward:13.134433894068934 - timing_s/prepare_actor_batch:0.0510594880906865 - timing_s/update_actor:827.0018801159458 - timing_s/save_checkpoint:263.567477072007 - timing_s/update_weights:6.965119341970421 - timing_s/step:1352.8464275749866 - timing_per_image_ms/gen:15121.415255809552 - timing_per_image_ms/update_actor:51687.617507246614 - perf/total_num_images:16 - perf/time_per_step:1352.8464275749866 - perf/throughput:0.0059134576082964675 - training/off_policy/trajectory_spans/mean:np.float64(1.0) - training/off_policy/trajectory_spans/max:np.int64(1) - training/off_policy/trajectory_spans/min:np.int64(1) - training/off_policy/trajectory_staleness/mean:np.float64(-1.0) - training/off_policy/trajectory_staleness/max:np.int64(-1) - training/off_policy/trajectory_staleness/min:np.int64(-1) - training/off_policy/trajectory_staleness_worst/mean:np.float64(-1.0) - training/off_policy/trajectory_staleness_worst/max:np.int64(-1) - training/off_policy/trajectory_staleness_worst/min:np.int64(-1)
(DiffusionTaskRunnerV1 pid=2013) Dumped diffusion generations to /work/evidence/ocr-v1-100-12/rollouts/56.jsonl
(WorkerDict pid=2434) /usr/local/lib/python3.12/dist-packages/torch/distributed/fsdp/_fully_shard/_fsdp_state.py:331: UserWarning: FSDP2-wrapped module (FSDPQwenImageTransformer2DModel) returned a view tensor. An in-place op on this view (e.g., `x += y`) will silently drop the pre-backward hook and skip the all-gather, which can cause backward to fail or produce wrong gradients. Use out-of-place ops (`out = out + y`, not `out += y`) or `.clone()` the output before any in-place op.
(WorkerDict pid=2434)   output = self._register_pre_backward_hook(output)
(SimpleStorageUnit pid=2270) 2026-09-14 15:57:52,842 - INFO - transfer_queue.utils.perf_utils - TQ_STORAGE_UNIT_14be62ca: [Performance] Total success requests: 22, Total req/min: 0.98, Total avg process time: 0.0152s;
(SimpleStorageUnit pid=2270) Time range: last 22.55 minutes;
(WorkerDict pid=2435) INFO:2026-09-14 16:19:06,482:[Rank 1] Saved model to /work/evidence/ocr-v1-100-12/checkpoints/global_step_57/actor/model_world_size_2_rank_1.pt
(WorkerDict pid=2435) /usr/local/lib/python3.12/dist-packages/torch/distributed/fsdp/_fully_shard/_fsdp_state.py:331: UserWarning: FSDP2-wrapped module (FSDPQwenImageTransformer2DModel) returned a view tensor. An in-place op on this view (e.g., `x += y`) will silently drop the pre-backward hook and skip the all-gather, which can cause backward to fail or produce wrong gradients. Use out-of-place ops (`out = out + y`, not `out += y`) or `.clone()` the output before any in-place op.
(WorkerDict pid=2435)   output = self._register_pre_backward_hook(output)
(WorkerDict pid=2435) INFO:2026-09-14 16:19:17,495:[Rank 1] Saved optim to /work/evidence/ocr-v1-100-12/checkpoints/global_step_57/actor/optim_world_size_2_rank_1.pt
(WorkerDict pid=2435) INFO:2026-09-14 16:19:17,502:[Rank 1] Saved extra_state to /work/evidence/ocr-v1-100-12/checkpoints/global_step_57/actor/extra_state_world_size_2_rank_1.pt
(WorkerDict pid=2435) /work/verl-core/verl/plugin/platform/platform_cuda.py:99: FutureWarning: torch.cuda._set_allocator_settings is deprecated. Use torch._C._accelerator_setAllocatorSettings instead.
(WorkerDict pid=2435)   torch.cuda.memory._set_allocator_settings(settings)
(TransferQueueController pid=2198) 2026-09-14 16:21:00,197 - INFO - transfer_queue.utils.perf_utils - TQ_CONTROLLER_bdabb3eb: [Performance] Total success requests: 197, Total req/min: 8.52, Total avg process time: 0.0003s;
(TransferQueueController pid=2198) Time range: last 23.12 minutes;
(TransferQueueController pid=2198) Per-operation statistics: KV_RETRIEVE_META: req_count=31, req/min=1.34, avg_time=0.000991s, max_time=0.003027s, min_time=0.000205s; CLEAR_META: req_count=2, req/min=0.09, avg_time=0.000361s, max_time=0.000411s, min_time=0.000311s; SET_CUSTOM_META: req_count=26, req/min=1.12, avg_time=0.000045s, max_time=0.000066s, min_time=0.000014s; KV_LIST: req_count=121, req/min=5.23, avg_time=0.000088s, max_time=0.000168s, min_time=0.000030s; NOTIFY_DATA_UPDATE: req_count=17, req/min=0.74, avg_time=0.000410s, max_time=0.000499s, min_time=0.000183s
(WorkerDict pid=2434) /work/verl-core/verl/plugin/platform/platform_cuda.py:99: FutureWarning: torch.cuda._set_allocator_settings is deprecated. Use torch._C._accelerator_setAllocatorSettings instead.
(WorkerDict pid=2434)   torch.cuda.memory._set_allocator_settings(settings)
(SimpleStorageUnit pid=2270) Per-operation statistics: GET_DATA: req_count=3, req/min=0.13, avg_time=0.014886s, max_time=0.014950s, min_time=0.014802s; CLEAR_DATA: req_count=2, req/min=0.09, avg_time=0.015209s, max_time=0.015390s, min_time=0.015029s; PUT_DATA: req_count=17, req/min=0.74, avg_time=0.015562s, max_time=0.019386s, min_time=0.014929s
(DiffusionTaskRunnerV1 pid=2013) step:57 - actor/policy_loss:9.089595882967114 - actor/positive_loss:0.1818011326249689 - actor/negative_loss:0.18178338395664467 - actor/ref_kl_loss:0.011386680603027343 - actor/old_deviate:0.00012020021677017212 - actor/reward_prob_mean:0.5000000055879354 - actor/total_loss:9.089596961438655 - actor/loss:9.089597225189209 - actor/grad_norm:0.030517578125 - actor/lr:0.0003 - perf/mfu/actor:0.03787545223164454 - old_policy/update_applied:0.0 - old_policy/copy_update:0.0 - old_policy/ema_update:0.0 - old_policy/decay:0.0 - training/global_step:57 - training/epoch:0 - critic/rewards/mean:0.8557291030883789 - critic/rewards/max:1.0 - critic/rewards/min:0.10000000149011612 - critic/rewards/zero_std_ratio:0.25 - critic/rewards/std_mean:0.16525773704051971 - critic/rewards/group_size:4.0 - timing_s/feed:0.05245228693820536 - timing_s/gen:241.98987494502217 - timing_s/reward:13.332860189955682 - timing_s/prepare_actor_batch:0.04033074900507927 - timing_s/update_actor:823.9626099700108 - timing_s/save_checkpoint:298.9613325269893 - timing_s/update_weights:8.580976953962818 - timing_s/step:1387.0564548429102 - timing_per_image_ms/gen:15124.367184063885 - timing_per_image_ms/update_actor:51497.663123125676 - perf/total_num_images:16 - perf/time_per_step:1387.0564548429102 - perf/throughput:0.005767609510101759 - training/off_policy/trajectory_spans/mean:np.float64(1.0) - training/off_policy/trajectory_spans/max:np.int64(1) - training/off_policy/trajectory_spans/min:np.int64(1) - training/off_policy/trajectory_staleness/mean:np.float64(-1.0) - training/off_policy/trajectory_staleness/max:np.int64(-1) - training/off_policy/trajectory_staleness/min:np.int64(-1) - training/off_policy/trajectory_staleness_worst/mean:np.float64(-1.0) - training/off_policy/trajectory_staleness_worst/max:np.int64(-1) - training/off_policy/trajectory_staleness_worst/min:np.int64(-1)
(DiffusionTaskRunnerV1 pid=2013)
Diffusion Training:  57%|█████▋    | 57/100 [13:03:56<16:27:58, 1378.58s/it]
(DiffusionTaskRunnerV1 pid=2013) Dumped diffusion generations to /work/evidence/ocr-v1-100-12/rollouts/57.jsonl
(TransferQueueController pid=2198) Per-operation statistics: KV_RETRIEVE_META: req_count=30, req/min=5.72, avg_time=0.001005s, max_time=0.002496s, min_time=0.000456s; CLEAR_META: req_count=2, req/min=0.38, avg_time=0.000376s, max_time=0.000480s, min_time=0.000272s; SET_CUSTOM_META: req_count=25, req/min=4.76, avg_time=0.000054s, max_time=0.000067s, min_time=0.000041s; KV_LIST: req_count=121, req/min=23.06, avg_time=0.000090s, max_time=0.000185s, min_time=0.000034s; NOTIFY_DATA_UPDATE: req_count=16, req/min=3.05, avg_time=0.000412s, max_time=0.000451s, min_time=0.000237s
(TransferQueueController pid=2198) 2026-09-14 16:26:15,072 - INFO - transfer_queue.utils.perf_utils - TQ_CONTROLLER_bdabb3eb: [Performance] Total success requests: 194, Total req/min: 36.97, Total avg process time: 0.0003s;  [repeated 2x across cluster]
(TransferQueueController pid=2198) Time range: last 5.25 minutes;  [repeated 2x across cluster]
(SimpleStorageUnit pid=2270) Per-operation statistics: GET_DATA: req_count=2, req/min=0.38, avg_time=0.015149s, max_time=0.015181s, min_time=0.015116s; CLEAR_DATA: req_count=2, req/min=0.38, avg_time=0.015073s, max_time=0.015211s, min_time=0.014936s; PUT_DATA: req_count=17, req/min=3.24, avg_time=0.012128s, max_time=0.015292s, min_time=0.006350s
(WorkerDict pid=2434) /usr/local/lib/python3.12/dist-packages/torch/distributed/fsdp/_fully_shard/_fsdp_state.py:331: UserWarning: FSDP2-wrapped module (FSDPQwenImageTransformer2DModel) returned a view tensor. An in-place op on this view (e.g., `x += y`) will silently drop the pre-backward hook and skip the all-gather, which can cause backward to fail or produce wrong gradients. Use out-of-place ops (`out = out + y`, not `out += y`) or `.clone()` the output before any in-place op.
(WorkerDict pid=2434)   output = self._register_pre_backward_hook(output)
(SimpleStorageUnit pid=2270) 2026-09-14 16:26:15,106 - INFO - transfer_queue.utils.perf_utils - TQ_STORAGE_UNIT_14be62ca: [Performance] Total success requests: 21, Total req/min: 4.00, Total avg process time: 0.0127s;
(SimpleStorageUnit pid=2270) Time range: last 5.25 minutes;
(WorkerDict pid=2435) INFO:2026-09-14 16:42:54,308:[Rank 1] Saved model to /work/evidence/ocr-v1-100-12/checkpoints/global_step_58/actor/model_world_size_2_rank_1.pt
(WorkerDict pid=2435) /usr/local/lib/python3.12/dist-packages/torch/distributed/fsdp/_fully_shard/_fsdp_state.py:331: UserWarning: FSDP2-wrapped module (FSDPQwenImageTransformer2DModel) returned a view tensor. An in-place op on this view (e.g., `x += y`) will silently drop the pre-backward hook and skip the all-gather, which can cause backward to fail or produce wrong gradients. Use out-of-place ops (`out = out + y`, not `out += y`) or `.clone()` the output before any in-place op.
(WorkerDict pid=2435)   output = self._register_pre_backward_hook(output)
(WorkerDict pid=2435) INFO:2026-09-14 16:43:02,121:[Rank 1] Saved optim to /work/evidence/ocr-v1-100-12/checkpoints/global_step_58/actor/optim_world_size_2_rank_1.pt
(WorkerDict pid=2435) INFO:2026-09-14 16:43:02,124:[Rank 1] Saved extra_state to /work/evidence/ocr-v1-100-12/checkpoints/global_step_58/actor/extra_state_world_size_2_rank_1.pt
(WorkerDict pid=2434) /work/verl-core/verl/plugin/platform/platform_cuda.py:99: FutureWarning: torch.cuda._set_allocator_settings is deprecated. Use torch._C._accelerator_setAllocatorSettings instead.
(WorkerDict pid=2434)   torch.cuda.memory._set_allocator_settings(settings)
(TransferQueueController pid=2198) 2026-09-14 16:44:50,624 - INFO - transfer_queue.utils.perf_utils - TQ_CONTROLLER_bdabb3eb: [Performance] Total success requests: 3, Total req/min: 0.16, Total avg process time: 0.0011s;
(TransferQueueController pid=2198) Time range: last 18.59 minutes;
(TransferQueueController pid=2198) Per-operation statistics: NOTIFY_DATA_UPDATE: req_count=1, req/min=0.05, avg_time=0.000401s, max_time=0.000401s, min_time=0.000401s; SET_CUSTOM_META: req_count=1, req/min=0.05, avg_time=0.000056s, max_time=0.000056s, min_time=0.000056s; KV_RETRIEVE_META: req_count=1, req/min=0.05, avg_time=0.002727s, max_time=0.002727s, min_time=0.002727s
(WorkerDict pid=2435) /work/verl-core/verl/plugin/platform/platform_cuda.py:99: FutureWarning: torch.cuda._set_allocator_settings is deprecated. Use torch._C._accelerator_setAllocatorSettings instead.
(WorkerDict pid=2435)   torch.cuda.memory._set_allocator_settings(settings)
(SimpleStorageUnit pid=2270) Per-operation statistics: GET_DATA: req_count=1, req/min=0.05, avg_time=0.015062s, max_time=0.015062s, min_time=0.015062s
(DiffusionTaskRunnerV1 pid=2013)
Diffusion Training:  58%|█████▊    | 58/100 [13:27:47<16:15:53, 1394.14s/it]
(DiffusionTaskRunnerV1 pid=2013) step:58 - actor/policy_loss:10.163846553117036 - actor/positive_loss:0.2032987583661452 - actor/negative_loss:0.20324837838998064 - actor/ref_kl_loss:0.010429763793945312 - actor/old_deviate:0.00038160383701324463 - actor/reward_prob_mean:0.5000000037252903 - actor/total_loss:10.163847592100502 - actor/loss:10.163847923278809 - actor/grad_norm:0.0506591796875 - actor/lr:0.0003 - perf/mfu/actor:0.037768025273981515 - old_policy/update_applied:1.0 - old_policy/copy_update:1.0 - old_policy/ema_update:0.0 - old_policy/decay:0.0 - training/global_step:58 - training/epoch:0 - critic/rewards/mean:0.7838541865348816 - critic/rewards/max:1.0 - critic/rewards/min:0.0 - critic/rewards/zero_std_ratio:0.25 - critic/rewards/std_mean:0.26886603236198425 - critic/rewards/group_size:4.0 - timing_s/feed:0.04383714299183339 - timing_s/gen:241.86138621903956 - timing_s/reward:72.44250573799945 - timing_s/prepare_actor_batch:0.05482892505824566 - timing_s/update_actor:828.9272867590189 - timing_s/save_checkpoint:279.31689412903506 - timing_s/update_weights:7.251597381895408 - timing_s/step:1430.0527783780126 - timing_per_image_ms/gen:15116.336638689972 - timing_per_image_ms/update_actor:51807.95542243868 - perf/total_num_images:16 - perf/time_per_step:1430.0527783780126 - perf/throughput:0.005594199123946824 - training/off_policy/trajectory_spans/mean:np.float64(1.0) - training/off_policy/trajectory_spans/max:np.int64(1) - training/off_policy/trajectory_spans/min:np.int64(1) - training/off_policy/trajectory_staleness/mean:np.float64(-1.0) - training/off_policy/trajectory_staleness/max:np.int64(-1) - training/off_policy/trajectory_staleness/min:np.int64(-1) - training/off_policy/trajectory_staleness_worst/mean:np.float64(-1.0) - training/off_policy/trajectory_staleness_worst/max:np.int64(-1) - training/off_policy/trajectory_staleness_worst/min:np.int64(-1)
(DiffusionTaskRunnerV1 pid=2013) Dumped diffusion generations to /work/evidence/ocr-v1-100-12/rollouts/58.jsonl
(TransferQueueController pid=2198) Per-operation statistics: KV_RETRIEVE_META: req_count=30, req/min=5.73, avg_time=0.000903s, max_time=0.002525s, min_time=0.000259s; CLEAR_META: req_count=2, req/min=0.38, avg_time=0.000287s, max_time=0.000447s, min_time=0.000128s; SET_CUSTOM_META: req_count=25, req/min=4.77, avg_time=0.000046s, max_time=0.000088s, min_time=0.000019s; KV_LIST: req_count=121, req/min=23.10, avg_time=0.000085s, max_time=0.000144s, min_time=0.000038s; NOTIFY_DATA_UPDATE: req_count=16, req/min=3.05, avg_time=0.000356s, max_time=0.000602s, min_time=0.000171s
(TransferQueueController pid=2198) 2026-09-14 16:50:04,953 - INFO - transfer_queue.utils.perf_utils - TQ_CONTROLLER_bdabb3eb: [Performance] Total success requests: 194, Total req/min: 37.03, Total avg process time: 0.0002s;  [repeated 2x across cluster]
(TransferQueueController pid=2198) Time range: last 5.24 minutes;  [repeated 2x across cluster]
(SimpleStorageUnit pid=2270) Per-operation statistics: GET_DATA: req_count=2, req/min=0.38, avg_time=0.014840s, max_time=0.014899s, min_time=0.014782s; CLEAR_DATA: req_count=2, req/min=0.38, avg_time=0.015094s, max_time=0.015226s, min_time=0.014962s; PUT_DATA: req_count=17, req/min=3.25, avg_time=0.015408s, max_time=0.019008s, min_time=0.014960s
(WorkerDict pid=2434) /usr/local/lib/python3.12/dist-packages/torch/distributed/fsdp/_fully_shard/_fsdp_state.py:331: UserWarning: FSDP2-wrapped module (FSDPQwenImageTransformer2DModel) returned a view tensor. An in-place op on this view (e.g., `x += y`) will silently drop the pre-backward hook and skip the all-gather, which can cause backward to fail or produce wrong gradients. Use out-of-place ops (`out = out + y`, not `out += y`) or `.clone()` the output before any in-place op.
(WorkerDict pid=2434)   output = self._register_pre_backward_hook(output)
(SimpleStorageUnit pid=2270) 2026-09-14 16:50:04,988 - INFO - transfer_queue.utils.perf_utils - TQ_STORAGE_UNIT_14be62ca: [Performance] Total success requests: 21, Total req/min: 4.01, Total avg process time: 0.0153s;
(SimpleStorageUnit pid=2270) Time range: last 5.24 minutes;
(WorkerDict pid=2435) INFO:2026-09-14 17:07:03,845:[Rank 1] Saved model to /work/evidence/ocr-v1-100-12/checkpoints/global_step_59/actor/model_world_size_2_rank_1.pt
(WorkerDict pid=2435) /usr/local/lib/python3.12/dist-packages/torch/distributed/fsdp/_fully_shard/_fsdp_state.py:331: UserWarning: FSDP2-wrapped module (FSDPQwenImageTransformer2DModel) returned a view tensor. An in-place op on this view (e.g., `x += y`) will silently drop the pre-backward hook and skip the all-gather, which can cause backward to fail or produce wrong gradients. Use out-of-place ops (`out = out + y`, not `out += y`) or `.clone()` the output before any in-place op.
(WorkerDict pid=2435)   output = self._register_pre_backward_hook(output)
(WorkerDict pid=2435) INFO:2026-09-14 17:07:14,562:[Rank 1] Saved optim to /work/evidence/ocr-v1-100-12/checkpoints/global_step_59/actor/optim_world_size_2_rank_1.pt
(WorkerDict pid=2435) INFO:2026-09-14 17:07:14,568:[Rank 1] Saved extra_state to /work/evidence/ocr-v1-100-12/checkpoints/global_step_59/actor/extra_state_world_size_2_rank_1.pt
(WorkerDict pid=2435) /work/verl-core/verl/plugin/platform/platform_cuda.py:99: FutureWarning: torch.cuda._set_allocator_settings is deprecated. Use torch._C._accelerator_setAllocatorSettings instead.
(WorkerDict pid=2435)   torch.cuda.memory._set_allocator_settings(settings)
(TransferQueueController pid=2198) 2026-09-14 17:09:02,314 - INFO - transfer_queue.utils.perf_utils - TQ_CONTROLLER_bdabb3eb: [Performance] Total success requests: 3, Total req/min: 0.16, Total avg process time: 0.0011s;
(TransferQueueController pid=2198) Time range: last 18.96 minutes;
(TransferQueueController pid=2198) Per-operation statistics: NOTIFY_DATA_UPDATE: req_count=1, req/min=0.05, avg_time=0.000415s, max_time=0.000415s, min_time=0.000415s; SET_CUSTOM_META: req_count=1, req/min=0.05, avg_time=0.000058s, max_time=0.000058s, min_time=0.000058s; KV_RETRIEVE_META: req_count=1, req/min=0.05, avg_time=0.002744s, max_time=0.002744s, min_time=0.002744s
(WorkerDict pid=2434) /work/verl-core/verl/plugin/platform/platform_cuda.py:99: FutureWarning: torch.cuda._set_allocator_settings is deprecated. Use torch._C._accelerator_setAllocatorSettings instead.
(WorkerDict pid=2434)   torch.cuda.memory._set_allocator_settings(settings)
(SimpleStorageUnit pid=2270) Per-operation statistics: GET_DATA: req_count=1, req/min=0.05, avg_time=0.014715s, max_time=0.014715s, min_time=0.014715s
(DiffusionTaskRunnerV1 pid=2013)
Diffusion Training:  59%|█████▉    | 59/100 [13:51:58<16:04:27, 1411.40s/it]
(DiffusionTaskRunnerV1 pid=2013) step:59 - actor/policy_loss:10.084340941905975 - actor/positive_loss:0.2016781031037681 - actor/negative_loss:0.20169136280892416 - actor/ref_kl_loss:0.011057424545288085 - actor/old_deviate:0.00012509375810623168 - actor/reward_prob_mean:0.5000000018626451 - actor/total_loss:10.084342027455568 - actor/loss:10.084342002868652 - actor/grad_norm:0.04296875 - actor/lr:0.0003 - perf/mfu/actor:0.03793439789043672 - old_policy/update_applied:0.0 - old_policy/copy_update:0.0 - old_policy/ema_update:0.0 - old_policy/decay:0.0 - training/global_step:59 - training/epoch:0 - critic/rewards/mean:0.8188759684562683 - critic/rewards/max:1.0 - critic/rewards/min:0.0 - critic/rewards/zero_std_ratio:0.25 - critic/rewards/std_mean:0.17278911173343658 - critic/rewards/group_size:4.0 - timing_s/feed:0.064577293000184 - timing_s/gen:241.84130050707608 - timing_s/reward:71.90301698690746 - timing_s/prepare_actor_batch:0.054605289013125 - timing_s/update_actor:824.36210480507 - timing_s/save_checkpoint:304.28247013501823 - timing_s/update_weights:8.650312782963738 - timing_s/step:1451.3206023239763 - timing_per_image_ms/gen:15115.081281692255 - timing_per_image_ms/update_actor:51522.63155031687 - perf/total_num_images:16 - perf/time_per_step:1451.3206023239763 - perf/throughput:0.0055122210676191935 - training/off_policy/trajectory_spans/mean:np.float64(1.0) - training/off_policy/trajectory_spans/max:np.int64(1) - training/off_policy/trajectory_spans/min:np.int64(1) - training/off_policy/trajectory_staleness/mean:np.float64(-1.0) - training/off_policy/trajectory_staleness/max:np.int64(-1) - training/off_policy/trajectory_staleness/min:np.int64(-1) - training/off_policy/trajectory_staleness_worst/mean:np.float64(-1.0) - training/off_policy/trajectory_staleness_worst/max:np.int64(-1) - training/off_policy/trajectory_staleness_worst/min:np.int64(-1)
(DiffusionTaskRunnerV1 pid=2013) Dumped diffusion generations to /work/evidence/ocr-v1-100-12/rollouts/59.jsonl
(WorkerDict pid=2434) /usr/local/lib/python3.12/dist-packages/torch/distributed/fsdp/_fully_shard/_fsdp_state.py:331: UserWarning: FSDP2-wrapped module (FSDPQwenImageTransformer2DModel) returned a view tensor. An in-place op on this view (e.g., `x += y`) will silently drop the pre-backward hook and skip the all-gather, which can cause backward to fail or produce wrong gradients. Use out-of-place ops (`out = out + y`, not `out += y`) or `.clone()` the output before any in-place op.
(WorkerDict pid=2434)   output = self._register_pre_backward_hook(output)
(SimpleStorageUnit pid=2270) 2026-09-14 17:09:02,347 - INFO - transfer_queue.utils.perf_utils - TQ_STORAGE_UNIT_14be62ca: [Performance] Total success requests: 1, Total req/min: 0.05, Total avg process time: 0.0147s;
(SimpleStorageUnit pid=2270) Time range: last 18.96 minutes;
(WorkerDict pid=2435) INFO:2026-09-14 17:29:48,475:[Rank 1] Saved model to /work/evidence/ocr-v1-100-12/checkpoints/global_step_60/actor/model_world_size_2_rank_1.pt
(WorkerDict pid=2435) /usr/local/lib/python3.12/dist-packages/torch/distributed/fsdp/_fully_shard/_fsdp_state.py:331: UserWarning: FSDP2-wrapped module (FSDPQwenImageTransformer2DModel) returned a view tensor. An in-place op on this view (e.g., `x += y`) will silently drop the pre-backward hook and skip the all-gather, which can cause backward to fail or produce wrong gradients. Use out-of-place ops (`out = out + y`, not `out += y`) or `.clone()` the output before any in-place op.
(WorkerDict pid=2435)   output = self._register_pre_backward_hook(output)
(WorkerDict pid=2435) INFO:2026-09-14 17:29:58,339:[Rank 1] Saved optim to /work/evidence/ocr-v1-100-12/checkpoints/global_step_60/actor/optim_world_size_2_rank_1.pt
(WorkerDict pid=2435) INFO:2026-09-14 17:29:58,342:[Rank 1] Saved extra_state to /work/evidence/ocr-v1-100-12/checkpoints/global_step_60/actor/extra_state_world_size_2_rank_1.pt
(WorkerDict pid=2434) /work/verl-core/verl/plugin/platform/platform_cuda.py:99: FutureWarning: torch.cuda._set_allocator_settings is deprecated. Use torch._C._accelerator_setAllocatorSettings instead.
(WorkerDict pid=2434)   torch.cuda.memory._set_allocator_settings(settings)
(TransferQueueController pid=2198) 2026-09-14 17:31:50,369 - INFO - transfer_queue.utils.perf_utils - TQ_CONTROLLER_bdabb3eb: [Performance] Total success requests: 197, Total req/min: 8.64, Total avg process time: 0.0003s;
(TransferQueueController pid=2198) Time range: last 22.80 minutes;
(TransferQueueController pid=2198) Per-operation statistics: KV_RETRIEVE_META: req_count=31, req/min=1.36, avg_time=0.001015s, max_time=0.002749s, min_time=0.000350s; CLEAR_META: req_count=2, req/min=0.09, avg_time=0.000344s, max_time=0.000400s, min_time=0.000288s; SET_CUSTOM_META: req_count=26, req/min=1.14, avg_time=0.000059s, max_time=0.000081s, min_time=0.000040s; KV_LIST: req_count=121, req/min=5.31, avg_time=0.000094s, max_time=0.000157s, min_time=0.000033s; NOTIFY_DATA_UPDATE: req_count=17, req/min=0.75, avg_time=0.000405s, max_time=0.000563s, min_time=0.000163s
(WorkerDict pid=2435) /work/verl-core/verl/plugin/platform/platform_cuda.py:99: FutureWarning: torch.cuda._set_allocator_settings is deprecated. Use torch._C._accelerator_setAllocatorSettings instead.
(WorkerDict pid=2435)   torch.cuda.memory._set_allocator_settings(settings)
(SimpleStorageUnit pid=2270) Per-operation statistics: GET_DATA: req_count=2, req/min=0.08, avg_time=0.014915s, max_time=0.015175s, min_time=0.014655s; CLEAR_DATA: req_count=2, req/min=0.08, avg_time=0.015471s, max_time=0.015827s, min_time=0.015116s; PUT_DATA: req_count=18, req/min=0.76, avg_time=0.012818s, max_time=0.017624s, min_time=0.005390s
(SimpleStorageUnit pid=2270) 2026-09-14 17:32:50,419 - INFO - transfer_queue.utils.perf_utils - TQ_STORAGE_UNIT_14be62ca: [Performance] Total success requests: 22, Total req/min: 0.92, Total avg process time: 0.0132s;
(SimpleStorageUnit pid=2270) Time range: last 23.80 minutes;
(TransferQueueController pid=2198) 2026-09-14 17:36:51,158 - INFO - transfer_queue.utils.perf_utils - TQ_CONTROLLER_bdabb3eb: [Performance] Total success requests: 241, Total req/min: 48.07, Total avg process time: 0.0001s;
(TransferQueueController pid=2198) Time range: last 5.01 minutes;
(TransferQueueController pid=2198) Per-operation statistics: SET_CUSTOM_META: req_count=43, req/min=8.58, avg_time=0.000023s, max_time=0.000071s, min_time=0.000009s; KV_RETRIEVE_META: req_count=42, req/min=8.38, avg_time=0.000320s, max_time=0.000894s, min_time=0.000136s; KV_LIST: req_count=151, req/min=30.12, avg_time=0.000122s, max_time=0.000214s, min_time=0.000037s; NOTIFY_DATA_UPDATE: req_count=5, req/min=1.00, avg_time=0.000435s, max_time=0.000462s, min_time=0.000420s
(SimpleStorageUnit pid=2270) Per-operation statistics: PUT_DATA: req_count=6, req/min=1.01, avg_time=0.013600s, max_time=0.015499s, min_time=0.005742s
(SimpleStorageUnit pid=2270) 2026-09-14 17:38:47,674 - INFO - transfer_queue.utils.perf_utils - TQ_STORAGE_UNIT_14be62ca: [Performance] Total success requests: 6, Total req/min: 1.01, Total avg process time: 0.0136s;
(SimpleStorageUnit pid=2270) Time range: last 5.95 minutes;
(TransferQueueController pid=2198) 2026-09-14 17:41:51,686 - INFO - transfer_queue.utils.perf_utils - TQ_CONTROLLER_bdabb3eb: [Performance] Total success requests: 175, Total req/min: 34.94, Total avg process time: 0.0002s;
(TransferQueueController pid=2198) Time range: last 5.01 minutes;
(TransferQueueController pid=2198) Per-operation statistics: KV_LIST: req_count=150, req/min=29.95, avg_time=0.000116s, max_time=0.000209s, min_time=0.000050s; KV_RETRIEVE_META: req_count=10, req/min=2.00, avg_time=0.000765s, max_time=0.000913s, min_time=0.000592s; NOTIFY_DATA_UPDATE: req_count=5, req/min=1.00, avg_time=0.000383s, max_time=0.000455s, min_time=0.000207s; SET_CUSTOM_META: req_count=10, req/min=2.00, avg_time=0.000058s, max_time=0.000082s, min_time=0.000045s
(SimpleStorageUnit pid=2270) Per-operation statistics: PUT_DATA: req_count=6, req/min=1.01, avg_time=0.013515s, max_time=0.016301s, min_time=0.004608s
(SimpleStorageUnit pid=2270) 2026-09-14 17:44:44,319 - INFO - transfer_queue.utils.perf_utils - TQ_STORAGE_UNIT_14be62ca: [Performance] Total success requests: 6, Total req/min: 1.01, Total avg process time: 0.0135s;
(SimpleStorageUnit pid=2270) Time range: last 5.94 minutes;
(TransferQueueController pid=2198) 2026-09-14 17:46:52,343 - INFO - transfer_queue.utils.perf_utils - TQ_CONTROLLER_bdabb3eb: [Performance] Total success requests: 175, Total req/min: 34.92, Total avg process time: 0.0002s;
(TransferQueueController pid=2198) Time range: last 5.01 minutes;
(TransferQueueController pid=2198) Per-operation statistics: KV_LIST: req_count=150, req/min=29.93, avg_time=0.000131s, max_time=0.000192s, min_time=0.000053s; KV_RETRIEVE_META: req_count=10, req/min=2.00, avg_time=0.000672s, max_time=0.000876s, min_time=0.000239s; NOTIFY_DATA_UPDATE: req_count=5, req/min=1.00, avg_time=0.000383s, max_time=0.000451s, min_time=0.000184s; SET_CUSTOM_META: req_count=10, req/min=2.00, avg_time=0.000047s, max_time=0.000073s, min_time=0.000017s
(SimpleStorageUnit pid=2270) Per-operation statistics: PUT_DATA: req_count=6, req/min=1.01, avg_time=0.015139s, max_time=0.015209s, min_time=0.015059s
(SimpleStorageUnit pid=2270) 2026-09-14 17:50:40,983 - INFO - transfer_queue.utils.perf_utils - TQ_STORAGE_UNIT_14be62ca: [Performance] Total success requests: 6, Total req/min: 1.01, Total avg process time: 0.0151s;
(SimpleStorageUnit pid=2270) Time range: last 5.94 minutes;
(TransferQueueController pid=2198) 2026-09-14 17:51:53,058 - INFO - transfer_queue.utils.perf_utils - TQ_CONTROLLER_bdabb3eb: [Performance] Total success requests: 175, Total req/min: 34.92, Total avg process time: 0.0002s;
(TransferQueueController pid=2198) Time range: last 5.01 minutes;
(TransferQueueController pid=2198) Per-operation statistics: KV_LIST: req_count=150, req/min=29.93, avg_time=0.000134s, max_time=0.000207s, min_time=0.000059s; KV_RETRIEVE_META: req_count=10, req/min=2.00, avg_time=0.000673s, max_time=0.000894s, min_time=0.000251s; NOTIFY_DATA_UPDATE: req_count=5, req/min=1.00, avg_time=0.000381s, max_time=0.000442s, min_time=0.000192s; SET_CUSTOM_META: req_count=10, req/min=2.00, avg_time=0.000046s, max_time=0.000056s, min_time=0.000018s
(SimpleStorageUnit pid=2270) Per-operation statistics: PUT_DATA: req_count=6, req/min=1.01, avg_time=0.015174s, max_time=0.015383s, min_time=0.015067s
(SimpleStorageUnit pid=2270) 2026-09-14 17:56:37,964 - INFO - transfer_queue.utils.perf_utils - TQ_STORAGE_UNIT_14be62ca: [Performance] Total success requests: 6, Total req/min: 1.01, Total avg process time: 0.0152s;
(SimpleStorageUnit pid=2270) Time range: last 5.95 minutes;
(TransferQueueController pid=2198) 2026-09-14 17:56:53,778 - INFO - transfer_queue.utils.perf_utils - TQ_CONTROLLER_bdabb3eb: [Performance] Total success requests: 175, Total req/min: 34.92, Total avg process time: 0.0002s;
(TransferQueueController pid=2198) Time range: last 5.01 minutes;
(TransferQueueController pid=2198) Per-operation statistics: KV_LIST: req_count=150, req/min=29.93, avg_time=0.000136s, max_time=0.000197s, min_time=0.000065s; KV_RETRIEVE_META: req_count=10, req/min=2.00, avg_time=0.000671s, max_time=0.000895s, min_time=0.000249s; NOTIFY_DATA_UPDATE: req_count=5, req/min=1.00, avg_time=0.000388s, max_time=0.000459s, min_time=0.000192s; SET_CUSTOM_META: req_count=10, req/min=2.00, avg_time=0.000048s, max_time=0.000063s, min_time=0.000018s
(TransferQueueController pid=2198) 2026-09-14 18:01:54,509 - INFO - transfer_queue.utils.perf_utils - TQ_CONTROLLER_bdabb3eb: [Performance] Total success requests: 175, Total req/min: 34.91, Total avg process time: 0.0002s;
(TransferQueueController pid=2198) Time range: last 5.01 minutes;
(TransferQueueController pid=2198) Per-operation statistics: KV_LIST: req_count=150, req/min=29.93, avg_time=0.000143s, max_time=0.000236s, min_time=0.000064s; KV_RETRIEVE_META: req_count=10, req/min=2.00, avg_time=0.000778s, max_time=0.000913s, min_time=0.000605s; NOTIFY_DATA_UPDATE: req_count=5, req/min=1.00, avg_time=0.000469s, max_time=0.000664s, min_time=0.000408s; SET_CUSTOM_META: req_count=10, req/min=2.00, avg_time=0.000054s, max_time=0.000063s, min_time=0.000048s
(SimpleStorageUnit pid=2270) 2026-09-14 18:02:34,262 - INFO - transfer_queue.utils.perf_utils - TQ_STORAGE_UNIT_14be62ca: [Performance] Total success requests: 6, Total req/min: 1.01, Total avg process time: 0.0153s;
(SimpleStorageUnit pid=2270) Time range: last 5.94 minutes;
(SimpleStorageUnit pid=2270) Per-operation statistics: PUT_DATA: req_count=6, req/min=1.01, avg_time=0.015296s, max_time=0.015923s, min_time=0.015025s
(DiffusionTaskRunnerV1 pid=2013) Dumped diffusion generations to /work/evidence/ocr-v1-100-12/validation/60.jsonl
(DiffusionTaskRunnerV1 pid=2013) step:60 - actor/policy_loss:10.133760257810355 - actor/positive_loss:0.20266073112143204 - actor/negative_loss:0.2026855083415285 - actor/ref_kl_loss:0.012319660186767578 - actor/old_deviate:0.00036830306053161623 - actor/reward_prob_mean:0.5000000242143869 - actor/total_loss:10.13376148417592 - actor/loss:10.133761405944824 - actor/grad_norm:0.0279541015625 - actor/lr:0.0003 - perf/mfu/actor:0.038139322889453764 - old_policy/update_applied:1.0 - old_policy/copy_update:1.0 - old_policy/ema_update:0.0 - old_policy/decay:0.0 - val-core/flow_grpo/ocr/reward/mean@1:np.float64(0.8906557611189783) - val-aux/num_turns/min:2 - val-aux/num_turns/max:2 - val-aux/num_turns/mean:np.float64(2.0) - training/global_step:60 - training/epoch:0 - critic/rewards/mean:0.9660633206367493 - critic/rewards/max:1.0 - critic/rewards/min:0.692307710647583 - critic/rewards/zero_std_ratio:0.25 - critic/rewards/std_mean:0.0587799996137619 - critic/rewards/group_size:4.0 - timing_s/feed:0.0524697620421648 - timing_s/gen:241.94103316101246 - timing_s/reward:12.904596116044559 - timing_s/prepare_actor_batch:0.04447288706433028 - timing_s/update_actor:827.304147523013 - timing_s/save_checkpoint:276.5361321440432 - timing_s/update_weights:8.495196857023984 - timing_s/step:1367.4498690010514 - timing_s/testing:1926.799560651998 - timing_per_image_ms/gen:15121.314572563278 - timing_per_image_ms/update_actor:51706.50922018831 - perf/total_num_images:16 - perf/time_per_step:1367.4498690010514 - perf/throughput:0.005850305873256001 - training/off_policy/trajectory_spans/mean:np.float64(1.0) - training/off_policy/trajectory_spans/max:np.int64(1) - training/off_policy/trajectory_spans/min:np.int64(1) - training/off_policy/trajectory_staleness/mean:np.float64(-1.0) - training/off_policy/trajectory_staleness/max:np.int64(-1) - training/off_policy/trajectory_staleness/min:np.int64(-1) - training/off_policy/trajectory_staleness_worst/mean:np.float64(-1.0) - training/off_policy/trajectory_staleness_worst/max:np.int64(-1) - training/off_policy/trajectory_staleness_worst/min:np.int64(-1)
(DiffusionTaskRunnerV1 pid=2013)
Diffusion Training:  60%|██████    | 60/100 [14:46:53<21:57:36, 1976.41s/it]
(DiffusionTaskRunnerV1 pid=2013) Dumped diffusion generations to /work/evidence/ocr-v1-100-12/rollouts/60.jsonl
(TransferQueueController pid=2198) 2026-09-14 18:06:55,829 - INFO - transfer_queue.utils.perf_utils - TQ_CONTROLLER_bdabb3eb: [Performance] Total success requests: 206, Total req/min: 41.02, Total avg process time: 0.0003s;
(TransferQueueController pid=2198) Time range: last 5.02 minutes;
(TransferQueueController pid=2198) Per-operation statistics: KV_LIST: req_count=140, req/min=27.88, avg_time=0.000109s, max_time=0.000235s, min_time=0.000040s; KV_RETRIEVE_META: req_count=28, req/min=5.58, avg_time=0.001211s, max_time=0.003926s, min_time=0.000571s; NOTIFY_DATA_UPDATE: req_count=13, req/min=2.59, avg_time=0.000444s, max_time=0.000506s, min_time=0.000404s; SET_CUSTOM_META: req_count=22, req/min=4.38, avg_time=0.000054s, max_time=0.000065s, min_time=0.000042s; CLEAR_META: req_count=3, req/min=0.60, avg_time=0.000461s, max_time=0.000510s, min_time=0.000397s
(SimpleStorageUnit pid=2270) Per-operation statistics: PUT_DATA: req_count=16, req/min=3.12, avg_time=0.015511s, max_time=0.020273s, min_time=0.015023s; CLEAR_DATA: req_count=3, req/min=0.58, avg_time=0.015532s, max_time=0.016191s, min_time=0.015121s; GET_DATA: req_count=3, req/min=0.58, avg_time=0.014812s, max_time=0.014843s, min_time=0.014789s
(SimpleStorageUnit pid=2270) 2026-09-14 18:07:42,162 - INFO - transfer_queue.utils.perf_utils - TQ_STORAGE_UNIT_14be62ca: [Performance] Total success requests: 22, Total req/min: 4.29, Total avg process time: 0.0154s;
(SimpleStorageUnit pid=2270) Time range: last 5.13 minutes;
(WorkerDict pid=2434) /usr/local/lib/python3.12/dist-packages/torch/distributed/fsdp/_fully_shard/_fsdp_state.py:331: UserWarning: FSDP2-wrapped module (FSDPQwenImageTransformer2DModel) returned a view tensor. An in-place op on this view (e.g., `x += y`) will silently drop the pre-backward hook and skip the all-gather, which can cause backward to fail or produce wrong gradients. Use out-of-place ops (`out = out + y`, not `out += y`) or `.clone()` the output before any in-place op.
(WorkerDict pid=2434)   output = self._register_pre_backward_hook(output)
(WorkerDict pid=2435) INFO:2026-09-14 18:24:27,778:[Rank 1] Saved model to /work/evidence/ocr-v1-100-12/checkpoints/global_step_61/actor/model_world_size_2_rank_1.pt
(WorkerDict pid=2435) /usr/local/lib/python3.12/dist-packages/torch/distributed/fsdp/_fully_shard/_fsdp_state.py:331: UserWarning: FSDP2-wrapped module (FSDPQwenImageTransformer2DModel) returned a view tensor. An in-place op on this view (e.g., `x += y`) will silently drop the pre-backward hook and skip the all-gather, which can cause backward to fail or produce wrong gradients. Use out-of-place ops (`out = out + y`, not `out += y`) or `.clone()` the output before any in-place op.
(WorkerDict pid=2435)   output = self._register_pre_backward_hook(output)
(WorkerDict pid=2435) INFO:2026-09-14 18:24:37,641:[Rank 1] Saved optim to /work/evidence/ocr-v1-100-12/checkpoints/global_step_61/actor/optim_world_size_2_rank_1.pt
(WorkerDict pid=2435) INFO:2026-09-14 18:24:37,647:[Rank 1] Saved extra_state to /work/evidence/ocr-v1-100-12/checkpoints/global_step_61/actor/extra_state_world_size_2_rank_1.pt
(WorkerDict pid=2434) /work/verl-core/verl/plugin/platform/platform_cuda.py:99: FutureWarning: torch.cuda._set_allocator_settings is deprecated. Use torch._C._accelerator_setAllocatorSettings instead.
(WorkerDict pid=2434)   torch.cuda.memory._set_allocator_settings(settings)
(TransferQueueController pid=2198) 2026-09-14 18:26:26,909 - INFO - transfer_queue.utils.perf_utils - TQ_CONTROLLER_bdabb3eb: [Performance] Total success requests: 57, Total req/min: 2.92, Total avg process time: 0.0004s;
(TransferQueueController pid=2198) Time range: last 19.52 minutes;
(TransferQueueController pid=2198) Per-operation statistics: KV_RETRIEVE_META: req_count=11, req/min=0.56, avg_time=0.001297s, max_time=0.002994s, min_time=0.000418s; NOTIFY_DATA_UPDATE: req_count=6, req/min=0.31, avg_time=0.000419s, max_time=0.000440s, min_time=0.000385s; SET_CUSTOM_META: req_count=8, req/min=0.41, avg_time=0.000059s, max_time=0.000068s, min_time=0.000050s; KV_LIST: req_count=31, req/min=1.59, avg_time=0.000104s, max_time=0.000155s, min_time=0.000048s; CLEAR_META: req_count=1, req/min=0.05, avg_time=0.000275s, max_time=0.000275s, min_time=0.000275s
(WorkerDict pid=2435) /work/verl-core/verl/plugin/platform/platform_cuda.py:99: FutureWarning: torch.cuda._set_allocator_settings is deprecated. Use torch._C._accelerator_setAllocatorSettings instead.
(WorkerDict pid=2435)   torch.cuda.memory._set_allocator_settings(settings)
(SimpleStorageUnit pid=2270) Per-operation statistics: PUT_DATA: req_count=2, req/min=0.11, avg_time=0.015100s, max_time=0.015112s, min_time=0.015089s; CLEAR_DATA: req_count=1, req/min=0.05, avg_time=0.014846s, max_time=0.014846s, min_time=0.014846s; GET_DATA: req_count=2, req/min=0.11, avg_time=0.015543s, max_time=0.016028s, min_time=0.015057s
(DiffusionTaskRunnerV1 pid=2013)
Diffusion Training:  61%|██████    | 61/100 [15:09:23<19:22:29, 1788.44s/it]
(DiffusionTaskRunnerV1 pid=2013) step:61 - actor/policy_loss:9.859598422050476 - actor/positive_loss:0.1971886057523079 - actor/negative_loss:0.19719307404011488 - actor/ref_kl_loss:0.01263437271118164 - actor/old_deviate:0.00012204945087432862 - actor/reward_prob_mean:0.5 - actor/total_loss:9.859599666669965 - actor/loss:9.859599590301514 - actor/grad_norm:0.05059814453125 - actor/lr:0.0003 - perf/mfu/actor:0.03802552179354878 - old_policy/update_applied:0.0 - old_policy/copy_update:0.0 - old_policy/ema_update:0.0 - old_policy/decay:0.0 - training/global_step:61 - training/epoch:0 - critic/rewards/mean:0.7973484992980957 - critic/rewards/max:1.0 - critic/rewards/min:0.0 - critic/rewards/zero_std_ratio:0.0 - critic/rewards/std_mean:0.28184404969215393 - critic/rewards/group_size:4.0 - timing_s/feed:0.03468606504611671 - timing_s/gen:241.9968178330455 - timing_s/reward:13.424239711952396 - timing_s/prepare_actor_batch:0.05417897703591734 - timing_s/update_actor:823.5640915319091 - timing_s/save_checkpoint:262.976823543082 - timing_s/update_weights:7.237660700106062 - timing_s/step:1349.450277313008 - timing_per_image_ms/gen:15124.801114565344 - timing_per_image_ms/update_actor:51472.75572074432 - perf/total_num_images:16 - perf/time_per_step:1349.450277313008 - perf/throughput:0.005928339957756282 - training/off_policy/trajectory_spans/mean:np.float64(1.0) - training/off_policy/trajectory_spans/max:np.int64(1) - training/off_policy/trajectory_spans/min:np.int64(1) - training/off_policy/trajectory_staleness/mean:np.float64(-1.0) - training/off_policy/trajectory_staleness/max:np.int64(-1) - training/off_policy/trajectory_staleness/min:np.int64(-1) - training/off_policy/trajectory_staleness_worst/mean:np.float64(-1.0) - training/off_policy/trajectory_staleness_worst/max:np.int64(-1) - training/off_policy/trajectory_staleness_worst/min:np.int64(-1)
(DiffusionTaskRunnerV1 pid=2013) Dumped diffusion generations to /work/evidence/ocr-v1-100-12/rollouts/61.jsonl
(WorkerDict pid=2434) /usr/local/lib/python3.12/dist-packages/torch/distributed/fsdp/_fully_shard/_fsdp_state.py:331: UserWarning: FSDP2-wrapped module (FSDPQwenImageTransformer2DModel) returned a view tensor. An in-place op on this view (e.g., `x += y`) will silently drop the pre-backward hook and skip the all-gather, which can cause backward to fail or produce wrong gradients. Use out-of-place ops (`out = out + y`, not `out += y`) or `.clone()` the output before any in-place op.
(WorkerDict pid=2434)   output = self._register_pre_backward_hook(output)
(SimpleStorageUnit pid=2270) 2026-09-14 18:26:26,943 - INFO - transfer_queue.utils.perf_utils - TQ_STORAGE_UNIT_14be62ca: [Performance] Total success requests: 5, Total req/min: 0.27, Total avg process time: 0.0152s;
(SimpleStorageUnit pid=2270) Time range: last 18.75 minutes;
(WorkerDict pid=2435) INFO:2026-09-14 18:47:03,654:[Rank 1] Saved model to /work/evidence/ocr-v1-100-12/checkpoints/global_step_62/actor/model_world_size_2_rank_1.pt
(WorkerDict pid=2435) /usr/local/lib/python3.12/dist-packages/torch/distributed/fsdp/_fully_shard/_fsdp_state.py:331: UserWarning: FSDP2-wrapped module (FSDPQwenImageTransformer2DModel) returned a view tensor. An in-place op on this view (e.g., `x += y`) will silently drop the pre-backward hook and skip the all-gather, which can cause backward to fail or produce wrong gradients. Use out-of-place ops (`out = out + y`, not `out += y`) or `.clone()` the output before any in-place op.
(WorkerDict pid=2435)   output = self._register_pre_backward_hook(output)
(WorkerDict pid=2435) INFO:2026-09-14 18:47:12,035:[Rank 1] Saved optim to /work/evidence/ocr-v1-100-12/checkpoints/global_step_62/actor/optim_world_size_2_rank_1.pt
(WorkerDict pid=2435) INFO:2026-09-14 18:47:12,040:[Rank 1] Saved extra_state to /work/evidence/ocr-v1-100-12/checkpoints/global_step_62/actor/extra_state_world_size_2_rank_1.pt
(WorkerDict pid=2434) /work/verl-core/verl/plugin/platform/platform_cuda.py:99: FutureWarning: torch.cuda._set_allocator_settings is deprecated. Use torch._C._accelerator_setAllocatorSettings instead.
(WorkerDict pid=2434)   torch.cuda.memory._set_allocator_settings(settings)
(TransferQueueController pid=2198) 2026-09-14 18:48:53,977 - INFO - transfer_queue.utils.perf_utils - TQ_CONTROLLER_bdabb3eb: [Performance] Total success requests: 197, Total req/min: 8.77, Total avg process time: 0.0003s;
(TransferQueueController pid=2198) Time range: last 22.45 minutes;
(TransferQueueController pid=2198) Per-operation statistics: KV_RETRIEVE_META: req_count=31, req/min=1.38, avg_time=0.001027s, max_time=0.002737s, min_time=0.000306s; CLEAR_META: req_count=2, req/min=0.09, avg_time=0.000377s, max_time=0.000444s, min_time=0.000309s; SET_CUSTOM_META: req_count=26, req/min=1.16, avg_time=0.000050s, max_time=0.000078s, min_time=0.000019s; KV_LIST: req_count=121, req/min=5.39, avg_time=0.000093s, max_time=0.000169s, min_time=0.000040s; NOTIFY_DATA_UPDATE: req_count=17, req/min=0.76, avg_time=0.000398s, max_time=0.000514s, min_time=0.000197s
(WorkerDict pid=2435) /work/verl-core/verl/plugin/platform/platform_cuda.py:99: FutureWarning: torch.cuda._set_allocator_settings is deprecated. Use torch._C._accelerator_setAllocatorSettings instead.
(WorkerDict pid=2435)   torch.cuda.memory._set_allocator_settings(settings)
(SimpleStorageUnit pid=2270) Per-operation statistics: GET_DATA: req_count=3, req/min=0.13, avg_time=0.016142s, max_time=0.018532s, min_time=0.014829s; CLEAR_DATA: req_count=2, req/min=0.09, avg_time=0.015114s, max_time=0.015372s, min_time=0.014855s; PUT_DATA: req_count=17, req/min=0.76, avg_time=0.014758s, max_time=0.015559s, min_time=0.007313s
(DiffusionTaskRunnerV1 pid=2013)
Diffusion Training:  62%|██████▏   | 62/100 [15:31:50<17:28:48, 1656.02s/it]
(DiffusionTaskRunnerV1 pid=2013) step:62 - actor/policy_loss:11.428120414912701 - actor/positive_loss:0.22854661085875705 - actor/negative_loss:0.22858463539741933 - actor/ref_kl_loss:0.011635875701904297 - actor/old_deviate:0.0006518185138702393 - actor/reward_prob_mean:0.4999999962747097 - actor/total_loss:11.428121542930604 - actor/loss:11.428121566772461 - actor/grad_norm:0.11474609375 - actor/lr:0.0003 - perf/mfu/actor:0.03800179731125132 - old_policy/update_applied:1.0 - old_policy/copy_update:1.0 - old_policy/ema_update:0.0 - old_policy/decay:0.0 - training/global_step:62 - training/epoch:0 - critic/rewards/mean:0.8688473105430603 - critic/rewards/max:1.0 - critic/rewards/min:0.0 - critic/rewards/zero_std_ratio:0.25 - critic/rewards/std_mean:0.1489226371049881 - critic/rewards/group_size:4.0 - timing_s/feed:0.06557862204499543 - timing_s/gen:241.95031273399945 - timing_s/reward:12.694948138087057 - timing_s/prepare_actor_batch:0.03774639801122248 - timing_s/update_actor:827.6364698000252 - timing_s/save_checkpoint:255.44746610999573 - timing_s/update_weights:8.685472017037682 - timing_s/step:1346.6854412110988 - timing_per_image_ms/gen:15121.894545874966 - timing_per_image_ms/update_actor:51727.27936250158 - perf/total_num_images:16 - perf/time_per_step:1346.6854412110988 - perf/throughput:0.005940511239807756 - training/off_policy/trajectory_spans/mean:np.float64(1.0) - training/off_policy/trajectory_spans/max:np.int64(1) - training/off_policy/trajectory_spans/min:np.int64(1) - training/off_policy/trajectory_staleness/mean:np.float64(-1.0) - training/off_policy/trajectory_staleness/max:np.int64(-1) - training/off_policy/trajectory_staleness/min:np.int64(-1) - training/off_policy/trajectory_staleness_worst/mean:np.float64(-1.0) - training/off_policy/trajectory_staleness_worst/max:np.int64(-1) - training/off_policy/trajectory_staleness_worst/min:np.int64(-1)
(DiffusionTaskRunnerV1 pid=2013) Dumped diffusion generations to /work/evidence/ocr-v1-100-12/rollouts/62.jsonl
(WorkerDict pid=2434) /usr/local/lib/python3.12/dist-packages/torch/distributed/fsdp/_fully_shard/_fsdp_state.py:331: UserWarning: FSDP2-wrapped module (FSDPQwenImageTransformer2DModel) returned a view tensor. An in-place op on this view (e.g., `x += y`) will silently drop the pre-backward hook and skip the all-gather, which can cause backward to fail or produce wrong gradients. Use out-of-place ops (`out = out + y`, not `out += y`) or `.clone()` the output before any in-place op.
(WorkerDict pid=2434)   output = self._register_pre_backward_hook(output)
(SimpleStorageUnit pid=2270) 2026-09-14 18:48:54,012 - INFO - transfer_queue.utils.perf_utils - TQ_STORAGE_UNIT_14be62ca: [Performance] Total success requests: 22, Total req/min: 0.98, Total avg process time: 0.0150s;
(SimpleStorageUnit pid=2270) Time range: last 22.45 minutes;
(WorkerDict pid=2435) INFO:2026-09-14 19:09:27,240:[Rank 1] Saved model to /work/evidence/ocr-v1-100-12/checkpoints/global_step_63/actor/model_world_size_2_rank_1.pt
(WorkerDict pid=2435) /usr/local/lib/python3.12/dist-packages/torch/distributed/fsdp/_fully_shard/_fsdp_state.py:331: UserWarning: FSDP2-wrapped module (FSDPQwenImageTransformer2DModel) returned a view tensor. An in-place op on this view (e.g., `x += y`) will silently drop the pre-backward hook and skip the all-gather, which can cause backward to fail or produce wrong gradients. Use out-of-place ops (`out = out + y`, not `out += y`) or `.clone()` the output before any in-place op.
(WorkerDict pid=2435)   output = self._register_pre_backward_hook(output)
(WorkerDict pid=2435) INFO:2026-09-14 19:09:36,513:[Rank 1] Saved optim to /work/evidence/ocr-v1-100-12/checkpoints/global_step_63/actor/optim_world_size_2_rank_1.pt
(WorkerDict pid=2435) INFO:2026-09-14 19:09:36,518:[Rank 1] Saved extra_state to /work/evidence/ocr-v1-100-12/checkpoints/global_step_63/actor/extra_state_world_size_2_rank_1.pt
(WorkerDict pid=2434) /work/verl-core/verl/plugin/platform/platform_cuda.py:99: FutureWarning: torch.cuda._set_allocator_settings is deprecated. Use torch._C._accelerator_setAllocatorSettings instead.
(WorkerDict pid=2434)   torch.cuda.memory._set_allocator_settings(settings)
(TransferQueueController pid=2198) 2026-09-14 19:11:30,513 - INFO - transfer_queue.utils.perf_utils - TQ_CONTROLLER_bdabb3eb: [Performance] Total success requests: 197, Total req/min: 8.71, Total avg process time: 0.0003s;
(TransferQueueController pid=2198) Time range: last 22.61 minutes;
(TransferQueueController pid=2198) Per-operation statistics: KV_RETRIEVE_META: req_count=31, req/min=1.37, avg_time=0.001075s, max_time=0.002611s, min_time=0.000567s; CLEAR_META: req_count=2, req/min=0.09, avg_time=0.000337s, max_time=0.000401s, min_time=0.000273s; SET_CUSTOM_META: req_count=26, req/min=1.15, avg_time=0.000054s, max_time=0.000063s, min_time=0.000040s; KV_LIST: req_count=121, req/min=5.35, avg_time=0.000086s, max_time=0.000140s, min_time=0.000031s; NOTIFY_DATA_UPDATE: req_count=17, req/min=0.75, avg_time=0.000416s, max_time=0.000496s, min_time=0.000378s
(WorkerDict pid=2435) /work/verl-core/verl/plugin/platform/platform_cuda.py:99: FutureWarning: torch.cuda._set_allocator_settings is deprecated. Use torch._C._accelerator_setAllocatorSettings instead.
(WorkerDict pid=2435)   torch.cuda.memory._set_allocator_settings(settings)
(SimpleStorageUnit pid=2270) Per-operation statistics: GET_DATA: req_count=3, req/min=0.13, avg_time=0.014993s, max_time=0.015149s, min_time=0.014738s; CLEAR_DATA: req_count=2, req/min=0.09, avg_time=0.015379s, max_time=0.015798s, min_time=0.014961s; PUT_DATA: req_count=17, req/min=0.75, avg_time=0.015122s, max_time=0.019420s, min_time=0.006661s
(DiffusionTaskRunnerV1 pid=2013)
Diffusion Training:  63%|██████▎   | 63/100 [15:54:27<16:05:48, 1566.18s/it]
(DiffusionTaskRunnerV1 pid=2013) step:63 - actor/policy_loss:12.247024846076965 - actor/positive_loss:0.24510045975912365 - actor/negative_loss:0.2447621174622327 - actor/ref_kl_loss:0.016936111450195312 - actor/old_deviate:0.0010397911071777343 - actor/reward_prob_mean:0.5000000018626451 - actor/total_loss:12.247026565670968 - actor/loss:12.247026920318604 - actor/grad_norm:0.09814453125 - actor/lr:0.0003 - perf/mfu/actor:0.037483527846288806 - old_policy/update_applied:0.0 - old_policy/copy_update:0.0 - old_policy/ema_update:0.0 - old_policy/decay:0.0 - training/global_step:63 - training/epoch:0 - critic/rewards/mean:0.7572048902511597 - critic/rewards/max:1.0 - critic/rewards/min:0.125 - critic/rewards/zero_std_ratio:0.0 - critic/rewards/std_mean:0.22386255860328674 - critic/rewards/group_size:4.0 - timing_s/feed:0.03327940893359482 - timing_s/gen:241.98471630597487 - timing_s/reward:12.942066724062897 - timing_s/prepare_actor_batch:0.054093956016004086 - timing_s/update_actor:824.1809371759882 - timing_s/save_checkpoint:268.65562425903045 - timing_s/update_weights:8.217299179988913 - timing_s/step:1356.196356698987 - timing_per_image_ms/gen:15124.04476912343 - timing_per_image_ms/update_actor:51511.308573499264 - perf/total_num_images:16 - perf/time_per_step:1356.196356698987 - perf/throughput:0.005898850826787489 - training/off_policy/trajectory_spans/mean:np.float64(1.0) - training/off_policy/trajectory_spans/max:np.int64(1) - training/off_policy/trajectory_spans/min:np.int64(1) - training/off_policy/trajectory_staleness/mean:np.float64(-1.0) - training/off_policy/trajectory_staleness/max:np.int64(-1) - training/off_policy/trajectory_staleness/min:np.int64(-1) - training/off_policy/trajectory_staleness_worst/mean:np.float64(-1.0) - training/off_policy/trajectory_staleness_worst/max:np.int64(-1) - training/off_policy/trajectory_staleness_worst/min:np.int64(-1)
(DiffusionTaskRunnerV1 pid=2013) Dumped diffusion generations to /work/evidence/ocr-v1-100-12/rollouts/63.jsonl
(WorkerDict pid=2434) /usr/local/lib/python3.12/dist-packages/torch/distributed/fsdp/_fully_shard/_fsdp_state.py:331: UserWarning: FSDP2-wrapped module (FSDPQwenImageTransformer2DModel) returned a view tensor. An in-place op on this view (e.g., `x += y`) will silently drop the pre-backward hook and skip the all-gather, which can cause backward to fail or produce wrong gradients. Use out-of-place ops (`out = out + y`, not `out += y`) or `.clone()` the output before any in-place op.
(WorkerDict pid=2434)   output = self._register_pre_backward_hook(output)
(SimpleStorageUnit pid=2270) 2026-09-14 19:11:30,549 - INFO - transfer_queue.utils.perf_utils - TQ_STORAGE_UNIT_14be62ca: [Performance] Total success requests: 22, Total req/min: 0.97, Total avg process time: 0.0151s;
(SimpleStorageUnit pid=2270) Time range: last 22.61 minutes;
(WorkerDict pid=2435) INFO:2026-09-14 19:32:06,065:[Rank 1] Saved model to /work/evidence/ocr-v1-100-12/checkpoints/global_step_64/actor/model_world_size_2_rank_1.pt
(WorkerDict pid=2435) /usr/local/lib/python3.12/dist-packages/torch/distributed/fsdp/_fully_shard/_fsdp_state.py:331: UserWarning: FSDP2-wrapped module (FSDPQwenImageTransformer2DModel) returned a view tensor. An in-place op on this view (e.g., `x += y`) will silently drop the pre-backward hook and skip the all-gather, which can cause backward to fail or produce wrong gradients. Use out-of-place ops (`out = out + y`, not `out += y`) or `.clone()` the output before any in-place op.
(WorkerDict pid=2435)   output = self._register_pre_backward_hook(output)
(WorkerDict pid=2435) INFO:2026-09-14 19:32:16,783:[Rank 1] Saved optim to /work/evidence/ocr-v1-100-12/checkpoints/global_step_64/actor/optim_world_size_2_rank_1.pt
(WorkerDict pid=2435) INFO:2026-09-14 19:32:16,788:[Rank 1] Saved extra_state to /work/evidence/ocr-v1-100-12/checkpoints/global_step_64/actor/extra_state_world_size_2_rank_1.pt
(WorkerDict pid=2435) /work/verl-core/verl/plugin/platform/platform_cuda.py:99: FutureWarning: torch.cuda._set_allocator_settings is deprecated. Use torch._C._accelerator_setAllocatorSettings instead.
(WorkerDict pid=2435)   torch.cuda.memory._set_allocator_settings(settings)
(TransferQueueController pid=2198) 2026-09-14 19:34:09,662 - INFO - transfer_queue.utils.perf_utils - TQ_CONTROLLER_bdabb3eb: [Performance] Total success requests: 198, Total req/min: 8.74, Total avg process time: 0.0003s;
(TransferQueueController pid=2198) Time range: last 22.65 minutes;
(TransferQueueController pid=2198) Per-operation statistics: KV_RETRIEVE_META: req_count=31, req/min=1.37, avg_time=0.001020s, max_time=0.002736s, min_time=0.000272s; CLEAR_META: req_count=2, req/min=0.09, avg_time=0.000357s, max_time=0.000406s, min_time=0.000307s; SET_CUSTOM_META: req_count=26, req/min=1.15, avg_time=0.000052s, max_time=0.000073s, min_time=0.000019s; KV_LIST: req_count=122, req/min=5.39, avg_time=0.000091s, max_time=0.000141s, min_time=0.000034s; NOTIFY_DATA_UPDATE: req_count=17, req/min=0.75, avg_time=0.000416s, max_time=0.000537s, min_time=0.000201s
(WorkerDict pid=2434) /work/verl-core/verl/plugin/platform/platform_cuda.py:99: FutureWarning: torch.cuda._set_allocator_settings is deprecated. Use torch._C._accelerator_setAllocatorSettings instead.
(WorkerDict pid=2434)   torch.cuda.memory._set_allocator_settings(settings)
(SimpleStorageUnit pid=2270) Per-operation statistics: GET_DATA: req_count=3, req/min=0.13, avg_time=0.014730s, max_time=0.014758s, min_time=0.014683s; CLEAR_DATA: req_count=2, req/min=0.09, avg_time=0.015197s, max_time=0.015596s, min_time=0.014798s; PUT_DATA: req_count=17, req/min=0.75, avg_time=0.013278s, max_time=0.020851s, min_time=0.005228s
(DiffusionTaskRunnerV1 pid=2013)
Diffusion Training:  64%|██████▍   | 64/100 [16:17:06<15:02:26, 1504.07s/it]
(DiffusionTaskRunnerV1 pid=2013) step:64 - actor/policy_loss:10.155890570953488 - actor/positive_loss:0.20307723429286853 - actor/negative_loss:0.20316029811510816 - actor/ref_kl_loss:0.015686798095703124 - actor/old_deviate:0.0014882683753967285 - actor/reward_prob_mean:0.5000000018626451 - actor/total_loss:10.155892185121775 - actor/loss:10.15589189529419 - actor/grad_norm:0.037841796875 - actor/lr:0.0003 - perf/mfu/actor:0.037961570636491276 - old_policy/update_applied:1.0 - old_policy/copy_update:1.0 - old_policy/ema_update:0.0 - old_policy/decay:0.0 - training/global_step:64 - training/epoch:0 - critic/rewards/mean:0.7867646813392639 - critic/rewards/max:1.0 - critic/rewards/min:0.0 - critic/rewards/zero_std_ratio:0.5 - critic/rewards/std_mean:0.08993993699550629 - critic/rewards/group_size:4.0 - timing_s/feed:0.03010416601318866 - timing_s/gen:243.95148715702817 - timing_s/reward:13.171285166987218 - timing_s/prepare_actor_batch:0.04440623498521745 - timing_s/update_actor:827.0772705649724 - timing_s/save_checkpoint:266.46500323794317 - timing_s/update_weights:7.896529052988626 - timing_s/step:1358.7905031589326 - timing_per_image_ms/gen:15246.96794731426 - timing_per_image_ms/update_actor:51692.32941031078 - perf/total_num_images:16 - perf/time_per_step:1358.7905031589326 - perf/throughput:0.005887588985499606 - training/off_policy/trajectory_spans/mean:np.float64(1.0) - training/off_policy/trajectory_spans/max:np.int64(1) - training/off_policy/trajectory_spans/min:np.int64(1) - training/off_policy/trajectory_staleness/mean:np.float64(-1.0) - training/off_policy/trajectory_staleness/max:np.int64(-1) - training/off_policy/trajectory_staleness/min:np.int64(-1) - training/off_policy/trajectory_staleness_worst/mean:np.float64(-1.0) - training/off_policy/trajectory_staleness_worst/max:np.int64(-1) - training/off_policy/trajectory_staleness_worst/min:np.int64(-1)
(DiffusionTaskRunnerV1 pid=2013) Dumped diffusion generations to /work/evidence/ocr-v1-100-12/rollouts/64.jsonl
(TransferQueueController pid=2198) Per-operation statistics: KV_RETRIEVE_META: req_count=30, req/min=5.69, avg_time=0.000825s, max_time=0.002494s, min_time=0.000274s; CLEAR_META: req_count=2, req/min=0.38, avg_time=0.000232s, max_time=0.000278s, min_time=0.000186s; SET_CUSTOM_META: req_count=25, req/min=4.74, avg_time=0.000050s, max_time=0.000088s, min_time=0.000019s; KV_LIST: req_count=121, req/min=22.95, avg_time=0.000088s, max_time=0.000172s, min_time=0.000034s; NOTIFY_DATA_UPDATE: req_count=16, req/min=3.04, avg_time=0.000372s, max_time=0.000531s, min_time=0.000180s
(TransferQueueController pid=2198) 2026-09-14 19:39:25,958 - INFO - transfer_queue.utils.perf_utils - TQ_CONTROLLER_bdabb3eb: [Performance] Total success requests: 194, Total req/min: 36.80, Total avg process time: 0.0002s;  [repeated 2x across cluster]
(TransferQueueController pid=2198) Time range: last 5.27 minutes;  [repeated 2x across cluster]
(SimpleStorageUnit pid=2270) Per-operation statistics: GET_DATA: req_count=2, req/min=0.38, avg_time=0.014802s, max_time=0.014818s, min_time=0.014786s; CLEAR_DATA: req_count=2, req/min=0.38, avg_time=0.016109s, max_time=0.017163s, min_time=0.015056s; PUT_DATA: req_count=17, req/min=3.22, avg_time=0.014755s, max_time=0.020647s, min_time=0.004237s
(WorkerDict pid=2434) /usr/local/lib/python3.12/dist-packages/torch/distributed/fsdp/_fully_shard/_fsdp_state.py:331: UserWarning: FSDP2-wrapped module (FSDPQwenImageTransformer2DModel) returned a view tensor. An in-place op on this view (e.g., `x += y`) will silently drop the pre-backward hook and skip the all-gather, which can cause backward to fail or produce wrong gradients. Use out-of-place ops (`out = out + y`, not `out += y`) or `.clone()` the output before any in-place op.
(WorkerDict pid=2434)   output = self._register_pre_backward_hook(output)
(SimpleStorageUnit pid=2270) 2026-09-14 19:39:25,994 - INFO - transfer_queue.utils.perf_utils - TQ_STORAGE_UNIT_14be62ca: [Performance] Total success requests: 21, Total req/min: 3.98, Total avg process time: 0.0149s;
(SimpleStorageUnit pid=2270) Time range: last 5.27 minutes;
(WorkerDict pid=2435) INFO:2026-09-14 19:55:42,963:[Rank 1] Saved model to /work/evidence/ocr-v1-100-12/checkpoints/global_step_65/actor/model_world_size_2_rank_1.pt
(WorkerDict pid=2435) /usr/local/lib/python3.12/dist-packages/torch/distributed/fsdp/_fully_shard/_fsdp_state.py:331: UserWarning: FSDP2-wrapped module (FSDPQwenImageTransformer2DModel) returned a view tensor. An in-place op on this view (e.g., `x += y`) will silently drop the pre-backward hook and skip the all-gather, which can cause backward to fail or produce wrong gradients. Use out-of-place ops (`out = out + y`, not `out += y`) or `.clone()` the output before any in-place op.
(WorkerDict pid=2435)   output = self._register_pre_backward_hook(output)
(WorkerDict pid=2435) INFO:2026-09-14 19:55:52,093:[Rank 1] Saved optim to /work/evidence/ocr-v1-100-12/checkpoints/global_step_65/actor/optim_world_size_2_rank_1.pt
(WorkerDict pid=2435) INFO:2026-09-14 19:55:52,100:[Rank 1] Saved extra_state to /work/evidence/ocr-v1-100-12/checkpoints/global_step_65/actor/extra_state_world_size_2_rank_1.pt
(WorkerDict pid=2434) /work/verl-core/verl/plugin/platform/platform_cuda.py:99: FutureWarning: torch.cuda._set_allocator_settings is deprecated. Use torch._C._accelerator_setAllocatorSettings instead.
(WorkerDict pid=2434)   torch.cuda.memory._set_allocator_settings(settings)
(TransferQueueController pid=2198) 2026-09-14 19:57:37,958 - INFO - transfer_queue.utils.perf_utils - TQ_CONTROLLER_bdabb3eb: [Performance] Total success requests: 3, Total req/min: 0.16, Total avg process time: 0.0010s;
(TransferQueueController pid=2198) Time range: last 18.20 minutes;
(TransferQueueController pid=2198) Per-operation statistics: NOTIFY_DATA_UPDATE: req_count=1, req/min=0.05, avg_time=0.000431s, max_time=0.000431s, min_time=0.000431s; SET_CUSTOM_META: req_count=1, req/min=0.05, avg_time=0.000061s, max_time=0.000061s, min_time=0.000061s; KV_RETRIEVE_META: req_count=1, req/min=0.05, avg_time=0.002613s, max_time=0.002613s, min_time=0.002613s
(WorkerDict pid=2435) /work/verl-core/verl/plugin/platform/platform_cuda.py:99: FutureWarning: torch.cuda._set_allocator_settings is deprecated. Use torch._C._accelerator_setAllocatorSettings instead.
(WorkerDict pid=2435)   torch.cuda.memory._set_allocator_settings(settings)
(SimpleStorageUnit pid=2270) Per-operation statistics: GET_DATA: req_count=1, req/min=0.05, avg_time=0.006746s, max_time=0.006746s, min_time=0.006746s
(DiffusionTaskRunnerV1 pid=2013)
Diffusion Training:  65%|██████▌   | 65/100 [16:40:34<14:20:36, 1475.34s/it]
(DiffusionTaskRunnerV1 pid=2013) step:65 - actor/policy_loss:10.420816785842181 - actor/positive_loss:0.20843314145458863 - actor/negative_loss:0.2083988965372555 - actor/ref_kl_loss:0.013305854797363282 - actor/old_deviate:0.0002105236053466797 - actor/reward_prob_mean:0.5000000074505806 - actor/total_loss:10.42081811055541 - actor/loss:10.420818328857422 - actor/grad_norm:0.053466796875 - actor/lr:0.0003 - perf/mfu/actor:0.03791793758426169 - old_policy/update_applied:0.0 - old_policy/copy_update:0.0 - old_policy/ema_update:0.0 - old_policy/decay:0.0 - training/global_step:65 - training/epoch:0 - critic/rewards/mean:0.848740816116333 - critic/rewards/max:1.0 - critic/rewards/min:0.0 - critic/rewards/zero_std_ratio:0.0 - critic/rewards/std_mean:0.17801156640052795 - critic/rewards/group_size:4.0 - timing_s/feed:0.03132448100950569 - timing_s/gen:241.9321311750682 - timing_s/reward:73.81234717799816 - timing_s/prepare_actor_batch:0.055771682993508875 - timing_s/update_actor:823.2778102679877 - timing_s/save_checkpoint:261.1597709649941 - timing_s/update_weights:7.490673661930487 - timing_s/step:1407.9344568200177 - timing_per_image_ms/gen:15120.758198441763 - timing_per_image_ms/update_actor:51454.86314174923 - perf/total_num_images:16 - perf/time_per_step:1407.9344568200177 - perf/throughput:0.0056820826859148845 - training/off_policy/trajectory_spans/mean:np.float64(1.0) - training/off_policy/trajectory_spans/max:np.int64(1) - training/off_policy/trajectory_spans/min:np.int64(1) - training/off_policy/trajectory_staleness/mean:np.float64(-1.0) - training/off_policy/trajectory_staleness/max:np.int64(-1) - training/off_policy/trajectory_staleness/min:np.int64(-1) - training/off_policy/trajectory_staleness_worst/mean:np.float64(-1.0) - training/off_policy/trajectory_staleness_worst/max:np.int64(-1) - training/off_policy/trajectory_staleness_worst/min:np.int64(-1)
(DiffusionTaskRunnerV1 pid=2013) Dumped diffusion generations to /work/evidence/ocr-v1-100-12/rollouts/65.jsonl
(WorkerDict pid=2434) /usr/local/lib/python3.12/dist-packages/torch/distributed/fsdp/_fully_shard/_fsdp_state.py:331: UserWarning: FSDP2-wrapped module (FSDPQwenImageTransformer2DModel) returned a view tensor. An in-place op on this view (e.g., `x += y`) will silently drop the pre-backward hook and skip the all-gather, which can cause backward to fail or produce wrong gradients. Use out-of-place ops (`out = out + y`, not `out += y`) or `.clone()` the output before any in-place op.
(WorkerDict pid=2434)   output = self._register_pre_backward_hook(output)
(SimpleStorageUnit pid=2270) 2026-09-14 19:57:37,987 - INFO - transfer_queue.utils.perf_utils - TQ_STORAGE_UNIT_14be62ca: [Performance] Total success requests: 1, Total req/min: 0.05, Total avg process time: 0.0067s;
(SimpleStorageUnit pid=2270) Time range: last 18.20 minutes;
(WorkerDict pid=2435) INFO:2026-09-14 20:18:15,727:[Rank 1] Saved model to /work/evidence/ocr-v1-100-12/checkpoints/global_step_66/actor/model_world_size_2_rank_1.pt
(WorkerDict pid=2435) /usr/local/lib/python3.12/dist-packages/torch/distributed/fsdp/_fully_shard/_fsdp_state.py:331: UserWarning: FSDP2-wrapped module (FSDPQwenImageTransformer2DModel) returned a view tensor. An in-place op on this view (e.g., `x += y`) will silently drop the pre-backward hook and skip the all-gather, which can cause backward to fail or produce wrong gradients. Use out-of-place ops (`out = out + y`, not `out += y`) or `.clone()` the output before any in-place op.
(WorkerDict pid=2435)   output = self._register_pre_backward_hook(output)
(WorkerDict pid=2435) INFO:2026-09-14 20:18:25,769:[Rank 1] Saved optim to /work/evidence/ocr-v1-100-12/checkpoints/global_step_66/actor/optim_world_size_2_rank_1.pt
(WorkerDict pid=2435) INFO:2026-09-14 20:18:25,771:[Rank 1] Saved extra_state to /work/evidence/ocr-v1-100-12/checkpoints/global_step_66/actor/extra_state_world_size_2_rank_1.pt
(WorkerDict pid=2434) /work/verl-core/verl/plugin/platform/platform_cuda.py:99: FutureWarning: torch.cuda._set_allocator_settings is deprecated. Use torch._C._accelerator_setAllocatorSettings instead.
(WorkerDict pid=2434)   torch.cuda.memory._set_allocator_settings(settings)
(TransferQueueController pid=2198) 2026-09-14 20:20:09,172 - INFO - transfer_queue.utils.perf_utils - TQ_CONTROLLER_bdabb3eb: [Performance] Total success requests: 197, Total req/min: 8.75, Total avg process time: 0.0003s;
(TransferQueueController pid=2198) Time range: last 22.52 minutes;
(TransferQueueController pid=2198) Per-operation statistics: KV_RETRIEVE_META: req_count=31, req/min=1.38, avg_time=0.001056s, max_time=0.003011s, min_time=0.000470s; CLEAR_META: req_count=2, req/min=0.09, avg_time=0.000272s, max_time=0.000417s, min_time=0.000128s; SET_CUSTOM_META: req_count=26, req/min=1.15, avg_time=0.000056s, max_time=0.000081s, min_time=0.000020s; KV_LIST: req_count=121, req/min=5.37, avg_time=0.000091s, max_time=0.000164s, min_time=0.000042s; NOTIFY_DATA_UPDATE: req_count=17, req/min=0.75, avg_time=0.000390s, max_time=0.000502s, min_time=0.000168s
(WorkerDict pid=2435) /work/verl-core/verl/plugin/platform/platform_cuda.py:99: FutureWarning: torch.cuda._set_allocator_settings is deprecated. Use torch._C._accelerator_setAllocatorSettings instead.
(WorkerDict pid=2435)   torch.cuda.memory._set_allocator_settings(settings)
(SimpleStorageUnit pid=2270) Per-operation statistics: GET_DATA: req_count=3, req/min=0.13, avg_time=0.013621s, max_time=0.019197s, min_time=0.006767s; CLEAR_DATA: req_count=2, req/min=0.09, avg_time=0.010820s, max_time=0.014898s, min_time=0.006741s; PUT_DATA: req_count=17, req/min=0.75, avg_time=0.014095s, max_time=0.015489s, min_time=0.006381s
(DiffusionTaskRunnerV1 pid=2013)
Diffusion Training:  66%|██████▌   | 66/100 [17:03:05<13:34:55, 1438.09s/it]
(DiffusionTaskRunnerV1 pid=2013) step:66 - actor/policy_loss:10.31069309413433 - actor/positive_loss:0.20623697380069644 - actor/negative_loss:0.20621865111170337 - actor/ref_kl_loss:0.010856819152832032 - actor/old_deviate:0.0009686172008514405 - actor/reward_prob_mean:0.5000000018626451 - actor/total_loss:10.310694216936827 - actor/loss:10.310694694519043 - actor/grad_norm:0.0484619140625 - actor/lr:0.0003 - perf/mfu/actor:0.03786837578756336 - old_policy/update_applied:1.0 - old_policy/copy_update:1.0 - old_policy/ema_update:0.0 - old_policy/decay:0.0 - training/global_step:66 - training/epoch:0 - critic/rewards/mean:0.6230126023292542 - critic/rewards/max:1.0 - critic/rewards/min:0.0 - critic/rewards/zero_std_ratio:0.0 - critic/rewards/std_mean:0.3446102440357208 - critic/rewards/group_size:4.0 - timing_s/feed:0.05422162590548396 - timing_s/gen:241.88109983003233 - timing_s/reward:13.021641801926307 - timing_s/prepare_actor_batch:0.028919692966155708 - timing_s/update_actor:826.8051622499479 - timing_s/save_checkpoint:261.47558627591934 - timing_s/update_weights:7.436799688031897 - timing_s/step:1350.8601756540593 - timing_per_image_ms/gen:15117.56873937702 - timing_per_image_ms/update_actor:51675.32264062174 - perf/total_num_images:16 - perf/time_per_step:1350.8601756540593 - perf/throughput:0.005922152524872947 - training/off_policy/trajectory_spans/mean:np.float64(1.0) - training/off_policy/trajectory_spans/max:np.int64(1) - training/off_policy/trajectory_spans/min:np.int64(1) - training/off_policy/trajectory_staleness/mean:np.float64(-1.0) - training/off_policy/trajectory_staleness/max:np.int64(-1) - training/off_policy/trajectory_staleness/min:np.int64(-1) - training/off_policy/trajectory_staleness_worst/mean:np.float64(-1.0) - training/off_policy/trajectory_staleness_worst/max:np.int64(-1) - training/off_policy/trajectory_staleness_worst/min:np.int64(-1)
(DiffusionTaskRunnerV1 pid=2013) Dumped diffusion generations to /work/evidence/ocr-v1-100-12/rollouts/66.jsonl
(TransferQueueController pid=2198) Per-operation statistics: KV_RETRIEVE_META: req_count=30, req/min=5.68, avg_time=0.001003s, max_time=0.002775s, min_time=0.000403s; CLEAR_META: req_count=2, req/min=0.38, avg_time=0.000384s, max_time=0.000424s, min_time=0.000344s; SET_CUSTOM_META: req_count=25, req/min=4.74, avg_time=0.000055s, max_time=0.000083s, min_time=0.000030s; KV_LIST: req_count=121, req/min=22.92, avg_time=0.000092s, max_time=0.000177s, min_time=0.000036s; NOTIFY_DATA_UPDATE: req_count=16, req/min=3.03, avg_time=0.000449s, max_time=0.000718s, min_time=0.000212s
(TransferQueueController pid=2198) 2026-09-14 20:25:25,866 - INFO - transfer_queue.utils.perf_utils - TQ_CONTROLLER_bdabb3eb: [Performance] Total success requests: 194, Total req/min: 36.75, Total avg process time: 0.0003s;  [repeated 2x across cluster]
(TransferQueueController pid=2198) Time range: last 5.28 minutes;  [repeated 2x across cluster]
(SimpleStorageUnit pid=2270) Per-operation statistics: GET_DATA: req_count=2, req/min=0.38, avg_time=0.015728s, max_time=0.016892s, min_time=0.014564s; CLEAR_DATA: req_count=2, req/min=0.38, avg_time=0.016145s, max_time=0.017478s, min_time=0.014812s; PUT_DATA: req_count=17, req/min=3.22, avg_time=0.014634s, max_time=0.021200s, min_time=0.006376s
(WorkerDict pid=2434) /usr/local/lib/python3.12/dist-packages/torch/distributed/fsdp/_fully_shard/_fsdp_state.py:331: UserWarning: FSDP2-wrapped module (FSDPQwenImageTransformer2DModel) returned a view tensor. An in-place op on this view (e.g., `x += y`) will silently drop the pre-backward hook and skip the all-gather, which can cause backward to fail or produce wrong gradients. Use out-of-place ops (`out = out + y`, not `out += y`) or `.clone()` the output before any in-place op.
(WorkerDict pid=2434)   output = self._register_pre_backward_hook(output)
(SimpleStorageUnit pid=2270) 2026-09-14 20:25:25,901 - INFO - transfer_queue.utils.perf_utils - TQ_STORAGE_UNIT_14be62ca: [Performance] Total success requests: 21, Total req/min: 3.98, Total avg process time: 0.0149s;
(SimpleStorageUnit pid=2270) Time range: last 5.28 minutes;
(WorkerDict pid=2435) INFO:2026-09-14 20:41:40,888:[Rank 1] Saved model to /work/evidence/ocr-v1-100-12/checkpoints/global_step_67/actor/model_world_size_2_rank_1.pt
(WorkerDict pid=2435) /usr/local/lib/python3.12/dist-packages/torch/distributed/fsdp/_fully_shard/_fsdp_state.py:331: UserWarning: FSDP2-wrapped module (FSDPQwenImageTransformer2DModel) returned a view tensor. An in-place op on this view (e.g., `x += y`) will silently drop the pre-backward hook and skip the all-gather, which can cause backward to fail or produce wrong gradients. Use out-of-place ops (`out = out + y`, not `out += y`) or `.clone()` the output before any in-place op.
(WorkerDict pid=2435)   output = self._register_pre_backward_hook(output)
(WorkerDict pid=2435) INFO:2026-09-14 20:41:51,055:[Rank 1] Saved optim to /work/evidence/ocr-v1-100-12/checkpoints/global_step_67/actor/optim_world_size_2_rank_1.pt
(WorkerDict pid=2435) INFO:2026-09-14 20:41:51,061:[Rank 1] Saved extra_state to /work/evidence/ocr-v1-100-12/checkpoints/global_step_67/actor/extra_state_world_size_2_rank_1.pt
(WorkerDict pid=2434) /work/verl-core/verl/plugin/platform/platform_cuda.py:99: FutureWarning: torch.cuda._set_allocator_settings is deprecated. Use torch._C._accelerator_setAllocatorSettings instead.
(WorkerDict pid=2434)   torch.cuda.memory._set_allocator_settings(settings)
(TransferQueueController pid=2198) 2026-09-14 20:43:45,293 - INFO - transfer_queue.utils.perf_utils - TQ_CONTROLLER_bdabb3eb: [Performance] Total success requests: 3, Total req/min: 0.16, Total avg process time: 0.0012s;
(TransferQueueController pid=2198) Time range: last 18.32 minutes;
(TransferQueueController pid=2198) Per-operation statistics: NOTIFY_DATA_UPDATE: req_count=1, req/min=0.05, avg_time=0.000445s, max_time=0.000445s, min_time=0.000445s; SET_CUSTOM_META: req_count=1, req/min=0.05, avg_time=0.000066s, max_time=0.000066s, min_time=0.000066s; KV_RETRIEVE_META: req_count=1, req/min=0.05, avg_time=0.003136s, max_time=0.003136s, min_time=0.003136s
(WorkerDict pid=2435) /work/verl-core/verl/plugin/platform/platform_cuda.py:99: FutureWarning: torch.cuda._set_allocator_settings is deprecated. Use torch._C._accelerator_setAllocatorSettings instead.
(WorkerDict pid=2435)   torch.cuda.memory._set_allocator_settings(settings)
(SimpleStorageUnit pid=2270) Per-operation statistics: GET_DATA: req_count=1, req/min=0.05, avg_time=0.015175s, max_time=0.015175s, min_time=0.015175s
(DiffusionTaskRunnerV1 pid=2013)
Diffusion Training:  67%|██████▋   | 67/100 [17:26:41<13:07:20, 1431.53s/it]
(DiffusionTaskRunnerV1 pid=2013) step:67 - actor/policy_loss:8.82551121339202 - actor/positive_loss:0.1764483811450191 - actor/negative_loss:0.17656044283648953 - actor/ref_kl_loss:0.014596939086914062 - actor/old_deviate:0.00013363659381866456 - actor/reward_prob_mean:0.49999999813735485 - actor/total_loss:8.825512701272963 - actor/loss:8.825512886047363 - actor/grad_norm:0.05029296875 - actor/lr:0.0003 - perf/mfu/actor:0.03801415606661339 - old_policy/update_applied:0.0 - old_policy/copy_update:0.0 - old_policy/ema_update:0.0 - old_policy/decay:0.0 - training/global_step:67 - training/epoch:0 - critic/rewards/mean:0.6191785931587219 - critic/rewards/max:1.0 - critic/rewards/min:0.0 - critic/rewards/zero_std_ratio:0.0 - critic/rewards/std_mean:0.37677884101867676 - critic/rewards/group_size:4.0 - timing_s/feed:0.05802749400027096 - timing_s/gen:242.00655395095237 - timing_s/reward:74.14250061498024 - timing_s/prepare_actor_batch:0.055342369014397264 - timing_s/update_actor:824.3385314410552 - timing_s/save_checkpoint:265.9240729389712 - timing_s/update_weights:9.096312334062532 - timing_s/step:1415.788140950026 - timing_per_image_ms/gen:15125.409621934523 - timing_per_image_ms/update_actor:51521.15821506595 - perf/total_num_images:16 - perf/time_per_step:1415.788140950026 - perf/throughput:0.005650562939898492 - training/off_policy/trajectory_spans/mean:np.float64(1.0) - training/off_policy/trajectory_spans/max:np.int64(1) - training/off_policy/trajectory_spans/min:np.int64(1) - training/off_policy/trajectory_staleness/mean:np.float64(-1.0) - training/off_policy/trajectory_staleness/max:np.int64(-1) - training/off_policy/trajectory_staleness/min:np.int64(-1) - training/off_policy/trajectory_staleness_worst/mean:np.float64(-1.0) - training/off_policy/trajectory_staleness_worst/max:np.int64(-1) - training/off_policy/trajectory_staleness_worst/min:np.int64(-1)
(DiffusionTaskRunnerV1 pid=2013) Dumped diffusion generations to /work/evidence/ocr-v1-100-12/rollouts/67.jsonl
(WorkerDict pid=2434) /usr/local/lib/python3.12/dist-packages/torch/distributed/fsdp/_fully_shard/_fsdp_state.py:331: UserWarning: FSDP2-wrapped module (FSDPQwenImageTransformer2DModel) returned a view tensor. An in-place op on this view (e.g., `x += y`) will silently drop the pre-backward hook and skip the all-gather, which can cause backward to fail or produce wrong gradients. Use out-of-place ops (`out = out + y`, not `out += y`) or `.clone()` the output before any in-place op.
(WorkerDict pid=2434)   output = self._register_pre_backward_hook(output)
(SimpleStorageUnit pid=2270) 2026-09-14 20:43:45,328 - INFO - transfer_queue.utils.perf_utils - TQ_STORAGE_UNIT_14be62ca: [Performance] Total success requests: 1, Total req/min: 0.05, Total avg process time: 0.0152s;
(SimpleStorageUnit pid=2270) Time range: last 18.32 minutes;
(WorkerDict pid=2435) INFO:2026-09-14 21:04:18,787:[Rank 1] Saved model to /work/evidence/ocr-v1-100-12/checkpoints/global_step_68/actor/model_world_size_2_rank_1.pt
(WorkerDict pid=2435) /usr/local/lib/python3.12/dist-packages/torch/distributed/fsdp/_fully_shard/_fsdp_state.py:331: UserWarning: FSDP2-wrapped module (FSDPQwenImageTransformer2DModel) returned a view tensor. An in-place op on this view (e.g., `x += y`) will silently drop the pre-backward hook and skip the all-gather, which can cause backward to fail or produce wrong gradients. Use out-of-place ops (`out = out + y`, not `out += y`) or `.clone()` the output before any in-place op.
(WorkerDict pid=2435)   output = self._register_pre_backward_hook(output)
(WorkerDict pid=2435) INFO:2026-09-14 21:04:28,394:[Rank 1] Saved optim to /work/evidence/ocr-v1-100-12/checkpoints/global_step_68/actor/optim_world_size_2_rank_1.pt
(WorkerDict pid=2435) INFO:2026-09-14 21:04:28,400:[Rank 1] Saved extra_state to /work/evidence/ocr-v1-100-12/checkpoints/global_step_68/actor/extra_state_world_size_2_rank_1.pt
(WorkerDict pid=2434) /work/verl-core/verl/plugin/platform/platform_cuda.py:99: FutureWarning: torch.cuda._set_allocator_settings is deprecated. Use torch._C._accelerator_setAllocatorSettings instead.
(WorkerDict pid=2434)   torch.cuda.memory._set_allocator_settings(settings)
(TransferQueueController pid=2198) 2026-09-14 21:06:19,458 - INFO - transfer_queue.utils.perf_utils - TQ_CONTROLLER_bdabb3eb: [Performance] Total success requests: 197, Total req/min: 8.73, Total avg process time: 0.0003s;
(TransferQueueController pid=2198) Time range: last 22.57 minutes;
(TransferQueueController pid=2198) Per-operation statistics: KV_RETRIEVE_META: req_count=31, req/min=1.37, avg_time=0.001038s, max_time=0.002702s, min_time=0.000404s; CLEAR_META: req_count=2, req/min=0.09, avg_time=0.000298s, max_time=0.000472s, min_time=0.000123s; SET_CUSTOM_META: req_count=26, req/min=1.15, avg_time=0.000054s, max_time=0.000075s, min_time=0.000020s; KV_LIST: req_count=121, req/min=5.36, avg_time=0.000094s, max_time=0.000154s, min_time=0.000039s; NOTIFY_DATA_UPDATE: req_count=17, req/min=0.75, avg_time=0.000420s, max_time=0.000543s, min_time=0.000201s
(WorkerDict pid=2435) /work/verl-core/verl/plugin/platform/platform_cuda.py:99: FutureWarning: torch.cuda._set_allocator_settings is deprecated. Use torch._C._accelerator_setAllocatorSettings instead.
(WorkerDict pid=2435)   torch.cuda.memory._set_allocator_settings(settings)
(SimpleStorageUnit pid=2270) Per-operation statistics: GET_DATA: req_count=3, req/min=0.13, avg_time=0.015331s, max_time=0.015426s, min_time=0.015192s; CLEAR_DATA: req_count=2, req/min=0.09, avg_time=0.015550s, max_time=0.016261s, min_time=0.014839s; PUT_DATA: req_count=17, req/min=0.75, avg_time=0.016608s, max_time=0.020986s, min_time=0.014855s
(DiffusionTaskRunnerV1 pid=2013)
Diffusion Training:  68%|██████▊   | 68/100 [17:49:16<12:31:05, 1408.29s/it]
(DiffusionTaskRunnerV1 pid=2013) step:68 - actor/policy_loss:9.272297451645136 - actor/positive_loss:0.18531314850552008 - actor/negative_loss:0.185575417871587 - actor/ref_kl_loss:0.013341712951660156 - actor/old_deviate:0.0004606485366821289 - actor/reward_prob_mean:0.49999999813735485 - actor/total_loss:9.272298838943243 - actor/loss:9.272298812866211 - actor/grad_norm:0.03094482421875 - actor/lr:0.0003 - perf/mfu/actor:0.037798719567142966 - old_policy/update_applied:1.0 - old_policy/copy_update:1.0 - old_policy/ema_update:0.0 - old_policy/decay:0.0 - training/global_step:68 - training/epoch:0 - critic/rewards/mean:0.6847098469734192 - critic/rewards/max:1.0 - critic/rewards/min:0.0 - critic/rewards/zero_std_ratio:0.0 - critic/rewards/std_mean:0.2558377683162689 - critic/rewards/group_size:4.0 - timing_s/feed:0.06722925300709903 - timing_s/gen:241.96478231204674 - timing_s/reward:13.328983341925777 - timing_s/prepare_actor_batch:0.04968957300297916 - timing_s/update_actor:826.9603833820438 - timing_s/save_checkpoint:262.20031125098467 - timing_s/update_weights:9.022605940001085 - timing_s/step:1353.749701695051 - timing_per_image_ms/gen:15122.798894502921 - timing_per_image_ms/update_actor:51685.02396137774 - perf/total_num_images:16 - perf/time_per_step:1353.749701695051 - perf/throughput:0.005909511920839632 - training/off_policy/trajectory_spans/mean:np.float64(1.0) - training/off_policy/trajectory_spans/max:np.int64(1) - training/off_policy/trajectory_spans/min:np.int64(1) - training/off_policy/trajectory_staleness/mean:np.float64(-1.0) - training/off_policy/trajectory_staleness/max:np.int64(-1) - training/off_policy/trajectory_staleness/min:np.int64(-1) - training/off_policy/trajectory_staleness_worst/mean:np.float64(-1.0) - training/off_policy/trajectory_staleness_worst/max:np.int64(-1) - training/off_policy/trajectory_staleness_worst/min:np.int64(-1)
(DiffusionTaskRunnerV1 pid=2013) Dumped diffusion generations to /work/evidence/ocr-v1-100-12/rollouts/68.jsonl
(TransferQueueController pid=2198) Per-operation statistics: KV_RETRIEVE_META: req_count=30, req/min=5.71, avg_time=0.000952s, max_time=0.002591s, min_time=0.000254s; CLEAR_META: req_count=2, req/min=0.38, avg_time=0.000343s, max_time=0.000412s, min_time=0.000275s; SET_CUSTOM_META: req_count=25, req/min=4.76, avg_time=0.000044s, max_time=0.000086s, min_time=0.000014s; KV_LIST: req_count=121, req/min=23.02, avg_time=0.000075s, max_time=0.000131s, min_time=0.000038s; NOTIFY_DATA_UPDATE: req_count=16, req/min=3.04, avg_time=0.000355s, max_time=0.000476s, min_time=0.000188s
(TransferQueueController pid=2198) 2026-09-14 21:11:34,815 - INFO - transfer_queue.utils.perf_utils - TQ_CONTROLLER_bdabb3eb: [Performance] Total success requests: 194, Total req/min: 36.91, Total avg process time: 0.0002s;  [repeated 2x across cluster]
(TransferQueueController pid=2198) Time range: last 5.26 minutes;  [repeated 2x across cluster]
(SimpleStorageUnit pid=2270) Per-operation statistics: GET_DATA: req_count=2, req/min=0.38, avg_time=0.015214s, max_time=0.015239s, min_time=0.015188s; CLEAR_DATA: req_count=2, req/min=0.38, avg_time=0.015463s, max_time=0.015906s, min_time=0.015020s; PUT_DATA: req_count=17, req/min=3.23, avg_time=0.014560s, max_time=0.018775s, min_time=0.006816s
(WorkerDict pid=2434) /usr/local/lib/python3.12/dist-packages/torch/distributed/fsdp/_fully_shard/_fsdp_state.py:331: UserWarning: FSDP2-wrapped module (FSDPQwenImageTransformer2DModel) returned a view tensor. An in-place op on this view (e.g., `x += y`) will silently drop the pre-backward hook and skip the all-gather, which can cause backward to fail or produce wrong gradients. Use out-of-place ops (`out = out + y`, not `out += y`) or `.clone()` the output before any in-place op.
(WorkerDict pid=2434)   output = self._register_pre_backward_hook(output)
(SimpleStorageUnit pid=2270) 2026-09-14 21:11:34,850 - INFO - transfer_queue.utils.perf_utils - TQ_STORAGE_UNIT_14be62ca: [Performance] Total success requests: 21, Total req/min: 4.00, Total avg process time: 0.0147s;
(SimpleStorageUnit pid=2270) Time range: last 5.26 minutes;
(WorkerDict pid=2435) INFO:2026-09-14 21:27:47,945:[Rank 1] Saved model to /work/evidence/ocr-v1-100-12/checkpoints/global_step_69/actor/model_world_size_2_rank_1.pt
(WorkerDict pid=2435) /usr/local/lib/python3.12/dist-packages/torch/distributed/fsdp/_fully_shard/_fsdp_state.py:331: UserWarning: FSDP2-wrapped module (FSDPQwenImageTransformer2DModel) returned a view tensor. An in-place op on this view (e.g., `x += y`) will silently drop the pre-backward hook and skip the all-gather, which can cause backward to fail or produce wrong gradients. Use out-of-place ops (`out = out + y`, not `out += y`) or `.clone()` the output before any in-place op.
(WorkerDict pid=2435)   output = self._register_pre_backward_hook(output)
(WorkerDict pid=2435) INFO:2026-09-14 21:27:56,391:[Rank 1] Saved optim to /work/evidence/ocr-v1-100-12/checkpoints/global_step_69/actor/optim_world_size_2_rank_1.pt
(WorkerDict pid=2435) INFO:2026-09-14 21:27:57,112:[Rank 1] Saved extra_state to /work/evidence/ocr-v1-100-12/checkpoints/global_step_69/actor/extra_state_world_size_2_rank_1.pt
(WorkerDict pid=2435) /work/verl-core/verl/plugin/platform/platform_cuda.py:99: FutureWarning: torch.cuda._set_allocator_settings is deprecated. Use torch._C._accelerator_setAllocatorSettings instead.
(WorkerDict pid=2435)   torch.cuda.memory._set_allocator_settings(settings)
(TransferQueueController pid=2198) 2026-09-14 21:29:49,621 - INFO - transfer_queue.utils.perf_utils - TQ_CONTROLLER_bdabb3eb: [Performance] Total success requests: 3, Total req/min: 0.16, Total avg process time: 0.0010s;
(TransferQueueController pid=2198) Time range: last 18.25 minutes;
(TransferQueueController pid=2198) Per-operation statistics: NOTIFY_DATA_UPDATE: req_count=1, req/min=0.05, avg_time=0.000407s, max_time=0.000407s, min_time=0.000407s; SET_CUSTOM_META: req_count=1, req/min=0.05, avg_time=0.000058s, max_time=0.000058s, min_time=0.000058s; KV_RETRIEVE_META: req_count=1, req/min=0.05, avg_time=0.002670s, max_time=0.002670s, min_time=0.002670s
(WorkerDict pid=2434) /work/verl-core/verl/plugin/platform/platform_cuda.py:99: FutureWarning: torch.cuda._set_allocator_settings is deprecated. Use torch._C._accelerator_setAllocatorSettings instead.
(WorkerDict pid=2434)   torch.cuda.memory._set_allocator_settings(settings)
(SimpleStorageUnit pid=2270) Per-operation statistics: GET_DATA: req_count=1, req/min=0.05, avg_time=0.015074s, max_time=0.015074s, min_time=0.015074s
(DiffusionTaskRunnerV1 pid=2013)
Diffusion Training:  69%|██████▉   | 69/100 [18:12:46<12:07:54, 1408.87s/it]
(DiffusionTaskRunnerV1 pid=2013) step:69 - actor/policy_loss:8.917668379843235 - actor/positive_loss:0.17830977197736503 - actor/negative_loss:0.17838065872201697 - actor/ref_kl_loss:0.011531829833984375 - actor/old_deviate:0.00014672279357910156 - actor/reward_prob_mean:0.4999999962747097 - actor/total_loss:8.917669628560542 - actor/loss:8.917669773101807 - actor/grad_norm:0.046142578125 - actor/lr:0.0003 - perf/mfu/actor:0.037878952597916106 - old_policy/update_applied:0.0 - old_policy/copy_update:0.0 - old_policy/ema_update:0.0 - old_policy/decay:0.0 - training/global_step:69 - training/epoch:0 - critic/rewards/mean:0.6762019395828247 - critic/rewards/max:1.0 - critic/rewards/min:0.0 - critic/rewards/zero_std_ratio:0.0 - critic/rewards/std_mean:0.34966951608657837 - critic/rewards/group_size:4.0 - timing_s/feed:0.07075772399548441 - timing_s/gen:241.88435350300279 - timing_s/reward:72.92147338401992 - timing_s/prepare_actor_batch:0.054197793011553586 - timing_s/update_actor:823.5984557779739 - timing_s/save_checkpoint:262.3086044889642 - timing_s/update_weights:8.837077723932452 - timing_s/step:1409.8264501939993 - timing_per_image_ms/gen:15117.772093937674 - timing_per_image_ms/update_actor:51474.90348612337 - perf/total_num_images:16 - perf/time_per_step:1409.8264501939993 - perf/throughput:0.00567445730564862 - training/off_policy/trajectory_spans/mean:np.float64(1.0) - training/off_policy/trajectory_spans/max:np.int64(1) - training/off_policy/trajectory_spans/min:np.int64(1) - training/off_policy/trajectory_staleness/mean:np.float64(-1.0) - training/off_policy/trajectory_staleness/max:np.int64(-1) - training/off_policy/trajectory_staleness/min:np.int64(-1) - training/off_policy/trajectory_staleness_worst/mean:np.float64(-1.0) - training/off_policy/trajectory_staleness_worst/max:np.int64(-1) - training/off_policy/trajectory_staleness_worst/min:np.int64(-1)
(DiffusionTaskRunnerV1 pid=2013) Dumped diffusion generations to /work/evidence/ocr-v1-100-12/rollouts/69.jsonl
(WorkerDict pid=2435) /usr/local/lib/python3.12/dist-packages/torch/distributed/fsdp/_fully_shard/_fsdp_state.py:331: UserWarning: FSDP2-wrapped module (FSDPQwenImageTransformer2DModel) returned a view tensor. An in-place op on this view (e.g., `x += y`) will silently drop the pre-backward hook and skip the all-gather, which can cause backward to fail or produce wrong gradients. Use out-of-place ops (`out = out + y`, not `out += y`) or `.clone()` the output before any in-place op.
(WorkerDict pid=2435)   output = self._register_pre_backward_hook(output)
(SimpleStorageUnit pid=2270) 2026-09-14 21:29:49,656 - INFO - transfer_queue.utils.perf_utils - TQ_STORAGE_UNIT_14be62ca: [Performance] Total success requests: 1, Total req/min: 0.05, Total avg process time: 0.0151s;
(SimpleStorageUnit pid=2270) Time range: last 18.25 minutes;
(WorkerDict pid=2435) INFO:2026-09-14 21:50:22,061:[Rank 1] Saved model to /work/evidence/ocr-v1-100-12/checkpoints/global_step_70/actor/model_world_size_2_rank_1.pt
(WorkerDict pid=2434) /usr/local/lib/python3.12/dist-packages/torch/distributed/fsdp/_fully_shard/_fsdp_state.py:331: UserWarning: FSDP2-wrapped module (FSDPQwenImageTransformer2DModel) returned a view tensor. An in-place op on this view (e.g., `x += y`) will silently drop the pre-backward hook and skip the all-gather, which can cause backward to fail or produce wrong gradients. Use out-of-place ops (`out = out + y`, not `out += y`) or `.clone()` the output before any in-place op.
(WorkerDict pid=2434)   output = self._register_pre_backward_hook(output)
(WorkerDict pid=2435) INFO:2026-09-14 21:50:30,778:[Rank 1] Saved optim to /work/evidence/ocr-v1-100-12/checkpoints/global_step_70/actor/optim_world_size_2_rank_1.pt
(WorkerDict pid=2435) INFO:2026-09-14 21:50:30,783:[Rank 1] Saved extra_state to /work/evidence/ocr-v1-100-12/checkpoints/global_step_70/actor/extra_state_world_size_2_rank_1.pt
(WorkerDict pid=2434) /work/verl-core/verl/plugin/platform/platform_cuda.py:99: FutureWarning: torch.cuda._set_allocator_settings is deprecated. Use torch._C._accelerator_setAllocatorSettings instead.
(WorkerDict pid=2434)   torch.cuda.memory._set_allocator_settings(settings)
(TransferQueueController pid=2198) 2026-09-14 21:52:20,953 - INFO - transfer_queue.utils.perf_utils - TQ_CONTROLLER_bdabb3eb: [Performance] Total success requests: 197, Total req/min: 8.75, Total avg process time: 0.0002s;
(TransferQueueController pid=2198) Time range: last 22.52 minutes;
(TransferQueueController pid=2198) Per-operation statistics: KV_RETRIEVE_META: req_count=31, req/min=1.38, avg_time=0.000911s, max_time=0.002567s, min_time=0.000245s; CLEAR_META: req_count=2, req/min=0.09, avg_time=0.000265s, max_time=0.000408s, min_time=0.000122s; SET_CUSTOM_META: req_count=26, req/min=1.15, avg_time=0.000051s, max_time=0.000094s, min_time=0.000017s; KV_LIST: req_count=121, req/min=5.37, avg_time=0.000088s, max_time=0.000154s, min_time=0.000026s; NOTIFY_DATA_UPDATE: req_count=17, req/min=0.75, avg_time=0.000369s, max_time=0.000501s, min_time=0.000184s
(WorkerDict pid=2435) /work/verl-core/verl/plugin/platform/platform_cuda.py:99: FutureWarning: torch.cuda._set_allocator_settings is deprecated. Use torch._C._accelerator_setAllocatorSettings instead.
(WorkerDict pid=2435)   torch.cuda.memory._set_allocator_settings(settings)
(SimpleStorageUnit pid=2270) Per-operation statistics: GET_DATA: req_count=3, req/min=0.13, avg_time=0.015017s, max_time=0.015311s, min_time=0.014860s; CLEAR_DATA: req_count=2, req/min=0.09, avg_time=0.015151s, max_time=0.015536s, min_time=0.014765s; PUT_DATA: req_count=17, req/min=0.75, avg_time=0.014955s, max_time=0.020449s, min_time=0.005126s
(DiffusionTaskRunnerV1 pid=2013)
Diffusion Training:  70%|███████   | 70/100 [18:35:17<11:35:48, 1391.61s/it]
(DiffusionTaskRunnerV1 pid=2013) step:70 - actor/policy_loss:9.439401253312827 - actor/positive_loss:0.18885209249565377 - actor/negative_loss:0.18872326608980072 - actor/ref_kl_loss:0.013231468200683594 - actor/old_deviate:0.0004322290420532227 - actor/reward_prob_mean:0.4999999962747097 - actor/total_loss:9.43940260708332 - actor/loss:9.43940258026123 - actor/grad_norm:0.0521240234375 - actor/lr:0.0003 - perf/mfu/actor:0.03787596931704928 - old_policy/update_applied:1.0 - old_policy/copy_update:1.0 - old_policy/ema_update:0.0 - old_policy/decay:0.0 - training/global_step:70 - training/epoch:0 - critic/rewards/mean:0.8034420609474182 - critic/rewards/max:1.0 - critic/rewards/min:0.13333334028720856 - critic/rewards/zero_std_ratio:0.25 - critic/rewards/std_mean:0.19402003288269043 - critic/rewards/group_size:4.0 - timing_s/feed:0.03391328698489815 - timing_s/gen:241.94618577393703 - timing_s/reward:13.348171518999152 - timing_s/prepare_actor_batch:0.05021952104289085 - timing_s/update_actor:825.7862385000335 - timing_s/save_checkpoint:261.00150028790813 - timing_s/update_weights:8.62396310607437 - timing_s/step:1350.9445965510095 - timing_per_image_ms/gen:15121.636610871064 - timing_per_image_ms/update_actor:51611.639906252094 - perf/total_num_images:16 - perf/time_per_step:1350.9445965510095 - perf/throughput:0.005921782447943588 - training/off_policy/trajectory_spans/mean:np.float64(1.0) - training/off_policy/trajectory_spans/max:np.int64(1) - training/off_policy/trajectory_spans/min:np.int64(1) - training/off_policy/trajectory_staleness/mean:np.float64(-1.0) - training/off_policy/trajectory_staleness/max:np.int64(-1) - training/off_policy/trajectory_staleness/min:np.int64(-1) - training/off_policy/trajectory_staleness_worst/mean:np.float64(-1.0) - training/off_policy/trajectory_staleness_worst/max:np.int64(-1) - training/off_policy/trajectory_staleness_worst/min:np.int64(-1)
(DiffusionTaskRunnerV1 pid=2013) Dumped diffusion generations to /work/evidence/ocr-v1-100-12/rollouts/70.jsonl
(WorkerDict pid=2434) /usr/local/lib/python3.12/dist-packages/torch/distributed/fsdp/_fully_shard/_fsdp_state.py:331: UserWarning: FSDP2-wrapped module (FSDPQwenImageTransformer2DModel) returned a view tensor. An in-place op on this view (e.g., `x += y`) will silently drop the pre-backward hook and skip the all-gather, which can cause backward to fail or produce wrong gradients. Use out-of-place ops (`out = out + y`, not `out += y`) or `.clone()` the output before any in-place op.
(WorkerDict pid=2434)   output = self._register_pre_backward_hook(output)
(SimpleStorageUnit pid=2270) 2026-09-14 21:52:20,988 - INFO - transfer_queue.utils.perf_utils - TQ_STORAGE_UNIT_14be62ca: [Performance] Total success requests: 22, Total req/min: 0.98, Total avg process time: 0.0150s;
(SimpleStorageUnit pid=2270) Time range: last 22.52 minutes;
(WorkerDict pid=2435) INFO:2026-09-14 22:12:51,536:[Rank 1] Saved model to /work/evidence/ocr-v1-100-12/checkpoints/global_step_71/actor/model_world_size_2_rank_1.pt
(WorkerDict pid=2435) /usr/local/lib/python3.12/dist-packages/torch/distributed/fsdp/_fully_shard/_fsdp_state.py:331: UserWarning: FSDP2-wrapped module (FSDPQwenImageTransformer2DModel) returned a view tensor. An in-place op on this view (e.g., `x += y`) will silently drop the pre-backward hook and skip the all-gather, which can cause backward to fail or produce wrong gradients. Use out-of-place ops (`out = out + y`, not `out += y`) or `.clone()` the output before any in-place op.
(WorkerDict pid=2435)   output = self._register_pre_backward_hook(output)
(WorkerDict pid=2435) INFO:2026-09-14 22:13:00,274:[Rank 1] Saved optim to /work/evidence/ocr-v1-100-12/checkpoints/global_step_71/actor/optim_world_size_2_rank_1.pt
(WorkerDict pid=2435) INFO:2026-09-14 22:13:00,280:[Rank 1] Saved extra_state to /work/evidence/ocr-v1-100-12/checkpoints/global_step_71/actor/extra_state_world_size_2_rank_1.pt
(WorkerDict pid=2434) /work/verl-core/verl/plugin/platform/platform_cuda.py:99: FutureWarning: torch.cuda._set_allocator_settings is deprecated. Use torch._C._accelerator_setAllocatorSettings instead.
(WorkerDict pid=2434)   torch.cuda.memory._set_allocator_settings(settings)
(TransferQueueController pid=2198) 2026-09-14 22:14:46,448 - INFO - transfer_queue.utils.perf_utils - TQ_CONTROLLER_bdabb3eb: [Performance] Total success requests: 197, Total req/min: 8.78, Total avg process time: 0.0002s;
(TransferQueueController pid=2198) Time range: last 22.42 minutes;
(TransferQueueController pid=2198) Per-operation statistics: KV_RETRIEVE_META: req_count=31, req/min=1.38, avg_time=0.000896s, max_time=0.002445s, min_time=0.000204s; CLEAR_META: req_count=2, req/min=0.09, avg_time=0.000239s, max_time=0.000276s, min_time=0.000201s; SET_CUSTOM_META: req_count=26, req/min=1.16, avg_time=0.000051s, max_time=0.000083s, min_time=0.000014s; KV_LIST: req_count=121, req/min=5.40, avg_time=0.000089s, max_time=0.000155s, min_time=0.000036s; NOTIFY_DATA_UPDATE: req_count=17, req/min=0.76, avg_time=0.000423s, max_time=0.000498s, min_time=0.000398s
(WorkerDict pid=2435) /work/verl-core/verl/plugin/platform/platform_cuda.py:99: FutureWarning: torch.cuda._set_allocator_settings is deprecated. Use torch._C._accelerator_setAllocatorSettings instead.
(WorkerDict pid=2435)   torch.cuda.memory._set_allocator_settings(settings)
(SimpleStorageUnit pid=2270) Per-operation statistics: GET_DATA: req_count=3, req/min=0.13, avg_time=0.015032s, max_time=0.015060s, min_time=0.014977s; CLEAR_DATA: req_count=2, req/min=0.09, avg_time=0.015753s, max_time=0.016422s, min_time=0.015083s; PUT_DATA: req_count=17, req/min=0.76, avg_time=0.015516s, max_time=0.018887s, min_time=0.015016s
(DiffusionTaskRunnerV1 pid=2013)
Diffusion Training:  71%|███████   | 71/100 [18:57:43<11:05:55, 1377.77s/it]
(DiffusionTaskRunnerV1 pid=2013) step:71 - actor/policy_loss:10.046475796401502 - actor/positive_loss:0.20094731798162685 - actor/negative_loss:0.20090778913581744 - actor/ref_kl_loss:0.014172172546386717 - actor/old_deviate:0.00010623335838317871 - actor/reward_prob_mean:0.4999999962747097 - actor/total_loss:10.046477282792331 - actor/loss:10.046477794647217 - actor/grad_norm:0.04833984375 - actor/lr:0.0003 - perf/mfu/actor:0.037850248630619227 - old_policy/update_applied:0.0 - old_policy/copy_update:0.0 - old_policy/ema_update:0.0 - old_policy/decay:0.0 - training/global_step:71 - training/epoch:0 - critic/rewards/mean:0.4739583134651184 - critic/rewards/max:1.0 - critic/rewards/min:0.0 - critic/rewards/zero_std_ratio:0.0 - critic/rewards/std_mean:0.30648642778396606 - critic/rewards/group_size:4.0 - timing_s/feed:0.05823518906254321 - timing_s/gen:241.8753918480361 - timing_s/reward:13.602513125049882 - timing_s/prepare_actor_batch:0.05455593194346875 - timing_s/update_actor:825.2244211119832 - timing_s/save_checkpoint:256.72699915303383 - timing_s/update_weights:7.412420195993036 - timing_s/step:1345.1137340940768 - timing_per_image_ms/gen:15117.211990502256 - timing_per_image_ms/update_actor:51576.52631949895 - perf/total_num_images:16 - perf/time_per_step:1345.1137340940768 - perf/throughput:0.00594745246980021 - training/off_policy/trajectory_spans/mean:np.float64(1.0) - training/off_policy/trajectory_spans/max:np.int64(1) - training/off_policy/trajectory_spans/min:np.int64(1) - training/off_policy/trajectory_staleness/mean:np.float64(-1.0) - training/off_policy/trajectory_staleness/max:np.int64(-1) - training/off_policy/trajectory_staleness/min:np.int64(-1) - training/off_policy/trajectory_staleness_worst/mean:np.float64(-1.0) - training/off_policy/trajectory_staleness_worst/max:np.int64(-1) - training/off_policy/trajectory_staleness_worst/min:np.int64(-1)
(DiffusionTaskRunnerV1 pid=2013) Dumped diffusion generations to /work/evidence/ocr-v1-100-12/rollouts/71.jsonl
(TransferQueueController pid=2198) Per-operation statistics: KV_RETRIEVE_META: req_count=30, req/min=5.68, avg_time=0.001013s, max_time=0.002482s, min_time=0.000565s; CLEAR_META: req_count=2, req/min=0.38, avg_time=0.000359s, max_time=0.000397s, min_time=0.000321s; SET_CUSTOM_META: req_count=25, req/min=4.73, avg_time=0.000055s, max_time=0.000073s, min_time=0.000039s; KV_LIST: req_count=121, req/min=22.91, avg_time=0.000089s, max_time=0.000147s, min_time=0.000039s; NOTIFY_DATA_UPDATE: req_count=16, req/min=3.03, avg_time=0.000424s, max_time=0.000516s, min_time=0.000382s
(TransferQueueController pid=2198) 2026-09-14 22:20:03,356 - INFO - transfer_queue.utils.perf_utils - TQ_CONTROLLER_bdabb3eb: [Performance] Total success requests: 194, Total req/min: 36.73, Total avg process time: 0.0003s;  [repeated 2x across cluster]
(TransferQueueController pid=2198) Time range: last 5.28 minutes;  [repeated 2x across cluster]
(SimpleStorageUnit pid=2270) Per-operation statistics: GET_DATA: req_count=2, req/min=0.38, avg_time=0.014900s, max_time=0.014927s, min_time=0.014874s; CLEAR_DATA: req_count=2, req/min=0.38, avg_time=0.015080s, max_time=0.015437s, min_time=0.014723s; PUT_DATA: req_count=17, req/min=3.22, avg_time=0.015001s, max_time=0.016367s, min_time=0.010288s
(WorkerDict pid=2434) /usr/local/lib/python3.12/dist-packages/torch/distributed/fsdp/_fully_shard/_fsdp_state.py:331: UserWarning: FSDP2-wrapped module (FSDPQwenImageTransformer2DModel) returned a view tensor. An in-place op on this view (e.g., `x += y`) will silently drop the pre-backward hook and skip the all-gather, which can cause backward to fail or produce wrong gradients. Use out-of-place ops (`out = out + y`, not `out += y`) or `.clone()` the output before any in-place op.
(WorkerDict pid=2434)   output = self._register_pre_backward_hook(output)
(SimpleStorageUnit pid=2270) 2026-09-14 22:20:03,390 - INFO - transfer_queue.utils.perf_utils - TQ_STORAGE_UNIT_14be62ca: [Performance] Total success requests: 21, Total req/min: 3.98, Total avg process time: 0.0150s;
(SimpleStorageUnit pid=2270) Time range: last 5.28 minutes;
(WorkerDict pid=2435) INFO:2026-09-14 22:36:21,916:[Rank 1] Saved model to /work/evidence/ocr-v1-100-12/checkpoints/global_step_72/actor/model_world_size_2_rank_1.pt
(WorkerDict pid=2435) /usr/local/lib/python3.12/dist-packages/torch/distributed/fsdp/_fully_shard/_fsdp_state.py:331: UserWarning: FSDP2-wrapped module (FSDPQwenImageTransformer2DModel) returned a view tensor. An in-place op on this view (e.g., `x += y`) will silently drop the pre-backward hook and skip the all-gather, which can cause backward to fail or produce wrong gradients. Use out-of-place ops (`out = out + y`, not `out += y`) or `.clone()` the output before any in-place op.
(WorkerDict pid=2435)   output = self._register_pre_backward_hook(output)
(WorkerDict pid=2435) INFO:2026-09-14 22:36:32,374:[Rank 1] Saved optim to /work/evidence/ocr-v1-100-12/checkpoints/global_step_72/actor/optim_world_size_2_rank_1.pt
(WorkerDict pid=2435) INFO:2026-09-14 22:36:32,380:[Rank 1] Saved extra_state to /work/evidence/ocr-v1-100-12/checkpoints/global_step_72/actor/extra_state_world_size_2_rank_1.pt
(WorkerDict pid=2434) /work/verl-core/verl/plugin/platform/platform_cuda.py:99: FutureWarning: torch.cuda._set_allocator_settings is deprecated. Use torch._C._accelerator_setAllocatorSettings instead.
(WorkerDict pid=2434)   torch.cuda.memory._set_allocator_settings(settings)
(TransferQueueController pid=2198) 2026-09-14 22:38:19,279 - INFO - transfer_queue.utils.perf_utils - TQ_CONTROLLER_bdabb3eb: [Performance] Total success requests: 3, Total req/min: 0.16, Total avg process time: 0.0004s;
(TransferQueueController pid=2198) Time range: last 18.27 minutes;
(TransferQueueController pid=2198) Per-operation statistics: NOTIFY_DATA_UPDATE: req_count=1, req/min=0.05, avg_time=0.000400s, max_time=0.000400s, min_time=0.000400s; SET_CUSTOM_META: req_count=1, req/min=0.05, avg_time=0.000058s, max_time=0.000058s, min_time=0.000058s; KV_RETRIEVE_META: req_count=1, req/min=0.05, avg_time=0.000855s, max_time=0.000855s, min_time=0.000855s
(WorkerDict pid=2435) /work/verl-core/verl/plugin/platform/platform_cuda.py:99: FutureWarning: torch.cuda._set_allocator_settings is deprecated. Use torch._C._accelerator_setAllocatorSettings instead.
(WorkerDict pid=2435)   torch.cuda.memory._set_allocator_settings(settings)
(SimpleStorageUnit pid=2270) Per-operation statistics: GET_DATA: req_count=1, req/min=0.05, avg_time=0.006509s, max_time=0.006509s, min_time=0.006509s
(DiffusionTaskRunnerV1 pid=2013)
Diffusion Training:  72%|███████▏  | 72/100 [19:21:15<10:47:51, 1388.27s/it]
(DiffusionTaskRunnerV1 pid=2013) step:72 - actor/policy_loss:8.412601164728404 - actor/positive_loss:0.168212127010338 - actor/negative_loss:0.16829099440947176 - actor/ref_kl_loss:0.015623188018798828 - actor/old_deviate:0.0005381405353546143 - actor/reward_prob_mean:0.5000000018626451 - actor/total_loss:8.412602759152652 - actor/loss:8.41260290145874 - actor/grad_norm:0.0380859375 - actor/lr:0.0003 - perf/mfu/actor:0.03809271993992187 - old_policy/update_applied:1.0 - old_policy/copy_update:1.0 - old_policy/ema_update:0.0 - old_policy/decay:0.0 - training/global_step:72 - training/epoch:0 - critic/rewards/mean:0.6813725233078003 - critic/rewards/max:1.0 - critic/rewards/min:0.0 - critic/rewards/zero_std_ratio:0.25 - critic/rewards/std_mean:0.23528841137886047 - critic/rewards/group_size:4.0 - timing_s/feed:0.07128751103300601 - timing_s/gen:241.95613406202756 - timing_s/reward:74.35229265003 - timing_s/prepare_actor_batch:0.0551981080789119 - timing_s/update_actor:826.1000721979653 - timing_s/save_checkpoint:262.2482477580197 - timing_s/update_weights:7.520273999078199 - timing_s/step:1412.453845800017 - timing_per_image_ms/gen:15122.258378876722 - timing_per_image_ms/update_actor:51631.254512372834 - perf/total_num_images:16 - perf/time_per_step:1412.453845800017 - perf/throughput:0.005663901885210828 - training/off_policy/trajectory_spans/mean:np.float64(1.0) - training/off_policy/trajectory_spans/max:np.int64(1) - training/off_policy/trajectory_spans/min:np.int64(1) - training/off_policy/trajectory_staleness/mean:np.float64(-1.0) - training/off_policy/trajectory_staleness/max:np.int64(-1) - training/off_policy/trajectory_staleness/min:np.int64(-1) - training/off_policy/trajectory_staleness_worst/mean:np.float64(-1.0) - training/off_policy/trajectory_staleness_worst/max:np.int64(-1) - training/off_policy/trajectory_staleness_worst/min:np.int64(-1)
(DiffusionTaskRunnerV1 pid=2013) Dumped diffusion generations to /work/evidence/ocr-v1-100-12/rollouts/72.jsonl
(WorkerDict pid=2434) /usr/local/lib/python3.12/dist-packages/torch/distributed/fsdp/_fully_shard/_fsdp_state.py:331: UserWarning: FSDP2-wrapped module (FSDPQwenImageTransformer2DModel) returned a view tensor. An in-place op on this view (e.g., `x += y`) will silently drop the pre-backward hook and skip the all-gather, which can cause backward to fail or produce wrong gradients. Use out-of-place ops (`out = out + y`, not `out += y`) or `.clone()` the output before any in-place op.
(WorkerDict pid=2434)   output = self._register_pre_backward_hook(output)
(SimpleStorageUnit pid=2270) 2026-09-14 22:38:19,305 - INFO - transfer_queue.utils.perf_utils - TQ_STORAGE_UNIT_14be62ca: [Performance] Total success requests: 1, Total req/min: 0.05, Total avg process time: 0.0065s;
(SimpleStorageUnit pid=2270) Time range: last 18.27 minutes;
(WorkerDict pid=2435) INFO:2026-09-14 22:58:49,538:[Rank 1] Saved model to /work/evidence/ocr-v1-100-12/checkpoints/global_step_73/actor/model_world_size_2_rank_1.pt
(WorkerDict pid=2435) /usr/local/lib/python3.12/dist-packages/torch/distributed/fsdp/_fully_shard/_fsdp_state.py:331: UserWarning: FSDP2-wrapped module (FSDPQwenImageTransformer2DModel) returned a view tensor. An in-place op on this view (e.g., `x += y`) will silently drop the pre-backward hook and skip the all-gather, which can cause backward to fail or produce wrong gradients. Use out-of-place ops (`out = out + y`, not `out += y`) or `.clone()` the output before any in-place op.
(WorkerDict pid=2435)   output = self._register_pre_backward_hook(output)
(WorkerDict pid=2435) INFO:2026-09-14 22:58:56,000:[Rank 1] Saved optim to /work/evidence/ocr-v1-100-12/checkpoints/global_step_73/actor/optim_world_size_2_rank_1.pt
(WorkerDict pid=2435) INFO:2026-09-14 22:58:56,006:[Rank 1] Saved extra_state to /work/evidence/ocr-v1-100-12/checkpoints/global_step_73/actor/extra_state_world_size_2_rank_1.pt
(WorkerDict pid=2434) /work/verl-core/verl/plugin/platform/platform_cuda.py:99: FutureWarning: torch.cuda._set_allocator_settings is deprecated. Use torch._C._accelerator_setAllocatorSettings instead.
(WorkerDict pid=2434)   torch.cuda.memory._set_allocator_settings(settings)
(TransferQueueController pid=2198) 2026-09-14 23:00:48,555 - INFO - transfer_queue.utils.perf_utils - TQ_CONTROLLER_bdabb3eb: [Performance] Total success requests: 197, Total req/min: 8.76, Total avg process time: 0.0003s;
(TransferQueueController pid=2198) Time range: last 22.49 minutes;
(TransferQueueController pid=2198) Per-operation statistics: KV_RETRIEVE_META: req_count=31, req/min=1.38, avg_time=0.001074s, max_time=0.003110s, min_time=0.000434s; CLEAR_META: req_count=2, req/min=0.09, avg_time=0.000356s, max_time=0.000418s, min_time=0.000293s; SET_CUSTOM_META: req_count=26, req/min=1.16, avg_time=0.000057s, max_time=0.000081s, min_time=0.000018s; KV_LIST: req_count=121, req/min=5.38, avg_time=0.000088s, max_time=0.000161s, min_time=0.000038s; NOTIFY_DATA_UPDATE: req_count=17, req/min=0.76, avg_time=0.000404s, max_time=0.000572s, min_time=0.000170s
(WorkerDict pid=2435) /work/verl-core/verl/plugin/platform/platform_cuda.py:99: FutureWarning: torch.cuda._set_allocator_settings is deprecated. Use torch._C._accelerator_setAllocatorSettings instead.
(WorkerDict pid=2435)   torch.cuda.memory._set_allocator_settings(settings)
(SimpleStorageUnit pid=2270) Per-operation statistics: GET_DATA: req_count=3, req/min=0.13, avg_time=0.012176s, max_time=0.015197s, min_time=0.006549s; CLEAR_DATA: req_count=2, req/min=0.09, avg_time=0.010738s, max_time=0.014989s, min_time=0.006487s; PUT_DATA: req_count=17, req/min=0.76, avg_time=0.014867s, max_time=0.018954s, min_time=0.006520s
(DiffusionTaskRunnerV1 pid=2013)
Diffusion Training:  73%|███████▎  | 73/100 [19:43:45<10:19:27, 1376.58s/it]
(DiffusionTaskRunnerV1 pid=2013) step:73 - actor/policy_loss:9.540626458078624 - actor/positive_loss:0.19077340005896987 - actor/negative_loss:0.1908516583032906 - actor/ref_kl_loss:0.013240623474121093 - actor/old_deviate:5.488097667694092e-05 - actor/reward_prob_mean:0.5 - actor/total_loss:9.540627811849117 - actor/loss:9.540628433227539 - actor/grad_norm:0.0022001266479492188 - actor/lr:0.0003 - perf/mfu/actor:0.037779194193891155 - old_policy/update_applied:0.0 - old_policy/copy_update:0.0 - old_policy/ema_update:0.0 - old_policy/decay:0.0 - training/global_step:73 - training/epoch:0 - critic/rewards/mean:1.0 - critic/rewards/max:1.0 - critic/rewards/min:1.0 - critic/rewards/zero_std_ratio:1.0 - critic/rewards/std_mean:0.0 - critic/rewards/group_size:4.0 - timing_s/feed:0.047646222985349596 - timing_s/gen:241.88151647697669 - timing_s/reward:13.565193069982342 - timing_s/prepare_actor_batch:0.055285630049183965 - timing_s/update_actor:824.0896155609516 - timing_s/save_checkpoint:261.9949277449632 - timing_s/update_weights:7.213337569031864 - timing_s/step:1348.9666784510482 - timing_per_image_ms/gen:15117.594779811043 - timing_per_image_ms/update_actor:51505.60097255948 - perf/total_num_images:16 - perf/time_per_step:1348.9666784510482 - perf/throughput:0.005930465242615188 - training/off_policy/trajectory_spans/mean:np.float64(1.0) - training/off_policy/trajectory_spans/max:np.int64(1) - training/off_policy/trajectory_spans/min:np.int64(1) - training/off_policy/trajectory_staleness/mean:np.float64(-1.0) - training/off_policy/trajectory_staleness/max:np.int64(-1) - training/off_policy/trajectory_staleness/min:np.int64(-1) - training/off_policy/trajectory_staleness_worst/mean:np.float64(-1.0) - training/off_policy/trajectory_staleness_worst/max:np.int64(-1) - training/off_policy/trajectory_staleness_worst/min:np.int64(-1)
(DiffusionTaskRunnerV1 pid=2013) Dumped diffusion generations to /work/evidence/ocr-v1-100-12/rollouts/73.jsonl
(WorkerDict pid=2434) /usr/local/lib/python3.12/dist-packages/torch/distributed/fsdp/_fully_shard/_fsdp_state.py:331: UserWarning: FSDP2-wrapped module (FSDPQwenImageTransformer2DModel) returned a view tensor. An in-place op on this view (e.g., `x += y`) will silently drop the pre-backward hook and skip the all-gather, which can cause backward to fail or produce wrong gradients. Use out-of-place ops (`out = out + y`, not `out += y`) or `.clone()` the output before any in-place op.
(WorkerDict pid=2434)   output = self._register_pre_backward_hook(output)
(SimpleStorageUnit pid=2270) 2026-09-14 23:00:48,590 - INFO - transfer_queue.utils.perf_utils - TQ_STORAGE_UNIT_14be62ca: [Performance] Total success requests: 22, Total req/min: 0.98, Total avg process time: 0.0141s;
(SimpleStorageUnit pid=2270) Time range: last 22.49 minutes;
(WorkerDict pid=2435) INFO:2026-09-14 23:21:27,672:[Rank 1] Saved model to /work/evidence/ocr-v1-100-12/checkpoints/global_step_74/actor/model_world_size_2_rank_1.pt
(WorkerDict pid=2435) /usr/local/lib/python3.12/dist-packages/torch/distributed/fsdp/_fully_shard/_fsdp_state.py:331: UserWarning: FSDP2-wrapped module (FSDPQwenImageTransformer2DModel) returned a view tensor. An in-place op on this view (e.g., `x += y`) will silently drop the pre-backward hook and skip the all-gather, which can cause backward to fail or produce wrong gradients. Use out-of-place ops (`out = out + y`, not `out += y`) or `.clone()` the output before any in-place op.
(WorkerDict pid=2435)   output = self._register_pre_backward_hook(output)
(WorkerDict pid=2435) INFO:2026-09-14 23:21:36,452:[Rank 1] Saved optim to /work/evidence/ocr-v1-100-12/checkpoints/global_step_74/actor/optim_world_size_2_rank_1.pt
(WorkerDict pid=2435) INFO:2026-09-14 23:21:36,646:[Rank 1] Saved extra_state to /work/evidence/ocr-v1-100-12/checkpoints/global_step_74/actor/extra_state_world_size_2_rank_1.pt
(WorkerDict pid=2434) /work/verl-core/verl/plugin/platform/platform_cuda.py:99: FutureWarning: torch.cuda._set_allocator_settings is deprecated. Use torch._C._accelerator_setAllocatorSettings instead.
(WorkerDict pid=2434)   torch.cuda.memory._set_allocator_settings(settings)
(TransferQueueController pid=2198) 2026-09-14 23:23:27,969 - INFO - transfer_queue.utils.perf_utils - TQ_CONTROLLER_bdabb3eb: [Performance] Total success requests: 197, Total req/min: 8.69, Total avg process time: 0.0003s;
(TransferQueueController pid=2198) Time range: last 22.66 minutes;
(TransferQueueController pid=2198) Per-operation statistics: KV_RETRIEVE_META: req_count=31, req/min=1.37, avg_time=0.001067s, max_time=0.003084s, min_time=0.000285s; CLEAR_META: req_count=2, req/min=0.09, avg_time=0.000372s, max_time=0.000475s, min_time=0.000269s; SET_CUSTOM_META: req_count=26, req/min=1.15, avg_time=0.000050s, max_time=0.000069s, min_time=0.000020s; KV_LIST: req_count=121, req/min=5.34, avg_time=0.000091s, max_time=0.000134s, min_time=0.000037s; NOTIFY_DATA_UPDATE: req_count=17, req/min=0.75, avg_time=0.000421s, max_time=0.000498s, min_time=0.000195s
(WorkerDict pid=2435) /work/verl-core/verl/plugin/platform/platform_cuda.py:99: FutureWarning: torch.cuda._set_allocator_settings is deprecated. Use torch._C._accelerator_setAllocatorSettings instead.
(WorkerDict pid=2435)   torch.cuda.memory._set_allocator_settings(settings)
(SimpleStorageUnit pid=2270) Per-operation statistics: GET_DATA: req_count=3, req/min=0.13, avg_time=0.014972s, max_time=0.015227s, min_time=0.014805s; CLEAR_DATA: req_count=2, req/min=0.09, avg_time=0.015195s, max_time=0.015451s, min_time=0.014939s; PUT_DATA: req_count=17, req/min=0.75, avg_time=0.013663s, max_time=0.016257s, min_time=0.005406s
(DiffusionTaskRunnerV1 pid=2013)
Diffusion Training:  74%|███████▍  | 74/100 [20:06:24<9:54:17, 1371.44s/it]
(DiffusionTaskRunnerV1 pid=2013) step:74 - actor/policy_loss:7.868087891116739 - actor/positive_loss:0.15726254758192226 - actor/negative_loss:0.1574585115071386 - actor/ref_kl_loss:0.013583564758300781 - actor/old_deviate:0.0002508699893951416 - actor/reward_prob_mean:0.5 - actor/total_loss:7.868089286983013 - actor/loss:7.868089437484741 - actor/grad_norm:0.0390625 - actor/lr:0.0003 - perf/mfu/actor:0.03786164873981632 - old_policy/update_applied:1.0 - old_policy/copy_update:1.0 - old_policy/ema_update:0.0 - old_policy/decay:0.0 - training/global_step:74 - training/epoch:0 - critic/rewards/mean:0.8942307829856873 - critic/rewards/max:1.0 - critic/rewards/min:0.0 - critic/rewards/zero_std_ratio:0.5 - critic/rewards/std_mean:0.15608909726142883 - critic/rewards/group_size:4.0 - timing_s/feed:0.05529219901654869 - timing_s/gen:241.97244512208272 - timing_s/reward:13.714248902979307 - timing_s/prepare_actor_batch:0.054655304993502796 - timing_s/update_actor:827.2319065720076 - timing_s/save_checkpoint:267.68540214106906 - timing_s/update_weights:8.201606718008406 - timing_s/step:1359.0636162660085 - timing_per_image_ms/gen:15123.27782013017 - timing_per_image_ms/update_actor:51701.99416075047 - perf/total_num_images:16 - perf/time_per_step:1359.0636162660085 - perf/throughput:0.0058864058343198015 - training/off_policy/trajectory_spans/mean:np.float64(1.0) - training/off_policy/trajectory_spans/max:np.int64(1) - training/off_policy/trajectory_spans/min:np.int64(1) - training/off_policy/trajectory_staleness/mean:np.float64(-1.0) - training/off_policy/trajectory_staleness/max:np.int64(-1) - training/off_policy/trajectory_staleness/min:np.int64(-1) - training/off_policy/trajectory_staleness_worst/mean:np.float64(-1.0) - training/off_policy/trajectory_staleness_worst/max:np.int64(-1) - training/off_policy/trajectory_staleness_worst/min:np.int64(-1)
(DiffusionTaskRunnerV1 pid=2013) Dumped diffusion generations to /work/evidence/ocr-v1-100-12/rollouts/74.jsonl
(TransferQueueController pid=2198) Per-operation statistics: KV_RETRIEVE_META: req_count=30, req/min=5.68, avg_time=0.000931s, max_time=0.002516s, min_time=0.000349s; CLEAR_META: req_count=2, req/min=0.38, avg_time=0.000375s, max_time=0.000462s, min_time=0.000289s; SET_CUSTOM_META: req_count=25, req/min=4.74, avg_time=0.000046s, max_time=0.000073s, min_time=0.000016s; KV_LIST: req_count=121, req/min=22.92, avg_time=0.000082s, max_time=0.000147s, min_time=0.000035s; NOTIFY_DATA_UPDATE: req_count=16, req/min=3.03, avg_time=0.000342s, max_time=0.000498s, min_time=0.000146s
(TransferQueueController pid=2198) 2026-09-14 23:28:44,744 - INFO - transfer_queue.utils.perf_utils - TQ_CONTROLLER_bdabb3eb: [Performance] Total success requests: 194, Total req/min: 36.75, Total avg process time: 0.0002s;  [repeated 2x across cluster]
(TransferQueueController pid=2198) Time range: last 5.28 minutes;  [repeated 2x across cluster]
(SimpleStorageUnit pid=2270) Per-operation statistics: GET_DATA: req_count=2, req/min=0.38, avg_time=0.015829s, max_time=0.016719s, min_time=0.014940s; CLEAR_DATA: req_count=2, req/min=0.38, avg_time=0.015489s, max_time=0.015501s, min_time=0.015477s; PUT_DATA: req_count=17, req/min=3.22, avg_time=0.014924s, max_time=0.017796s, min_time=0.005336s
(WorkerDict pid=2434) /usr/local/lib/python3.12/dist-packages/torch/distributed/fsdp/_fully_shard/_fsdp_state.py:331: UserWarning: FSDP2-wrapped module (FSDPQwenImageTransformer2DModel) returned a view tensor. An in-place op on this view (e.g., `x += y`) will silently drop the pre-backward hook and skip the all-gather, which can cause backward to fail or produce wrong gradients. Use out-of-place ops (`out = out + y`, not `out += y`) or `.clone()` the output before any in-place op.
(WorkerDict pid=2434)   output = self._register_pre_backward_hook(output)
(SimpleStorageUnit pid=2270) 2026-09-14 23:28:44,779 - INFO - transfer_queue.utils.perf_utils - TQ_STORAGE_UNIT_14be62ca: [Performance] Total success requests: 21, Total req/min: 3.98, Total avg process time: 0.0151s;
(SimpleStorageUnit pid=2270) Time range: last 5.28 minutes;
(WorkerDict pid=2435) INFO:2026-09-14 23:45:01,143:[Rank 1] Saved model to /work/evidence/ocr-v1-100-12/checkpoints/global_step_75/actor/model_world_size_2_rank_1.pt
(WorkerDict pid=2435) /usr/local/lib/python3.12/dist-packages/torch/distributed/fsdp/_fully_shard/_fsdp_state.py:331: UserWarning: FSDP2-wrapped module (FSDPQwenImageTransformer2DModel) returned a view tensor. An in-place op on this view (e.g., `x += y`) will silently drop the pre-backward hook and skip the all-gather, which can cause backward to fail or produce wrong gradients. Use out-of-place ops (`out = out + y`, not `out += y`) or `.clone()` the output before any in-place op.
(WorkerDict pid=2435)   output = self._register_pre_backward_hook(output)
(WorkerDict pid=2435) INFO:2026-09-14 23:45:11,508:[Rank 1] Saved optim to /work/evidence/ocr-v1-100-12/checkpoints/global_step_75/actor/optim_world_size_2_rank_1.pt
(WorkerDict pid=2435) INFO:2026-09-14 23:45:11,513:[Rank 1] Saved extra_state to /work/evidence/ocr-v1-100-12/checkpoints/global_step_75/actor/extra_state_world_size_2_rank_1.pt
(WorkerDict pid=2434) /work/verl-core/verl/plugin/platform/platform_cuda.py:99: FutureWarning: torch.cuda._set_allocator_settings is deprecated. Use torch._C._accelerator_setAllocatorSettings instead.
(WorkerDict pid=2434)   torch.cuda.memory._set_allocator_settings(settings)
(TransferQueueController pid=2198) 2026-09-14 23:47:08,099 - INFO - transfer_queue.utils.perf_utils - TQ_CONTROLLER_bdabb3eb: [Performance] Total success requests: 3, Total req/min: 0.16, Total avg process time: 0.0010s;
(TransferQueueController pid=2198) Time range: last 18.39 minutes;
(TransferQueueController pid=2198) Per-operation statistics: NOTIFY_DATA_UPDATE: req_count=1, req/min=0.05, avg_time=0.000409s, max_time=0.000409s, min_time=0.000409s; SET_CUSTOM_META: req_count=1, req/min=0.05, avg_time=0.000069s, max_time=0.000069s, min_time=0.000069s; KV_RETRIEVE_META: req_count=1, req/min=0.05, avg_time=0.002647s, max_time=0.002647s, min_time=0.002647s
(WorkerDict pid=2435) /work/verl-core/verl/plugin/platform/platform_cuda.py:99: FutureWarning: torch.cuda._set_allocator_settings is deprecated. Use torch._C._accelerator_setAllocatorSettings instead.
(WorkerDict pid=2435)   torch.cuda.memory._set_allocator_settings(settings)
(SimpleStorageUnit pid=2270) Per-operation statistics: GET_DATA: req_count=1, req/min=0.05, avg_time=0.015019s, max_time=0.015019s, min_time=0.015019s
(DiffusionTaskRunnerV1 pid=2013)
Diffusion Training:  75%|███████▌  | 75/100 [20:30:04<9:37:31, 1386.05s/it]
(DiffusionTaskRunnerV1 pid=2013) step:75 - actor/policy_loss:9.733440509438514 - actor/positive_loss:0.1946852264693007 - actor/negative_loss:0.19465951318852603 - actor/ref_kl_loss:0.01320791244506836 - actor/old_deviate:0.00015813112258911133 - actor/reward_prob_mean:0.5 - actor/total_loss:9.73344190940261 - actor/loss:9.733442306518555 - actor/grad_norm:0.02874755859375 - actor/lr:0.0003 - perf/mfu/actor:0.03773354069288702 - old_policy/update_applied:0.0 - old_policy/copy_update:0.0 - old_policy/ema_update:0.0 - old_policy/decay:0.0 - training/global_step:75 - training/epoch:0 - critic/rewards/mean:0.8222600221633911 - critic/rewards/max:1.0 - critic/rewards/min:0.0 - critic/rewards/zero_std_ratio:0.25 - critic/rewards/std_mean:0.15784186124801636 - critic/rewards/group_size:4.0 - timing_s/feed:0.0651523310225457 - timing_s/gen:241.90487463097088 - timing_s/reward:74.28315735189244 - timing_s/prepare_actor_batch:0.05602712999098003 - timing_s/update_actor:824.257811717107 - timing_s/save_checkpoint:271.83279081399087 - timing_s/update_weights:7.207364934962243 - timing_s/step:1419.767788880039 - timing_per_image_ms/gen:15119.05466443568 - timing_per_image_ms/update_actor:51516.113232319185 - perf/total_num_images:16 - perf/time_per_step:1419.767788880039 - perf/throughput:0.005634724257486269 - training/off_policy/trajectory_spans/mean:np.float64(1.0) - training/off_policy/trajectory_spans/max:np.int64(1) - training/off_policy/trajectory_spans/min:np.int64(1) - training/off_policy/trajectory_staleness/mean:np.float64(-1.0) - training/off_policy/trajectory_staleness/max:np.int64(-1) - training/off_policy/trajectory_staleness/min:np.int64(-1) - training/off_policy/trajectory_staleness_worst/mean:np.float64(-1.0) - training/off_policy/trajectory_staleness_worst/max:np.int64(-1) - training/off_policy/trajectory_staleness_worst/min:np.int64(-1)
(DiffusionTaskRunnerV1 pid=2013) Dumped diffusion generations to /work/evidence/ocr-v1-100-12/rollouts/75.jsonl
(TransferQueueController pid=2198) Per-operation statistics: KV_RETRIEVE_META: req_count=30, req/min=5.70, avg_time=0.000916s, max_time=0.002523s, min_time=0.000222s; CLEAR_META: req_count=2, req/min=0.38, avg_time=0.000331s, max_time=0.000384s, min_time=0.000277s; SET_CUSTOM_META: req_count=25, req/min=4.75, avg_time=0.000050s, max_time=0.000076s, min_time=0.000015s; KV_LIST: req_count=121, req/min=22.97, avg_time=0.000091s, max_time=0.000141s, min_time=0.000038s; NOTIFY_DATA_UPDATE: req_count=16, req/min=3.04, avg_time=0.000427s, max_time=0.000640s, min_time=0.000210s
(TransferQueueController pid=2198) 2026-09-14 23:52:24,148 - INFO - transfer_queue.utils.perf_utils - TQ_CONTROLLER_bdabb3eb: [Performance] Total success requests: 194, Total req/min: 36.83, Total avg process time: 0.0002s;  [repeated 2x across cluster]
(TransferQueueController pid=2198) Time range: last 5.27 minutes;  [repeated 2x across cluster]
(SimpleStorageUnit pid=2270) Per-operation statistics: GET_DATA: req_count=2, req/min=0.38, avg_time=0.014827s, max_time=0.014873s, min_time=0.014781s; CLEAR_DATA: req_count=2, req/min=0.38, avg_time=0.015273s, max_time=0.015286s, min_time=0.015261s; PUT_DATA: req_count=17, req/min=3.23, avg_time=0.015973s, max_time=0.027104s, min_time=0.014989s
(WorkerDict pid=2434) /usr/local/lib/python3.12/dist-packages/torch/distributed/fsdp/_fully_shard/_fsdp_state.py:331: UserWarning: FSDP2-wrapped module (FSDPQwenImageTransformer2DModel) returned a view tensor. An in-place op on this view (e.g., `x += y`) will silently drop the pre-backward hook and skip the all-gather, which can cause backward to fail or produce wrong gradients. Use out-of-place ops (`out = out + y`, not `out += y`) or `.clone()` the output before any in-place op.
(WorkerDict pid=2434)   output = self._register_pre_backward_hook(output)
(SimpleStorageUnit pid=2270) 2026-09-14 23:52:24,182 - INFO - transfer_queue.utils.perf_utils - TQ_STORAGE_UNIT_14be62ca: [Performance] Total success requests: 21, Total req/min: 3.99, Total avg process time: 0.0158s;
(SimpleStorageUnit pid=2270) Time range: last 5.27 minutes;
(WorkerDict pid=2435) INFO:2026-09-15 00:08:47,796:[Rank 1] Saved model to /work/evidence/ocr-v1-100-12/checkpoints/global_step_76/actor/model_world_size_2_rank_1.pt
(WorkerDict pid=2435) /usr/local/lib/python3.12/dist-packages/torch/distributed/fsdp/_fully_shard/_fsdp_state.py:331: UserWarning: FSDP2-wrapped module (FSDPQwenImageTransformer2DModel) returned a view tensor. An in-place op on this view (e.g., `x += y`) will silently drop the pre-backward hook and skip the all-gather, which can cause backward to fail or produce wrong gradients. Use out-of-place ops (`out = out + y`, not `out += y`) or `.clone()` the output before any in-place op.
(WorkerDict pid=2435)   output = self._register_pre_backward_hook(output)
(WorkerDict pid=2435) INFO:2026-09-15 00:08:57,218:[Rank 1] Saved optim to /work/evidence/ocr-v1-100-12/checkpoints/global_step_76/actor/optim_world_size_2_rank_1.pt
(WorkerDict pid=2435) INFO:2026-09-15 00:08:57,279:[Rank 1] Saved extra_state to /work/evidence/ocr-v1-100-12/checkpoints/global_step_76/actor/extra_state_world_size_2_rank_1.pt
(WorkerDict pid=2434) /work/verl-core/verl/plugin/platform/platform_cuda.py:99: FutureWarning: torch.cuda._set_allocator_settings is deprecated. Use torch._C._accelerator_setAllocatorSettings instead.
(WorkerDict pid=2434)   torch.cuda.memory._set_allocator_settings(settings)
(TransferQueueController pid=2198) 2026-09-15 00:10:58,867 - INFO - transfer_queue.utils.perf_utils - TQ_CONTROLLER_bdabb3eb: [Performance] Total success requests: 3, Total req/min: 0.16, Total avg process time: 0.0012s;
(TransferQueueController pid=2198) Time range: last 18.58 minutes;
(TransferQueueController pid=2198) Per-operation statistics: NOTIFY_DATA_UPDATE: req_count=1, req/min=0.05, avg_time=0.000428s, max_time=0.000428s, min_time=0.000428s; SET_CUSTOM_META: req_count=1, req/min=0.05, avg_time=0.000060s, max_time=0.000060s, min_time=0.000060s; KV_RETRIEVE_META: req_count=1, req/min=0.05, avg_time=0.003256s, max_time=0.003256s, min_time=0.003256s
(WorkerDict pid=2435) /work/verl-core/verl/plugin/platform/platform_cuda.py:99: FutureWarning: torch.cuda._set_allocator_settings is deprecated. Use torch._C._accelerator_setAllocatorSettings instead.
(WorkerDict pid=2435)   torch.cuda.memory._set_allocator_settings(settings)
(SimpleStorageUnit pid=2270) Per-operation statistics: GET_DATA: req_count=1, req/min=0.05, avg_time=0.014964s, max_time=0.014964s, min_time=0.014964s
(DiffusionTaskRunnerV1 pid=2013)
Diffusion Training:  76%|███████▌  | 76/100 [20:53:55<9:19:46, 1399.46s/it]
(DiffusionTaskRunnerV1 pid=2013) step:76 - actor/policy_loss:9.07254152148962 - actor/positive_loss:0.18145123821450398 - actor/negative_loss:0.18146364433923737 - actor/ref_kl_loss:0.015254592895507813 - actor/old_deviate:0.0006672322750091552 - actor/reward_prob_mean:0.5000000074505806 - actor/total_loss:9.072543073818089 - actor/loss:9.072543144226074 - actor/grad_norm:0.0462646484375 - actor/lr:0.0003 - perf/mfu/actor:0.0379954060336182 - old_policy/update_applied:1.0 - old_policy/copy_update:0.0 - old_policy/ema_update:1.0 - old_policy/decay:0.0075 - training/global_step:76 - training/epoch:0 - critic/rewards/mean:0.677462100982666 - critic/rewards/max:1.0 - critic/rewards/min:0.0 - critic/rewards/zero_std_ratio:0.0 - critic/rewards/std_mean:0.2315320074558258 - critic/rewards/group_size:4.0 - timing_s/feed:0.03310296393465251 - timing_s/gen:241.99065182195045 - timing_s/reward:73.53217645804398 - timing_s/prepare_actor_batch:0.0544259580783546 - timing_s/update_actor:827.7151050160173 - timing_s/save_checkpoint:279.03899551404174 - timing_s/update_weights:7.908609071979299 - timing_s/step:1430.3893730130512 - timing_per_image_ms/gen:15124.415738871903 - timing_per_image_ms/update_actor:51732.19406350108 - perf/total_num_images:16 - perf/time_per_step:1430.3893730130512 - perf/throughput:0.0055928827149689725 - training/off_policy/trajectory_spans/mean:np.float64(1.0) - training/off_policy/trajectory_spans/max:np.int64(1) - training/off_policy/trajectory_spans/min:np.int64(1) - training/off_policy/trajectory_staleness/mean:np.float64(-1.0) - training/off_policy/trajectory_staleness/max:np.int64(-1) - training/off_policy/trajectory_staleness/min:np.int64(-1) - training/off_policy/trajectory_staleness_worst/mean:np.float64(-1.0) - training/off_policy/trajectory_staleness_worst/max:np.int64(-1) - training/off_policy/trajectory_staleness_worst/min:np.int64(-1)
(DiffusionTaskRunnerV1 pid=2013) Dumped diffusion generations to /work/evidence/ocr-v1-100-12/rollouts/76.jsonl
(WorkerDict pid=2434) /usr/local/lib/python3.12/dist-packages/torch/distributed/fsdp/_fully_shard/_fsdp_state.py:331: UserWarning: FSDP2-wrapped module (FSDPQwenImageTransformer2DModel) returned a view tensor. An in-place op on this view (e.g., `x += y`) will silently drop the pre-backward hook and skip the all-gather, which can cause backward to fail or produce wrong gradients. Use out-of-place ops (`out = out + y`, not `out += y`) or `.clone()` the output before any in-place op.
(WorkerDict pid=2434)   output = self._register_pre_backward_hook(output)
(SimpleStorageUnit pid=2270) 2026-09-15 00:10:58,901 - INFO - transfer_queue.utils.perf_utils - TQ_STORAGE_UNIT_14be62ca: [Performance] Total success requests: 1, Total req/min: 0.05, Total avg process time: 0.0150s;
(SimpleStorageUnit pid=2270) Time range: last 18.58 minutes;
(WorkerDict pid=2435) INFO:2026-09-15 00:31:22,281:[Rank 1] Saved model to /work/evidence/ocr-v1-100-12/checkpoints/global_step_77/actor/model_world_size_2_rank_1.pt
(WorkerDict pid=2435) /usr/local/lib/python3.12/dist-packages/torch/distributed/fsdp/_fully_shard/_fsdp_state.py:331: UserWarning: FSDP2-wrapped module (FSDPQwenImageTransformer2DModel) returned a view tensor. An in-place op on this view (e.g., `x += y`) will silently drop the pre-backward hook and skip the all-gather, which can cause backward to fail or produce wrong gradients. Use out-of-place ops (`out = out + y`, not `out += y`) or `.clone()` the output before any in-place op.
(WorkerDict pid=2435)   output = self._register_pre_backward_hook(output)
(WorkerDict pid=2435) INFO:2026-09-15 00:31:30,568:[Rank 1] Saved optim to /work/evidence/ocr-v1-100-12/checkpoints/global_step_77/actor/optim_world_size_2_rank_1.pt
(WorkerDict pid=2435) INFO:2026-09-15 00:31:30,574:[Rank 1] Saved extra_state to /work/evidence/ocr-v1-100-12/checkpoints/global_step_77/actor/extra_state_world_size_2_rank_1.pt
(WorkerDict pid=2435) /work/verl-core/verl/plugin/platform/platform_cuda.py:99: FutureWarning: torch.cuda._set_allocator_settings is deprecated. Use torch._C._accelerator_setAllocatorSettings instead.
(WorkerDict pid=2435)   torch.cuda.memory._set_allocator_settings(settings)
(TransferQueueController pid=2198) 2026-09-15 00:33:24,984 - INFO - transfer_queue.utils.perf_utils - TQ_CONTROLLER_bdabb3eb: [Performance] Total success requests: 197, Total req/min: 8.78, Total avg process time: 0.0003s;
(TransferQueueController pid=2198) Time range: last 22.44 minutes;
(TransferQueueController pid=2198) Per-operation statistics: KV_RETRIEVE_META: req_count=31, req/min=1.38, avg_time=0.001069s, max_time=0.003049s, min_time=0.000521s; CLEAR_META: req_count=2, req/min=0.09, avg_time=0.000379s, max_time=0.000486s, min_time=0.000271s; SET_CUSTOM_META: req_count=26, req/min=1.16, avg_time=0.000048s, max_time=0.000065s, min_time=0.000011s; KV_LIST: req_count=121, req/min=5.39, avg_time=0.000080s, max_time=0.000159s, min_time=0.000035s; NOTIFY_DATA_UPDATE: req_count=17, req/min=0.76, avg_time=0.000388s, max_time=0.000463s, min_time=0.000285s
(WorkerDict pid=2434) /work/verl-core/verl/plugin/platform/platform_cuda.py:99: FutureWarning: torch.cuda._set_allocator_settings is deprecated. Use torch._C._accelerator_setAllocatorSettings instead.
(WorkerDict pid=2434)   torch.cuda.memory._set_allocator_settings(settings)
(SimpleStorageUnit pid=2270) Per-operation statistics: GET_DATA: req_count=3, req/min=0.13, avg_time=0.014730s, max_time=0.014744s, min_time=0.014717s; CLEAR_DATA: req_count=2, req/min=0.09, avg_time=0.015532s, max_time=0.015820s, min_time=0.015243s; PUT_DATA: req_count=17, req/min=0.76, avg_time=0.014282s, max_time=0.018077s, min_time=0.004065s
(DiffusionTaskRunnerV1 pid=2013)
Diffusion Training:  77%|███████▋  | 77/100 [21:16:21<8:50:19, 1383.46s/it]
(DiffusionTaskRunnerV1 pid=2013) step:77 - actor/policy_loss:8.259076185524464 - actor/positive_loss:0.16512896622298284 - actor/negative_loss:0.16522187760565432 - actor/ref_kl_loss:0.019212818145751952 - actor/old_deviate:0.00011583268642425537 - actor/reward_prob_mean:0.5000000018626451 - actor/total_loss:8.259078142791985 - actor/loss:8.259078025817871 - actor/grad_norm:0.048583984375 - actor/lr:0.0003 - perf/mfu/actor:0.03778634078505909 - old_policy/update_applied:0.0 - old_policy/copy_update:0.0 - old_policy/ema_update:0.0 - old_policy/decay:0.0 - training/global_step:77 - training/epoch:0 - critic/rewards/mean:0.8670343160629272 - critic/rewards/max:1.0 - critic/rewards/min:0.1764705926179886 - critic/rewards/zero_std_ratio:0.5 - critic/rewards/std_mean:0.12450212240219116 - critic/rewards/group_size:4.0 - timing_s/feed:0.06617690704297274 - timing_s/gen:241.97853419801686 - timing_s/reward:12.97191150195431 - timing_s/prepare_actor_batch:0.06071547092869878 - timing_s/update_actor:822.8748618030222 - timing_s/save_checkpoint:260.54040057596285 - timing_s/update_weights:7.1247405159519985 - timing_s/step:1345.7701730600093 - timing_per_image_ms/gen:15123.658387376054 - timing_per_image_ms/update_actor:51429.67886268889 - perf/total_num_images:16 - perf/time_per_step:1345.7701730600093 - perf/throughput:0.0059445514250101245 - training/off_policy/trajectory_spans/mean:np.float64(1.0) - training/off_policy/trajectory_spans/max:np.int64(1) - training/off_policy/trajectory_spans/min:np.int64(1) - training/off_policy/trajectory_staleness/mean:np.float64(-1.0) - training/off_policy/trajectory_staleness/max:np.int64(-1) - training/off_policy/trajectory_staleness/min:np.int64(-1) - training/off_policy/trajectory_staleness_worst/mean:np.float64(-1.0) - training/off_policy/trajectory_staleness_worst/max:np.int64(-1) - training/off_policy/trajectory_staleness_worst/min:np.int64(-1)
(DiffusionTaskRunnerV1 pid=2013) Dumped diffusion generations to /work/evidence/ocr-v1-100-12/rollouts/77.jsonl
(WorkerDict pid=2434) /usr/local/lib/python3.12/dist-packages/torch/distributed/fsdp/_fully_shard/_fsdp_state.py:331: UserWarning: FSDP2-wrapped module (FSDPQwenImageTransformer2DModel) returned a view tensor. An in-place op on this view (e.g., `x += y`) will silently drop the pre-backward hook and skip the all-gather, which can cause backward to fail or produce wrong gradients. Use out-of-place ops (`out = out + y`, not `out += y`) or `.clone()` the output before any in-place op.
(WorkerDict pid=2434)   output = self._register_pre_backward_hook(output)
(SimpleStorageUnit pid=2270) 2026-09-15 00:33:25,018 - INFO - transfer_queue.utils.perf_utils - TQ_STORAGE_UNIT_14be62ca: [Performance] Total success requests: 22, Total req/min: 0.98, Total avg process time: 0.0145s;
(SimpleStorageUnit pid=2270) Time range: last 22.44 minutes;
(WorkerDict pid=2435) INFO:2026-09-15 00:54:02,011:[Rank 1] Saved model to /work/evidence/ocr-v1-100-12/checkpoints/global_step_78/actor/model_world_size_2_rank_1.pt
(WorkerDict pid=2435) /usr/local/lib/python3.12/dist-packages/torch/distributed/fsdp/_fully_shard/_fsdp_state.py:331: UserWarning: FSDP2-wrapped module (FSDPQwenImageTransformer2DModel) returned a view tensor. An in-place op on this view (e.g., `x += y`) will silently drop the pre-backward hook and skip the all-gather, which can cause backward to fail or produce wrong gradients. Use out-of-place ops (`out = out + y`, not `out += y`) or `.clone()` the output before any in-place op.
(WorkerDict pid=2435)   output = self._register_pre_backward_hook(output)
(WorkerDict pid=2435) INFO:2026-09-15 00:54:11,519:[Rank 1] Saved optim to /work/evidence/ocr-v1-100-12/checkpoints/global_step_78/actor/optim_world_size_2_rank_1.pt
(WorkerDict pid=2435) INFO:2026-09-15 00:54:11,642:[Rank 1] Saved extra_state to /work/evidence/ocr-v1-100-12/checkpoints/global_step_78/actor/extra_state_world_size_2_rank_1.pt
(WorkerDict pid=2434) /work/verl-core/verl/plugin/platform/platform_cuda.py:99: FutureWarning: torch.cuda._set_allocator_settings is deprecated. Use torch._C._accelerator_setAllocatorSettings instead.
(WorkerDict pid=2434)   torch.cuda.memory._set_allocator_settings(settings)
(TransferQueueController pid=2198) 2026-09-15 00:55:57,361 - INFO - transfer_queue.utils.perf_utils - TQ_CONTROLLER_bdabb3eb: [Performance] Total success requests: 197, Total req/min: 8.74, Total avg process time: 0.0003s;
(TransferQueueController pid=2198) Time range: last 22.54 minutes;
(TransferQueueController pid=2198) Per-operation statistics: KV_RETRIEVE_META: req_count=31, req/min=1.38, avg_time=0.001075s, max_time=0.002624s, min_time=0.000275s; CLEAR_META: req_count=2, req/min=0.09, avg_time=0.000345s, max_time=0.000417s, min_time=0.000273s; SET_CUSTOM_META: req_count=26, req/min=1.15, avg_time=0.000054s, max_time=0.000067s, min_time=0.000021s; KV_LIST: req_count=121, req/min=5.37, avg_time=0.000091s, max_time=0.000143s, min_time=0.000034s; NOTIFY_DATA_UPDATE: req_count=17, req/min=0.75, avg_time=0.000426s, max_time=0.000494s, min_time=0.000387s
(WorkerDict pid=2435) /work/verl-core/verl/plugin/platform/platform_cuda.py:99: FutureWarning: torch.cuda._set_allocator_settings is deprecated. Use torch._C._accelerator_setAllocatorSettings instead.
(WorkerDict pid=2435)   torch.cuda.memory._set_allocator_settings(settings)
(SimpleStorageUnit pid=2270) Per-operation statistics: GET_DATA: req_count=3, req/min=0.13, avg_time=0.014803s, max_time=0.015033s, min_time=0.014610s; CLEAR_DATA: req_count=2, req/min=0.09, avg_time=0.016460s, max_time=0.017252s, min_time=0.015669s; PUT_DATA: req_count=17, req/min=0.75, avg_time=0.014891s, max_time=0.019444s, min_time=0.006416s
(DiffusionTaskRunnerV1 pid=2013)
Diffusion Training:  78%|███████▊  | 78/100 [21:38:53<8:23:50, 1374.13s/it]
(DiffusionTaskRunnerV1 pid=2013) step:78 - actor/policy_loss:8.06958692409098 - actor/positive_loss:0.1613057414419018 - actor/negative_loss:0.16146488528465852 - actor/ref_kl_loss:0.017575836181640624 - actor/old_deviate:0.0003294140100479126 - actor/reward_prob_mean:0.5000000074505806 - actor/total_loss:8.069588706269862 - actor/loss:8.069589138031006 - actor/grad_norm:0.0548095703125 - actor/lr:0.0003 - perf/mfu/actor:0.03780606206005073 - old_policy/update_applied:1.0 - old_policy/copy_update:0.0 - old_policy/ema_update:1.0 - old_policy/decay:0.0225 - training/global_step:78 - training/epoch:0 - critic/rewards/mean:0.7358911633491516 - critic/rewards/max:1.0 - critic/rewards/min:0.0 - critic/rewards/zero_std_ratio:0.0 - critic/rewards/std_mean:0.2710976004600525 - critic/rewards/group_size:4.0 - timing_s/feed:0.07050666096620262 - timing_s/gen:241.84501273196656 - timing_s/reward:13.641384623013437 - timing_s/prepare_actor_batch:0.05420709296595305 - timing_s/update_actor:827.6130708709825 - timing_s/save_checkpoint:259.9756451139692 - timing_s/update_weights:8.659738986985758 - timing_s/step:1352.0140597829595 - timing_per_image_ms/gen:15115.31329574791 - timing_per_image_ms/update_actor:51725.816929436405 - perf/total_num_images:16 - perf/time_per_step:1352.0140597829595 - perf/throughput:0.005917098229943149 - training/off_policy/trajectory_spans/mean:np.float64(1.0) - training/off_policy/trajectory_spans/max:np.int64(1) - training/off_policy/trajectory_spans/min:np.int64(1) - training/off_policy/trajectory_staleness/mean:np.float64(-1.0) - training/off_policy/trajectory_staleness/max:np.int64(-1) - training/off_policy/trajectory_staleness/min:np.int64(-1) - training/off_policy/trajectory_staleness_worst/mean:np.float64(-1.0) - training/off_policy/trajectory_staleness_worst/max:np.int64(-1) - training/off_policy/trajectory_staleness_worst/min:np.int64(-1)
(DiffusionTaskRunnerV1 pid=2013) Dumped diffusion generations to /work/evidence/ocr-v1-100-12/rollouts/78.jsonl
(WorkerDict pid=2435) /usr/local/lib/python3.12/dist-packages/torch/distributed/fsdp/_fully_shard/_fsdp_state.py:331: UserWarning: FSDP2-wrapped module (FSDPQwenImageTransformer2DModel) returned a view tensor. An in-place op on this view (e.g., `x += y`) will silently drop the pre-backward hook and skip the all-gather, which can cause backward to fail or produce wrong gradients. Use out-of-place ops (`out = out + y`, not `out += y`) or `.clone()` the output before any in-place op.
(WorkerDict pid=2435)   output = self._register_pre_backward_hook(output)
(SimpleStorageUnit pid=2270) 2026-09-15 00:55:57,402 - INFO - transfer_queue.utils.perf_utils - TQ_STORAGE_UNIT_14be62ca: [Performance] Total success requests: 22, Total req/min: 0.98, Total avg process time: 0.0150s;
(SimpleStorageUnit pid=2270) Time range: last 22.54 minutes;
(WorkerDict pid=2435) INFO:2026-09-15 01:16:30,929:[Rank 1] Saved model to /work/evidence/ocr-v1-100-12/checkpoints/global_step_79/actor/model_world_size_2_rank_1.pt
(WorkerDict pid=2434) /usr/local/lib/python3.12/dist-packages/torch/distributed/fsdp/_fully_shard/_fsdp_state.py:331: UserWarning: FSDP2-wrapped module (FSDPQwenImageTransformer2DModel) returned a view tensor. An in-place op on this view (e.g., `x += y`) will silently drop the pre-backward hook and skip the all-gather, which can cause backward to fail or produce wrong gradients. Use out-of-place ops (`out = out + y`, not `out += y`) or `.clone()` the output before any in-place op.
(WorkerDict pid=2434)   output = self._register_pre_backward_hook(output)
(WorkerDict pid=2435) INFO:2026-09-15 01:16:38,745:[Rank 1] Saved optim to /work/evidence/ocr-v1-100-12/checkpoints/global_step_79/actor/optim_world_size_2_rank_1.pt
(WorkerDict pid=2435) INFO:2026-09-15 01:16:38,751:[Rank 1] Saved extra_state to /work/evidence/ocr-v1-100-12/checkpoints/global_step_79/actor/extra_state_world_size_2_rank_1.pt
(WorkerDict pid=2435) /work/verl-core/verl/plugin/platform/platform_cuda.py:99: FutureWarning: torch.cuda._set_allocator_settings is deprecated. Use torch._C._accelerator_setAllocatorSettings instead.
(WorkerDict pid=2435)   torch.cuda.memory._set_allocator_settings(settings)
(TransferQueueController pid=2198) 2026-09-15 01:18:30,102 - INFO - transfer_queue.utils.perf_utils - TQ_CONTROLLER_bdabb3eb: [Performance] Total success requests: 197, Total req/min: 8.74, Total avg process time: 0.0003s;
(TransferQueueController pid=2198) Time range: last 22.55 minutes;
(TransferQueueController pid=2198) Per-operation statistics: KV_RETRIEVE_META: req_count=31, req/min=1.37, avg_time=0.001042s, max_time=0.002648s, min_time=0.000353s; CLEAR_META: req_count=2, req/min=0.09, avg_time=0.000333s, max_time=0.000384s, min_time=0.000281s; SET_CUSTOM_META: req_count=26, req/min=1.15, avg_time=0.000054s, max_time=0.000078s, min_time=0.000021s; KV_LIST: req_count=121, req/min=5.37, avg_time=0.000089s, max_time=0.000139s, min_time=0.000037s; NOTIFY_DATA_UPDATE: req_count=17, req/min=0.75, avg_time=0.000421s, max_time=0.000469s, min_time=0.000354s
(WorkerDict pid=2434) /work/verl-core/verl/plugin/platform/platform_cuda.py:99: FutureWarning: torch.cuda._set_allocator_settings is deprecated. Use torch._C._accelerator_setAllocatorSettings instead.
(WorkerDict pid=2434)   torch.cuda.memory._set_allocator_settings(settings)
(SimpleStorageUnit pid=2270) Per-operation statistics: GET_DATA: req_count=3, req/min=0.13, avg_time=0.015104s, max_time=0.015298s, min_time=0.014842s; CLEAR_DATA: req_count=2, req/min=0.09, avg_time=0.015237s, max_time=0.015341s, min_time=0.015132s; PUT_DATA: req_count=17, req/min=0.75, avg_time=0.015658s, max_time=0.019422s, min_time=0.014945s
(DiffusionTaskRunnerV1 pid=2013)
Diffusion Training:  79%|███████▉  | 79/100 [22:01:26<7:58:41, 1367.71s/it]
(DiffusionTaskRunnerV1 pid=2013) step:79 - actor/policy_loss:8.956608153134585 - actor/positive_loss:0.17908847047947346 - actor/negative_loss:0.17918393915751948 - actor/ref_kl_loss:0.018412971496582033 - actor/old_deviate:0.0002986505627632141 - actor/reward_prob_mean:0.5000000055879354 - actor/total_loss:8.956610009819268 - actor/loss:8.956609725952148 - actor/grad_norm:0.164306640625 - actor/lr:0.0003 - perf/mfu/actor:0.03778711215560812 - old_policy/update_applied:0.0 - old_policy/copy_update:0.0 - old_policy/ema_update:0.0 - old_policy/decay:0.0 - training/global_step:79 - training/epoch:0 - critic/rewards/mean:0.8042984008789062 - critic/rewards/max:1.0 - critic/rewards/min:0.20000000298023224 - critic/rewards/zero_std_ratio:0.0 - critic/rewards/std_mean:0.2820480167865753 - critic/rewards/group_size:4.0 - timing_s/feed:0.03306977997999638 - timing_s/gen:241.90490382397547 - timing_s/reward:13.352052512927912 - timing_s/prepare_actor_batch:0.05329367704689503 - timing_s/update_actor:824.2042086659931 - timing_s/save_checkpoint:262.9121318489779 - timing_s/update_weights:9.780613197945058 - timing_s/step:1352.3953082329826 - timing_per_image_ms/gen:15119.056488998467 - timing_per_image_ms/update_actor:51512.76304162457 - perf/total_num_images:16 - perf/time_per_step:1352.3953082329826 - perf/throughput:0.005915430164019622 - training/off_policy/trajectory_spans/mean:np.float64(1.0) - training/off_policy/trajectory_spans/max:np.int64(1) - training/off_policy/trajectory_spans/min:np.int64(1) - training/off_policy/trajectory_staleness/mean:np.float64(-1.0) - training/off_policy/trajectory_staleness/max:np.int64(-1) - training/off_policy/trajectory_staleness/min:np.int64(-1) - training/off_policy/trajectory_staleness_worst/mean:np.float64(-1.0) - training/off_policy/trajectory_staleness_worst/max:np.int64(-1) - training/off_policy/trajectory_staleness_worst/min:np.int64(-1)
(DiffusionTaskRunnerV1 pid=2013) Dumped diffusion generations to /work/evidence/ocr-v1-100-12/rollouts/79.jsonl
(WorkerDict pid=2434) /usr/local/lib/python3.12/dist-packages/torch/distributed/fsdp/_fully_shard/_fsdp_state.py:331: UserWarning: FSDP2-wrapped module (FSDPQwenImageTransformer2DModel) returned a view tensor. An in-place op on this view (e.g., `x += y`) will silently drop the pre-backward hook and skip the all-gather, which can cause backward to fail or produce wrong gradients. Use out-of-place ops (`out = out + y`, not `out += y`) or `.clone()` the output before any in-place op.
(WorkerDict pid=2434)   output = self._register_pre_backward_hook(output)
(SimpleStorageUnit pid=2270) 2026-09-15 01:18:30,129 - INFO - transfer_queue.utils.perf_utils - TQ_STORAGE_UNIT_14be62ca: [Performance] Total success requests: 22, Total req/min: 0.98, Total avg process time: 0.0155s;
(SimpleStorageUnit pid=2270) Time range: last 22.55 minutes;
(WorkerDict pid=2435) INFO:2026-09-15 01:39:03,828:[Rank 1] Saved model to /work/evidence/ocr-v1-100-12/checkpoints/global_step_80/actor/model_world_size_2_rank_1.pt
(WorkerDict pid=2435) /usr/local/lib/python3.12/dist-packages/torch/distributed/fsdp/_fully_shard/_fsdp_state.py:331: UserWarning: FSDP2-wrapped module (FSDPQwenImageTransformer2DModel) returned a view tensor. An in-place op on this view (e.g., `x += y`) will silently drop the pre-backward hook and skip the all-gather, which can cause backward to fail or produce wrong gradients. Use out-of-place ops (`out = out + y`, not `out += y`) or `.clone()` the output before any in-place op.
(WorkerDict pid=2435)   output = self._register_pre_backward_hook(output)
(WorkerDict pid=2435) INFO:2026-09-15 01:39:12,084:[Rank 1] Saved optim to /work/evidence/ocr-v1-100-12/checkpoints/global_step_80/actor/optim_world_size_2_rank_1.pt
(WorkerDict pid=2435) INFO:2026-09-15 01:39:12,377:[Rank 1] Saved extra_state to /work/evidence/ocr-v1-100-12/checkpoints/global_step_80/actor/extra_state_world_size_2_rank_1.pt
(WorkerDict pid=2435) /work/verl-core/verl/plugin/platform/platform_cuda.py:99: FutureWarning: torch.cuda._set_allocator_settings is deprecated. Use torch._C._accelerator_setAllocatorSettings instead.
(WorkerDict pid=2435)   torch.cuda.memory._set_allocator_settings(settings)
(TransferQueueController pid=2198) 2026-09-15 01:41:09,105 - INFO - transfer_queue.utils.perf_utils - TQ_CONTROLLER_bdabb3eb: [Performance] Total success requests: 197, Total req/min: 8.70, Total avg process time: 0.0002s;
(TransferQueueController pid=2198) Time range: last 22.65 minutes;
(TransferQueueController pid=2198) Per-operation statistics: KV_RETRIEVE_META: req_count=31, req/min=1.37, avg_time=0.000977s, max_time=0.002468s, min_time=0.000447s; CLEAR_META: req_count=2, req/min=0.09, avg_time=0.000224s, max_time=0.000300s, min_time=0.000148s; SET_CUSTOM_META: req_count=26, req/min=1.15, avg_time=0.000051s, max_time=0.000071s, min_time=0.000020s; KV_LIST: req_count=121, req/min=5.34, avg_time=0.000089s, max_time=0.000143s, min_time=0.000042s; NOTIFY_DATA_UPDATE: req_count=17, req/min=0.75, avg_time=0.000372s, max_time=0.000448s, min_time=0.000196s
(WorkerDict pid=2434) /work/verl-core/verl/plugin/platform/platform_cuda.py:99: FutureWarning: torch.cuda._set_allocator_settings is deprecated. Use torch._C._accelerator_setAllocatorSettings instead.
(WorkerDict pid=2434)   torch.cuda.memory._set_allocator_settings(settings)
(SimpleStorageUnit pid=2270) Per-operation statistics: GET_DATA: req_count=2, req/min=0.08, avg_time=0.015001s, max_time=0.015002s, min_time=0.015000s; CLEAR_DATA: req_count=2, req/min=0.08, avg_time=0.017614s, max_time=0.020196s, min_time=0.015032s; PUT_DATA: req_count=18, req/min=0.76, avg_time=0.014287s, max_time=0.019051s, min_time=0.006668s
(SimpleStorageUnit pid=2270) 2026-09-15 01:42:09,277 - INFO - transfer_queue.utils.perf_utils - TQ_STORAGE_UNIT_14be62ca: [Performance] Total success requests: 22, Total req/min: 0.93, Total avg process time: 0.0147s;
(SimpleStorageUnit pid=2270) Time range: last 23.65 minutes;
(TransferQueueController pid=2198) 2026-09-15 01:46:09,834 - INFO - transfer_queue.utils.perf_utils - TQ_CONTROLLER_bdabb3eb: [Performance] Total success requests: 241, Total req/min: 48.08, Total avg process time: 0.0002s;
(TransferQueueController pid=2198) Time range: last 5.01 minutes;
(TransferQueueController pid=2198) Per-operation statistics: SET_CUSTOM_META: req_count=43, req/min=8.58, avg_time=0.000021s, max_time=0.000068s, min_time=0.000010s; KV_RETRIEVE_META: req_count=42, req/min=8.38, avg_time=0.000483s, max_time=0.001170s, min_time=0.000177s; KV_LIST: req_count=151, req/min=30.13, avg_time=0.000103s, max_time=0.000224s, min_time=0.000041s; NOTIFY_DATA_UPDATE: req_count=5, req/min=1.00, avg_time=0.000368s, max_time=0.000479s, min_time=0.000212s
(SimpleStorageUnit pid=2270) Per-operation statistics: PUT_DATA: req_count=6, req/min=1.01, avg_time=0.013751s, max_time=0.015488s, min_time=0.006371s
(SimpleStorageUnit pid=2270) 2026-09-15 01:48:05,516 - INFO - transfer_queue.utils.perf_utils - TQ_STORAGE_UNIT_14be62ca: [Performance] Total success requests: 6, Total req/min: 1.01, Total avg process time: 0.0138s;
(SimpleStorageUnit pid=2270) Time range: last 5.94 minutes;
(TransferQueueController pid=2198) 2026-09-15 01:51:10,511 - INFO - transfer_queue.utils.perf_utils - TQ_CONTROLLER_bdabb3eb: [Performance] Total success requests: 175, Total req/min: 34.92, Total avg process time: 0.0002s;
(TransferQueueController pid=2198) Time range: last 5.01 minutes;
(TransferQueueController pid=2198) Per-operation statistics: KV_LIST: req_count=150, req/min=29.93, avg_time=0.000118s, max_time=0.000274s, min_time=0.000062s; KV_RETRIEVE_META: req_count=10, req/min=2.00, avg_time=0.000722s, max_time=0.000897s, min_time=0.000406s; NOTIFY_DATA_UPDATE: req_count=5, req/min=1.00, avg_time=0.000436s, max_time=0.000451s, min_time=0.000417s; SET_CUSTOM_META: req_count=10, req/min=2.00, avg_time=0.000057s, max_time=0.000078s, min_time=0.000050s
(SimpleStorageUnit pid=2270) Per-operation statistics: PUT_DATA: req_count=6, req/min=1.01, avg_time=0.015162s, max_time=0.015593s, min_time=0.014891s
(SimpleStorageUnit pid=2270) 2026-09-15 01:54:01,865 - INFO - transfer_queue.utils.perf_utils - TQ_STORAGE_UNIT_14be62ca: [Performance] Total success requests: 6, Total req/min: 1.01, Total avg process time: 0.0152s;
(SimpleStorageUnit pid=2270) Time range: last 5.94 minutes;
(TransferQueueController pid=2198) 2026-09-15 01:56:11,160 - INFO - transfer_queue.utils.perf_utils - TQ_CONTROLLER_bdabb3eb: [Performance] Total success requests: 175, Total req/min: 34.92, Total avg process time: 0.0002s;
(TransferQueueController pid=2198) Time range: last 5.01 minutes;
(TransferQueueController pid=2198) Per-operation statistics: KV_LIST: req_count=150, req/min=29.94, avg_time=0.000124s, max_time=0.000178s, min_time=0.000050s; KV_RETRIEVE_META: req_count=10, req/min=2.00, avg_time=0.000774s, max_time=0.000987s, min_time=0.000616s; NOTIFY_DATA_UPDATE: req_count=5, req/min=1.00, avg_time=0.000441s, max_time=0.000558s, min_time=0.000400s; SET_CUSTOM_META: req_count=10, req/min=2.00, avg_time=0.000057s, max_time=0.000067s, min_time=0.000050s
(SimpleStorageUnit pid=2270) Per-operation statistics: PUT_DATA: req_count=6, req/min=1.01, avg_time=0.015105s, max_time=0.015345s, min_time=0.015002s
(SimpleStorageUnit pid=2270) 2026-09-15 01:59:58,632 - INFO - transfer_queue.utils.perf_utils - TQ_STORAGE_UNIT_14be62ca: [Performance] Total success requests: 6, Total req/min: 1.01, Total avg process time: 0.0151s;
(SimpleStorageUnit pid=2270) Time range: last 5.95 minutes;
(TransferQueueController pid=2198) 2026-09-15 02:01:11,864 - INFO - transfer_queue.utils.perf_utils - TQ_CONTROLLER_bdabb3eb: [Performance] Total success requests: 175, Total req/min: 34.92, Total avg process time: 0.0002s;
(TransferQueueController pid=2198) Time range: last 5.01 minutes;
(TransferQueueController pid=2198) Per-operation statistics: KV_LIST: req_count=150, req/min=29.93, avg_time=0.000124s, max_time=0.000216s, min_time=0.000058s; KV_RETRIEVE_META: req_count=10, req/min=2.00, avg_time=0.000741s, max_time=0.001021s, min_time=0.000613s; NOTIFY_DATA_UPDATE: req_count=5, req/min=1.00, avg_time=0.000428s, max_time=0.000488s, min_time=0.000397s; SET_CUSTOM_META: req_count=10, req/min=2.00, avg_time=0.000056s, max_time=0.000074s, min_time=0.000050s
(SimpleStorageUnit pid=2270) Per-operation statistics: PUT_DATA: req_count=6, req/min=1.01, avg_time=0.016019s, max_time=0.020309s, min_time=0.015098s
(SimpleStorageUnit pid=2270) 2026-09-15 02:05:54,637 - INFO - transfer_queue.utils.perf_utils - TQ_STORAGE_UNIT_14be62ca: [Performance] Total success requests: 6, Total req/min: 1.01, Total avg process time: 0.0160s;
(SimpleStorageUnit pid=2270) Time range: last 5.93 minutes;
(TransferQueueController pid=2198) 2026-09-15 02:06:12,587 - INFO - transfer_queue.utils.perf_utils - TQ_CONTROLLER_bdabb3eb: [Performance] Total success requests: 175, Total req/min: 34.92, Total avg process time: 0.0002s;
(TransferQueueController pid=2198) Time range: last 5.01 minutes;
(TransferQueueController pid=2198) Per-operation statistics: KV_LIST: req_count=150, req/min=29.93, avg_time=0.000130s, max_time=0.000201s, min_time=0.000056s; KV_RETRIEVE_META: req_count=10, req/min=2.00, avg_time=0.000674s, max_time=0.000901s, min_time=0.000258s; NOTIFY_DATA_UPDATE: req_count=5, req/min=1.00, avg_time=0.000447s, max_time=0.000486s, min_time=0.000399s; SET_CUSTOM_META: req_count=10, req/min=2.00, avg_time=0.000048s, max_time=0.000067s, min_time=0.000019s
(TransferQueueController pid=2198) 2026-09-15 02:11:13,289 - INFO - transfer_queue.utils.perf_utils - TQ_CONTROLLER_bdabb3eb: [Performance] Total success requests: 175, Total req/min: 34.92, Total avg process time: 0.0002s;
(TransferQueueController pid=2198) Time range: last 5.01 minutes;
(TransferQueueController pid=2198) Per-operation statistics: KV_LIST: req_count=150, req/min=29.93, avg_time=0.000133s, max_time=0.000194s, min_time=0.000062s; KV_RETRIEVE_META: req_count=10, req/min=2.00, avg_time=0.000773s, max_time=0.000906s, min_time=0.000626s; NOTIFY_DATA_UPDATE: req_count=5, req/min=1.00, avg_time=0.000446s, max_time=0.000521s, min_time=0.000397s; SET_CUSTOM_META: req_count=10, req/min=2.00, avg_time=0.000060s, max_time=0.000072s, min_time=0.000050s
(SimpleStorageUnit pid=2270) 2026-09-15 02:11:52,426 - INFO - transfer_queue.utils.perf_utils - TQ_STORAGE_UNIT_14be62ca: [Performance] Total success requests: 6, Total req/min: 1.01, Total avg process time: 0.0136s;
(SimpleStorageUnit pid=2270) Time range: last 5.96 minutes;
(SimpleStorageUnit pid=2270) Per-operation statistics: PUT_DATA: req_count=6, req/min=1.01, avg_time=0.013624s, max_time=0.015570s, min_time=0.005550s
(DiffusionTaskRunnerV1 pid=2013) Dumped diffusion generations to /work/evidence/ocr-v1-100-12/validation/80.jsonl
(DiffusionTaskRunnerV1 pid=2013)
Diffusion Training:  80%|████████  | 80/100 [22:56:08<10:47:16, 1941.81s/it]
(DiffusionTaskRunnerV1 pid=2013) step:80 - actor/policy_loss:8.696565788984298 - actor/positive_loss:0.17400561879621818 - actor/negative_loss:0.17386035132221878 - actor/ref_kl_loss:0.01981773376464844 - actor/old_deviate:0.0006906092166900635 - actor/reward_prob_mean:0.49999999068677425 - actor/total_loss:8.69656778126955 - actor/loss:8.696568012237549 - actor/grad_norm:0.0628662109375 - actor/lr:0.0003 - perf/mfu/actor:0.037769784821897204 - old_policy/update_applied:1.0 - old_policy/copy_update:0.0 - old_policy/ema_update:1.0 - old_policy/decay:0.0375 - val-core/flow_grpo/ocr/reward/mean@1:np.float64(0.8364970255643129) - val-aux/num_turns/min:2 - val-aux/num_turns/max:2 - val-aux/num_turns/mean:np.float64(2.0) - training/global_step:80 - training/epoch:0 - critic/rewards/mean:0.7075567841529846 - critic/rewards/max:1.0 - critic/rewards/min:0.0 - critic/rewards/zero_std_ratio:0.0 - critic/rewards/std_mean:0.29596322774887085 - critic/rewards/group_size:4.0 - timing_s/feed:0.05395925894845277 - timing_s/gen:241.91918004793115 - timing_s/reward:12.854482638998888 - timing_s/prepare_actor_batch:0.054180936072953045 - timing_s/update_actor:826.5975606950233 - timing_s/save_checkpoint:269.6503914479399 - timing_s/update_weights:7.220829221070744 - timing_s/step:1358.5052215559408 - timing_s/testing:1922.2550255090464 - timing_per_image_ms/gen:15119.948752995697 - timing_per_image_ms/update_actor:51662.347543438955 - perf/total_num_images:16 - perf/time_per_step:1358.5052215559408 - perf/throughput:0.005888825359712152 - training/off_policy/trajectory_spans/mean:np.float64(1.0) - training/off_policy/trajectory_spans/max:np.int64(1) - training/off_policy/trajectory_spans/min:np.int64(1) - training/off_policy/trajectory_staleness/mean:np.float64(-1.0) - training/off_policy/trajectory_staleness/max:np.int64(-1) - training/off_policy/trajectory_staleness/min:np.int64(-1) - training/off_policy/trajectory_staleness_worst/mean:np.float64(-1.0) - training/off_policy/trajectory_staleness_worst/max:np.int64(-1) - training/off_policy/trajectory_staleness_worst/min:np.int64(-1)
(DiffusionTaskRunnerV1 pid=2013) Dumped diffusion generations to /work/evidence/ocr-v1-100-12/rollouts/80.jsonl
(TransferQueueController pid=2198) 2026-09-15 02:16:14,219 - INFO - transfer_queue.utils.perf_utils - TQ_CONTROLLER_bdabb3eb: [Performance] Total success requests: 209, Total req/min: 41.67, Total avg process time: 0.0003s;
(TransferQueueController pid=2198) Time range: last 5.02 minutes;
(TransferQueueController pid=2198) Per-operation statistics: KV_LIST: req_count=142, req/min=28.31, avg_time=0.000105s, max_time=0.000185s, min_time=0.000028s; KV_RETRIEVE_META: req_count=28, req/min=5.58, avg_time=0.001117s, max_time=0.003909s, min_time=0.000379s; NOTIFY_DATA_UPDATE: req_count=14, req/min=2.79, avg_time=0.000399s, max_time=0.000574s, min_time=0.000170s; SET_CUSTOM_META: req_count=22, req/min=4.39, avg_time=0.000052s, max_time=0.000079s, min_time=0.000016s; CLEAR_META: req_count=3, req/min=0.60, avg_time=0.000423s, max_time=0.000509s, min_time=0.000344s
(SimpleStorageUnit pid=2270) Per-operation statistics: PUT_DATA: req_count=16, req/min=3.16, avg_time=0.014511s, max_time=0.018949s, min_time=0.006621s; CLEAR_DATA: req_count=3, req/min=0.59, avg_time=0.015618s, max_time=0.016329s, min_time=0.015051s; GET_DATA: req_count=3, req/min=0.59, avg_time=0.015247s, max_time=0.016186s, min_time=0.014629s
(SimpleStorageUnit pid=2270) 2026-09-15 02:16:56,322 - INFO - transfer_queue.utils.perf_utils - TQ_STORAGE_UNIT_14be62ca: [Performance] Total success requests: 22, Total req/min: 4.34, Total avg process time: 0.0148s;
(SimpleStorageUnit pid=2270) Time range: last 5.06 minutes;
(WorkerDict pid=2434) /usr/local/lib/python3.12/dist-packages/torch/distributed/fsdp/_fully_shard/_fsdp_state.py:331: UserWarning: FSDP2-wrapped module (FSDPQwenImageTransformer2DModel) returned a view tensor. An in-place op on this view (e.g., `x += y`) will silently drop the pre-backward hook and skip the all-gather, which can cause backward to fail or produce wrong gradients. Use out-of-place ops (`out = out + y`, not `out += y`) or `.clone()` the output before any in-place op.
(WorkerDict pid=2434)   output = self._register_pre_backward_hook(output)
(WorkerDict pid=2435) INFO:2026-09-15 02:33:45,837:[Rank 1] Saved model to /work/evidence/ocr-v1-100-12/checkpoints/global_step_81/actor/model_world_size_2_rank_1.pt
(WorkerDict pid=2435) /usr/local/lib/python3.12/dist-packages/torch/distributed/fsdp/_fully_shard/_fsdp_state.py:331: UserWarning: FSDP2-wrapped module (FSDPQwenImageTransformer2DModel) returned a view tensor. An in-place op on this view (e.g., `x += y`) will silently drop the pre-backward hook and skip the all-gather, which can cause backward to fail or produce wrong gradients. Use out-of-place ops (`out = out + y`, not `out += y`) or `.clone()` the output before any in-place op.
(WorkerDict pid=2435)   output = self._register_pre_backward_hook(output)
(WorkerDict pid=2435) INFO:2026-09-15 02:33:56,603:[Rank 1] Saved optim to /work/evidence/ocr-v1-100-12/checkpoints/global_step_81/actor/optim_world_size_2_rank_1.pt
(WorkerDict pid=2435) INFO:2026-09-15 02:33:57,168:[Rank 1] Saved extra_state to /work/evidence/ocr-v1-100-12/checkpoints/global_step_81/actor/extra_state_world_size_2_rank_1.pt
(WorkerDict pid=2434) /work/verl-core/verl/plugin/platform/platform_cuda.py:99: FutureWarning: torch.cuda._set_allocator_settings is deprecated. Use torch._C._accelerator_setAllocatorSettings instead.
(WorkerDict pid=2434)   torch.cuda.memory._set_allocator_settings(settings)
(TransferQueueController pid=2198) 2026-09-15 02:35:51,436 - INFO - transfer_queue.utils.perf_utils - TQ_CONTROLLER_bdabb3eb: [Performance] Total success requests: 54, Total req/min: 2.75, Total avg process time: 0.0003s;
(TransferQueueController pid=2198) Time range: last 19.62 minutes;
(TransferQueueController pid=2198) Per-operation statistics: KV_LIST: req_count=29, req/min=1.48, avg_time=0.000103s, max_time=0.000153s, min_time=0.000084s; KV_RETRIEVE_META: req_count=11, req/min=0.56, avg_time=0.001103s, max_time=0.002456s, min_time=0.000651s; NOTIFY_DATA_UPDATE: req_count=5, req/min=0.25, avg_time=0.000416s, max_time=0.000439s, min_time=0.000390s; SET_CUSTOM_META: req_count=8, req/min=0.41, avg_time=0.000057s, max_time=0.000078s, min_time=0.000050s; CLEAR_META: req_count=1, req/min=0.05, avg_time=0.000276s, max_time=0.000276s, min_time=0.000276s
(WorkerDict pid=2435) /work/verl-core/verl/plugin/platform/platform_cuda.py:99: FutureWarning: torch.cuda._set_allocator_settings is deprecated. Use torch._C._accelerator_setAllocatorSettings instead.
(WorkerDict pid=2435)   torch.cuda.memory._set_allocator_settings(settings)
(SimpleStorageUnit pid=2270) Per-operation statistics: PUT_DATA: req_count=2, req/min=0.11, avg_time=0.014976s, max_time=0.014995s, min_time=0.014958s; CLEAR_DATA: req_count=1, req/min=0.05, avg_time=0.014845s, max_time=0.014845s, min_time=0.014845s; GET_DATA: req_count=2, req/min=0.11, avg_time=0.014879s, max_time=0.014918s, min_time=0.014841s
(DiffusionTaskRunnerV1 pid=2013)
Diffusion Training:  81%|████████  | 81/100 [23:18:48<9:19:37, 1767.26s/it]
(DiffusionTaskRunnerV1 pid=2013) step:81 - actor/policy_loss:9.114056617766618 - actor/positive_loss:0.1821788994828239 - actor/negative_loss:0.1823582996032201 - actor/ref_kl_loss:0.01919269561767578 - actor/old_deviate:0.0002601869404315948 - actor/reward_prob_mean:0.5000000055879354 - actor/total_loss:9.114058542624115 - actor/loss:9.11405897140503 - actor/grad_norm:0.1005859375 - actor/lr:0.0003 - perf/mfu/actor:0.037843862689045646 - old_policy/update_applied:0.0 - old_policy/copy_update:0.0 - old_policy/ema_update:0.0 - old_policy/decay:0.0 - training/global_step:81 - training/epoch:0 - critic/rewards/mean:0.8956043720245361 - critic/rewards/max:1.0 - critic/rewards/min:0.2142857164144516 - critic/rewards/zero_std_ratio:0.5 - critic/rewards/std_mean:0.09255913645029068 - critic/rewards/group_size:4.0 - timing_s/feed:0.05500417703296989 - timing_s/gen:241.98805416398682 - timing_s/reward:13.165074765915051 - timing_s/prepare_actor_batch:0.05389762297272682 - timing_s/update_actor:823.0998556939885 - timing_s/save_checkpoint:272.5510122369742 - timing_s/update_weights:8.575887572020292 - timing_s/step:1359.6303767560748 - timing_per_image_ms/gen:15124.253385249176 - timing_per_image_ms/update_actor:51443.74098087428 - perf/total_num_images:16 - perf/time_per_step:1359.6303767560748 - perf/throughput:0.005883952092249586 - training/off_policy/trajectory_spans/mean:np.float64(1.0) - training/off_policy/trajectory_spans/max:np.int64(1) - training/off_policy/trajectory_spans/min:np.int64(1) - training/off_policy/trajectory_staleness/mean:np.float64(-1.0) - training/off_policy/trajectory_staleness/max:np.int64(-1) - training/off_policy/trajectory_staleness/min:np.int64(-1) - training/off_policy/trajectory_staleness_worst/mean:np.float64(-1.0) - training/off_policy/trajectory_staleness_worst/max:np.int64(-1) - training/off_policy/trajectory_staleness_worst/min:np.int64(-1)
(DiffusionTaskRunnerV1 pid=2013) Dumped diffusion generations to /work/evidence/ocr-v1-100-12/rollouts/81.jsonl
(WorkerDict pid=2434) /usr/local/lib/python3.12/dist-packages/torch/distributed/fsdp/_fully_shard/_fsdp_state.py:331: UserWarning: FSDP2-wrapped module (FSDPQwenImageTransformer2DModel) returned a view tensor. An in-place op on this view (e.g., `x += y`) will silently drop the pre-backward hook and skip the all-gather, which can cause backward to fail or produce wrong gradients. Use out-of-place ops (`out = out + y`, not `out += y`) or `.clone()` the output before any in-place op.
(WorkerDict pid=2434)   output = self._register_pre_backward_hook(output)
(SimpleStorageUnit pid=2270) 2026-09-15 02:35:51,470 - INFO - transfer_queue.utils.perf_utils - TQ_STORAGE_UNIT_14be62ca: [Performance] Total success requests: 5, Total req/min: 0.26, Total avg process time: 0.0149s;
(SimpleStorageUnit pid=2270) Time range: last 18.92 minutes;
(WorkerDict pid=2435) INFO:2026-09-15 02:56:31,970:[Rank 1] Saved model to /work/evidence/ocr-v1-100-12/checkpoints/global_step_82/actor/model_world_size_2_rank_1.pt
(WorkerDict pid=2435) /usr/local/lib/python3.12/dist-packages/torch/distributed/fsdp/_fully_shard/_fsdp_state.py:331: UserWarning: FSDP2-wrapped module (FSDPQwenImageTransformer2DModel) returned a view tensor. An in-place op on this view (e.g., `x += y`) will silently drop the pre-backward hook and skip the all-gather, which can cause backward to fail or produce wrong gradients. Use out-of-place ops (`out = out + y`, not `out += y`) or `.clone()` the output before any in-place op.
(WorkerDict pid=2435)   output = self._register_pre_backward_hook(output)
(WorkerDict pid=2435) INFO:2026-09-15 02:56:42,487:[Rank 1] Saved optim to /work/evidence/ocr-v1-100-12/checkpoints/global_step_82/actor/optim_world_size_2_rank_1.pt
(WorkerDict pid=2435) INFO:2026-09-15 02:56:42,775:[Rank 1] Saved extra_state to /work/evidence/ocr-v1-100-12/checkpoints/global_step_82/actor/extra_state_world_size_2_rank_1.pt
(WorkerDict pid=2434) /work/verl-core/verl/plugin/platform/platform_cuda.py:99: FutureWarning: torch.cuda._set_allocator_settings is deprecated. Use torch._C._accelerator_setAllocatorSettings instead.
(WorkerDict pid=2434)   torch.cuda.memory._set_allocator_settings(settings)
(TransferQueueController pid=2198) 2026-09-15 02:58:38,689 - INFO - transfer_queue.utils.perf_utils - TQ_CONTROLLER_bdabb3eb: [Performance] Total success requests: 197, Total req/min: 8.65, Total avg process time: 0.0003s;
(TransferQueueController pid=2198) Time range: last 22.79 minutes;
(TransferQueueController pid=2198) Per-operation statistics: KV_RETRIEVE_META: req_count=31, req/min=1.36, avg_time=0.001014s, max_time=0.002673s, min_time=0.000440s; CLEAR_META: req_count=2, req/min=0.09, avg_time=0.000338s, max_time=0.000389s, min_time=0.000288s; SET_CUSTOM_META: req_count=26, req/min=1.14, avg_time=0.000054s, max_time=0.000069s, min_time=0.000020s; KV_LIST: req_count=121, req/min=5.31, avg_time=0.000100s, max_time=0.000311s, min_time=0.000034s; NOTIFY_DATA_UPDATE: req_count=17, req/min=0.75, avg_time=0.000423s, max_time=0.000543s, min_time=0.000189s
(WorkerDict pid=2435) /work/verl-core/verl/plugin/platform/platform_cuda.py:99: FutureWarning: torch.cuda._set_allocator_settings is deprecated. Use torch._C._accelerator_setAllocatorSettings instead.
(WorkerDict pid=2435)   torch.cuda.memory._set_allocator_settings(settings)
(SimpleStorageUnit pid=2270) Per-operation statistics: GET_DATA: req_count=3, req/min=0.13, avg_time=0.015124s, max_time=0.015180s, min_time=0.015081s; CLEAR_DATA: req_count=2, req/min=0.09, avg_time=0.014333s, max_time=0.014970s, min_time=0.013696s; PUT_DATA: req_count=17, req/min=0.75, avg_time=0.014738s, max_time=0.022046s, min_time=0.005225s
(DiffusionTaskRunnerV1 pid=2013)
Diffusion Training:  82%|████████▏ | 82/100 [23:41:35<8:14:10, 1647.27s/it]
(DiffusionTaskRunnerV1 pid=2013) step:82 - actor/policy_loss:8.894623117521405 - actor/positive_loss:0.1776948280632496 - actor/negative_loss:0.17809215653687716 - actor/ref_kl_loss:0.022439289093017577 - actor/old_deviate:0.0009264051914215088 - actor/reward_prob_mean:0.5000000055879354 - actor/total_loss:8.894625362381339 - actor/loss:8.894625663757324 - actor/grad_norm:0.031494140625 - actor/lr:0.0003 - perf/mfu/actor:0.037791140293595815 - old_policy/update_applied:1.0 - old_policy/copy_update:0.0 - old_policy/ema_update:1.0 - old_policy/decay:0.0525 - training/global_step:82 - training/epoch:0 - critic/rewards/mean:0.7357730865478516 - critic/rewards/max:1.0 - critic/rewards/min:0.0 - critic/rewards/zero_std_ratio:0.0 - critic/rewards/std_mean:0.07876842468976974 - critic/rewards/group_size:4.0 - timing_s/feed:0.05595361499581486 - timing_s/gen:241.88162749703042 - timing_s/reward:12.962118498049676 - timing_s/prepare_actor_batch:0.04956632596440613 - timing_s/update_actor:828.0302034439519 - timing_s/save_checkpoint:276.5730822440237 - timing_s/update_weights:7.223330287029967 - timing_s/step:1366.9118207510328 - timing_per_image_ms/gen:15117.601718564401 - timing_per_image_ms/update_actor:51751.887715246994 - perf/total_num_images:16 - perf/time_per_step:1366.9118207510328 - perf/throughput:0.00585260868956748 - training/off_policy/trajectory_spans/mean:np.float64(1.0) - training/off_policy/trajectory_spans/max:np.int64(1) - training/off_policy/trajectory_spans/min:np.int64(1) - training/off_policy/trajectory_staleness/mean:np.float64(-1.0) - training/off_policy/trajectory_staleness/max:np.int64(-1) - training/off_policy/trajectory_staleness/min:np.int64(-1) - training/off_policy/trajectory_staleness_worst/mean:np.float64(-1.0) - training/off_policy/trajectory_staleness_worst/max:np.int64(-1) - training/off_policy/trajectory_staleness_worst/min:np.int64(-1)
(DiffusionTaskRunnerV1 pid=2013) Dumped diffusion generations to /work/evidence/ocr-v1-100-12/rollouts/82.jsonl
(WorkerDict pid=2434) /usr/local/lib/python3.12/dist-packages/torch/distributed/fsdp/_fully_shard/_fsdp_state.py:331: UserWarning: FSDP2-wrapped module (FSDPQwenImageTransformer2DModel) returned a view tensor. An in-place op on this view (e.g., `x += y`) will silently drop the pre-backward hook and skip the all-gather, which can cause backward to fail or produce wrong gradients. Use out-of-place ops (`out = out + y`, not `out += y`) or `.clone()` the output before any in-place op.
(WorkerDict pid=2434)   output = self._register_pre_backward_hook(output)
(SimpleStorageUnit pid=2270) 2026-09-15 02:58:38,724 - INFO - transfer_queue.utils.perf_utils - TQ_STORAGE_UNIT_14be62ca: [Performance] Total success requests: 22, Total req/min: 0.97, Total avg process time: 0.0148s;
(SimpleStorageUnit pid=2270) Time range: last 22.79 minutes;
(WorkerDict pid=2435) INFO:2026-09-15 03:19:20,693:[Rank 1] Saved model to /work/evidence/ocr-v1-100-12/checkpoints/global_step_83/actor/model_world_size_2_rank_1.pt
(WorkerDict pid=2435) /usr/local/lib/python3.12/dist-packages/torch/distributed/fsdp/_fully_shard/_fsdp_state.py:331: UserWarning: FSDP2-wrapped module (FSDPQwenImageTransformer2DModel) returned a view tensor. An in-place op on this view (e.g., `x += y`) will silently drop the pre-backward hook and skip the all-gather, which can cause backward to fail or produce wrong gradients. Use out-of-place ops (`out = out + y`, not `out += y`) or `.clone()` the output before any in-place op.
(WorkerDict pid=2435)   output = self._register_pre_backward_hook(output)
(WorkerDict pid=2435) INFO:2026-09-15 03:19:32,655:[Rank 1] Saved optim to /work/evidence/ocr-v1-100-12/checkpoints/global_step_83/actor/optim_world_size_2_rank_1.pt
(WorkerDict pid=2435) INFO:2026-09-15 03:19:32,663:[Rank 1] Saved extra_state to /work/evidence/ocr-v1-100-12/checkpoints/global_step_83/actor/extra_state_world_size_2_rank_1.pt
(WorkerDict pid=2434) /work/verl-core/verl/plugin/platform/platform_cuda.py:99: FutureWarning: torch.cuda._set_allocator_settings is deprecated. Use torch._C._accelerator_setAllocatorSettings instead.
(WorkerDict pid=2434)   torch.cuda.memory._set_allocator_settings(settings)
(TransferQueueController pid=2198) 2026-09-15 03:21:47,080 - INFO - transfer_queue.utils.perf_utils - TQ_CONTROLLER_bdabb3eb: [Performance] Total success requests: 197, Total req/min: 8.51, Total avg process time: 0.0003s;
(TransferQueueController pid=2198) Time range: last 23.14 minutes;
(TransferQueueController pid=2198) Per-operation statistics: KV_RETRIEVE_META: req_count=31, req/min=1.34, avg_time=0.001105s, max_time=0.004031s, min_time=0.000414s; CLEAR_META: req_count=2, req/min=0.09, avg_time=0.000368s, max_time=0.000412s, min_time=0.000324s; SET_CUSTOM_META: req_count=26, req/min=1.12, avg_time=0.000059s, max_time=0.000091s, min_time=0.000041s; KV_LIST: req_count=121, req/min=5.23, avg_time=0.000099s, max_time=0.000159s, min_time=0.000045s; NOTIFY_DATA_UPDATE: req_count=17, req/min=0.73, avg_time=0.000457s, max_time=0.000645s, min_time=0.000399s
(WorkerDict pid=2435) /work/verl-core/verl/plugin/platform/platform_cuda.py:99: FutureWarning: torch.cuda._set_allocator_settings is deprecated. Use torch._C._accelerator_setAllocatorSettings instead.
(WorkerDict pid=2435)   torch.cuda.memory._set_allocator_settings(settings)
(SimpleStorageUnit pid=2270) Per-operation statistics: GET_DATA: req_count=3, req/min=0.13, avg_time=0.012087s, max_time=0.015277s, min_time=0.006406s; CLEAR_DATA: req_count=2, req/min=0.09, avg_time=0.015427s, max_time=0.015885s, min_time=0.014968s; PUT_DATA: req_count=17, req/min=0.73, avg_time=0.013595s, max_time=0.015290s, min_time=0.005480s
(DiffusionTaskRunnerV1 pid=2013)
Diffusion Training:  83%|████████▎ | 83/100 [24:04:43<7:24:43, 1569.61s/it]
(DiffusionTaskRunnerV1 pid=2013) step:83 - actor/policy_loss:9.066733813285827 - actor/positive_loss:0.1813128698267974 - actor/negative_loss:0.1813568097539246 - actor/ref_kl_loss:0.020833206176757813 - actor/old_deviate:0.00019035190343856813 - actor/reward_prob_mean:0.49999999068677425 - actor/total_loss:9.06673587076366 - actor/loss:9.066735744476318 - actor/grad_norm:0.029052734375 - actor/lr:0.0003 - perf/mfu/actor:0.038018743070951835 - old_policy/update_applied:0.0 - old_policy/copy_update:0.0 - old_policy/ema_update:0.0 - old_policy/decay:0.0 - training/global_step:83 - training/epoch:0 - critic/rewards/mean:0.9522058963775635 - critic/rewards/max:1.0 - critic/rewards/min:0.7058823704719543 - critic/rewards/zero_std_ratio:0.75 - critic/rewards/std_mean:0.019103500992059708 - critic/rewards/group_size:4.0 - timing_s/feed:0.06304399098735303 - timing_s/gen:242.00470839906484 - timing_s/reward:12.958817832986824 - timing_s/prepare_actor_batch:0.052207125001586974 - timing_s/update_actor:824.2067452489864 - timing_s/save_checkpoint:299.5982593980152 - timing_s/update_weights:8.93248092290014 - timing_s/step:1387.987533685984 - timing_per_image_ms/gen:15125.294274941552 - timing_per_image_ms/update_actor:51512.92157806165 - perf/total_num_images:16 - perf/time_per_step:1387.987533685984 - perf/throughput:0.005763740527809313 - training/off_policy/trajectory_spans/mean:np.float64(1.0) - training/off_policy/trajectory_spans/max:np.int64(1) - training/off_policy/trajectory_spans/min:np.int64(1) - training/off_policy/trajectory_staleness/mean:np.float64(-1.0) - training/off_policy/trajectory_staleness/max:np.int64(-1) - training/off_policy/trajectory_staleness/min:np.int64(-1) - training/off_policy/trajectory_staleness_worst/mean:np.float64(-1.0) - training/off_policy/trajectory_staleness_worst/max:np.int64(-1) - training/off_policy/trajectory_staleness_worst/min:np.int64(-1)
(DiffusionTaskRunnerV1 pid=2013) Dumped diffusion generations to /work/evidence/ocr-v1-100-12/rollouts/83.jsonl
(WorkerDict pid=2434) /usr/local/lib/python3.12/dist-packages/torch/distributed/fsdp/_fully_shard/_fsdp_state.py:331: UserWarning: FSDP2-wrapped module (FSDPQwenImageTransformer2DModel) returned a view tensor. An in-place op on this view (e.g., `x += y`) will silently drop the pre-backward hook and skip the all-gather, which can cause backward to fail or produce wrong gradients. Use out-of-place ops (`out = out + y`, not `out += y`) or `.clone()` the output before any in-place op.
(WorkerDict pid=2434)   output = self._register_pre_backward_hook(output)
(SimpleStorageUnit pid=2270) 2026-09-15 03:21:47,117 - INFO - transfer_queue.utils.perf_utils - TQ_STORAGE_UNIT_14be62ca: [Performance] Total success requests: 22, Total req/min: 0.95, Total avg process time: 0.0136s;
(SimpleStorageUnit pid=2270) Time range: last 23.14 minutes;
(WorkerDict pid=2435) INFO:2026-09-15 03:42:56,773:[Rank 1] Saved model to /work/evidence/ocr-v1-100-12/checkpoints/global_step_84/actor/model_world_size_2_rank_1.pt
(WorkerDict pid=2435) /usr/local/lib/python3.12/dist-packages/torch/distributed/fsdp/_fully_shard/_fsdp_state.py:331: UserWarning: FSDP2-wrapped module (FSDPQwenImageTransformer2DModel) returned a view tensor. An in-place op on this view (e.g., `x += y`) will silently drop the pre-backward hook and skip the all-gather, which can cause backward to fail or produce wrong gradients. Use out-of-place ops (`out = out + y`, not `out += y`) or `.clone()` the output before any in-place op.
(WorkerDict pid=2435)   output = self._register_pre_backward_hook(output)
(WorkerDict pid=2435) INFO:2026-09-15 03:43:07,073:[Rank 1] Saved optim to /work/evidence/ocr-v1-100-12/checkpoints/global_step_84/actor/optim_world_size_2_rank_1.pt
(WorkerDict pid=2435) INFO:2026-09-15 03:43:07,079:[Rank 1] Saved extra_state to /work/evidence/ocr-v1-100-12/checkpoints/global_step_84/actor/extra_state_world_size_2_rank_1.pt
(WorkerDict pid=2434) /work/verl-core/verl/plugin/platform/platform_cuda.py:99: FutureWarning: torch.cuda._set_allocator_settings is deprecated. Use torch._C._accelerator_setAllocatorSettings instead.
(WorkerDict pid=2434)   torch.cuda.memory._set_allocator_settings(settings)
(TransferQueueController pid=2198) 2026-09-15 03:45:01,189 - INFO - transfer_queue.utils.perf_utils - TQ_CONTROLLER_bdabb3eb: [Performance] Total success requests: 197, Total req/min: 8.48, Total avg process time: 0.0003s;
(TransferQueueController pid=2198) Time range: last 23.24 minutes;
(TransferQueueController pid=2198) Per-operation statistics: KV_RETRIEVE_META: req_count=31, req/min=1.33, avg_time=0.001070s, max_time=0.002710s, min_time=0.000365s; CLEAR_META: req_count=2, req/min=0.09, avg_time=0.000367s, max_time=0.000423s, min_time=0.000310s; SET_CUSTOM_META: req_count=26, req/min=1.12, avg_time=0.000056s, max_time=0.000104s, min_time=0.000021s; KV_LIST: req_count=121, req/min=5.21, avg_time=0.000098s, max_time=0.000174s, min_time=0.000050s; NOTIFY_DATA_UPDATE: req_count=17, req/min=0.73, avg_time=0.000431s, max_time=0.000530s, min_time=0.000262s
(WorkerDict pid=2435) /work/verl-core/verl/plugin/platform/platform_cuda.py:99: FutureWarning: torch.cuda._set_allocator_settings is deprecated. Use torch._C._accelerator_setAllocatorSettings instead.
(WorkerDict pid=2435)   torch.cuda.memory._set_allocator_settings(settings)
(SimpleStorageUnit pid=2270) Per-operation statistics: GET_DATA: req_count=3, req/min=0.13, avg_time=0.011889s, max_time=0.014763s, min_time=0.006352s; CLEAR_DATA: req_count=2, req/min=0.09, avg_time=0.010921s, max_time=0.014839s, min_time=0.007003s; PUT_DATA: req_count=17, req/min=0.73, avg_time=0.013667s, max_time=0.016872s, min_time=0.005368s
(DiffusionTaskRunnerV1 pid=2013)
Diffusion Training:  84%|████████▍ | 84/100 [24:27:57<6:44:31, 1516.95s/it]
(DiffusionTaskRunnerV1 pid=2013) step:84 - actor/policy_loss:8.002217404171825 - actor/positive_loss:0.15993777773110196 - actor/negative_loss:0.1601343310205266 - actor/ref_kl_loss:0.019485092163085936 - actor/old_deviate:0.0003839820623397827 - actor/reward_prob_mean:0.5000000111758709 - actor/total_loss:8.002219330519438 - actor/loss:8.002219438552856 - actor/grad_norm:0.0550537109375 - actor/lr:0.0003 - perf/mfu/actor:0.03721698416384098 - old_policy/update_applied:1.0 - old_policy/copy_update:0.0 - old_policy/ema_update:1.0 - old_policy/decay:0.0675 - training/global_step:84 - training/epoch:0 - critic/rewards/mean:0.9725961685180664 - critic/rewards/max:1.0 - critic/rewards/min:0.6000000238418579 - critic/rewards/zero_std_ratio:0.5 - critic/rewards/std_mean:0.04746485501527786 - critic/rewards/group_size:4.0 - timing_s/feed:0.06753848202060908 - timing_s/gen:241.96264630102087 - timing_s/reward:13.030189836048521 - timing_s/prepare_actor_batch:0.055676682968623936 - timing_s/update_actor:836.8764260960743 - timing_s/save_checkpoint:293.07329649699386 - timing_s/update_weights:8.473184663103893 - timing_s/step:1393.6972250679974 - timing_per_image_ms/gen:15122.665393813804 - timing_per_image_ms/update_actor:52304.77663100464 - perf/total_num_images:16 - perf/time_per_step:1393.6972250679974 - perf/throughput:0.005740127666258133 - training/off_policy/trajectory_spans/mean:np.float64(1.0) - training/off_policy/trajectory_spans/max:np.int64(1) - training/off_policy/trajectory_spans/min:np.int64(1) - training/off_policy/trajectory_staleness/mean:np.float64(-1.0) - training/off_policy/trajectory_staleness/max:np.int64(-1) - training/off_policy/trajectory_staleness/min:np.int64(-1) - training/off_policy/trajectory_staleness_worst/mean:np.float64(-1.0) - training/off_policy/trajectory_staleness_worst/max:np.int64(-1) - training/off_policy/trajectory_staleness_worst/min:np.int64(-1)
(DiffusionTaskRunnerV1 pid=2013) Dumped diffusion generations to /work/evidence/ocr-v1-100-12/rollouts/84.jsonl
(TransferQueueController pid=2198) Per-operation statistics: KV_RETRIEVE_META: req_count=30, req/min=5.45, avg_time=0.001039s, max_time=0.002548s, min_time=0.000455s; CLEAR_META: req_count=2, req/min=0.36, avg_time=0.000360s, max_time=0.000389s, min_time=0.000330s; SET_CUSTOM_META: req_count=25, req/min=4.54, avg_time=0.000055s, max_time=0.000083s, min_time=0.000021s; KV_LIST: req_count=125, req/min=22.69, avg_time=0.000099s, max_time=0.000164s, min_time=0.000051s; NOTIFY_DATA_UPDATE: req_count=16, req/min=2.90, avg_time=0.000441s, max_time=0.000508s, min_time=0.000398s
(TransferQueueController pid=2198) 2026-09-15 03:50:31,704 - INFO - transfer_queue.utils.perf_utils - TQ_CONTROLLER_bdabb3eb: [Performance] Total success requests: 198, Total req/min: 35.94, Total avg process time: 0.0003s;  [repeated 2x across cluster]
(TransferQueueController pid=2198) Time range: last 5.51 minutes;  [repeated 2x across cluster]
(SimpleStorageUnit pid=2270) Per-operation statistics: GET_DATA: req_count=2, req/min=0.36, avg_time=0.014772s, max_time=0.014887s, min_time=0.014656s; CLEAR_DATA: req_count=2, req/min=0.36, avg_time=0.015177s, max_time=0.015365s, min_time=0.014990s; PUT_DATA: req_count=17, req/min=3.09, avg_time=0.015788s, max_time=0.020623s, min_time=0.014947s
(WorkerDict pid=2434) /usr/local/lib/python3.12/dist-packages/torch/distributed/fsdp/_fully_shard/_fsdp_state.py:331: UserWarning: FSDP2-wrapped module (FSDPQwenImageTransformer2DModel) returned a view tensor. An in-place op on this view (e.g., `x += y`) will silently drop the pre-backward hook and skip the all-gather, which can cause backward to fail or produce wrong gradients. Use out-of-place ops (`out = out + y`, not `out += y`) or `.clone()` the output before any in-place op.
(WorkerDict pid=2434)   output = self._register_pre_backward_hook(output)
(SimpleStorageUnit pid=2270) 2026-09-15 03:50:31,739 - INFO - transfer_queue.utils.perf_utils - TQ_STORAGE_UNIT_14be62ca: [Performance] Total success requests: 21, Total req/min: 3.81, Total avg process time: 0.0156s;
(SimpleStorageUnit pid=2270) Time range: last 5.51 minutes;
(WorkerDict pid=2435) INFO:2026-09-15 04:06:54,372:[Rank 1] Saved model to /work/evidence/ocr-v1-100-12/checkpoints/global_step_85/actor/model_world_size_2_rank_1.pt
(WorkerDict pid=2435) /usr/local/lib/python3.12/dist-packages/torch/distributed/fsdp/_fully_shard/_fsdp_state.py:331: UserWarning: FSDP2-wrapped module (FSDPQwenImageTransformer2DModel) returned a view tensor. An in-place op on this view (e.g., `x += y`) will silently drop the pre-backward hook and skip the all-gather, which can cause backward to fail or produce wrong gradients. Use out-of-place ops (`out = out + y`, not `out += y`) or `.clone()` the output before any in-place op.
(WorkerDict pid=2435)   output = self._register_pre_backward_hook(output)
(WorkerDict pid=2435) INFO:2026-09-15 04:07:06,864:[Rank 1] Saved optim to /work/evidence/ocr-v1-100-12/checkpoints/global_step_85/actor/optim_world_size_2_rank_1.pt
(WorkerDict pid=2435) INFO:2026-09-15 04:07:06,869:[Rank 1] Saved extra_state to /work/evidence/ocr-v1-100-12/checkpoints/global_step_85/actor/extra_state_world_size_2_rank_1.pt
(WorkerDict pid=2434) /work/verl-core/verl/plugin/platform/platform_cuda.py:99: FutureWarning: torch.cuda._set_allocator_settings is deprecated. Use torch._C._accelerator_setAllocatorSettings instead.
(WorkerDict pid=2434)   torch.cuda.memory._set_allocator_settings(settings)
(TransferQueueController pid=2198) 2026-09-15 04:09:08,596 - INFO - transfer_queue.utils.perf_utils - TQ_CONTROLLER_bdabb3eb: [Performance] Total success requests: 3, Total req/min: 0.16, Total avg process time: 0.0011s;
(TransferQueueController pid=2198) Time range: last 18.61 minutes;
(TransferQueueController pid=2198) Per-operation statistics: NOTIFY_DATA_UPDATE: req_count=1, req/min=0.05, avg_time=0.000403s, max_time=0.000403s, min_time=0.000403s; SET_CUSTOM_META: req_count=1, req/min=0.05, avg_time=0.000057s, max_time=0.000057s, min_time=0.000057s; KV_RETRIEVE_META: req_count=1, req/min=0.05, avg_time=0.002788s, max_time=0.002788s, min_time=0.002788s
(WorkerDict pid=2435) /work/verl-core/verl/plugin/platform/platform_cuda.py:99: FutureWarning: torch.cuda._set_allocator_settings is deprecated. Use torch._C._accelerator_setAllocatorSettings instead.
(WorkerDict pid=2435)   torch.cuda.memory._set_allocator_settings(settings)
(SimpleStorageUnit pid=2270) Per-operation statistics: GET_DATA: req_count=1, req/min=0.05, avg_time=0.014556s, max_time=0.014556s, min_time=0.014556s
(DiffusionTaskRunnerV1 pid=2013)
Diffusion Training:  85%|████████▌ | 85/100 [24:52:05<6:14:01, 1496.09s/it]
(DiffusionTaskRunnerV1 pid=2013) step:85 - actor/policy_loss:9.260492780432106 - actor/positive_loss:0.18520875351969152 - actor/negative_loss:0.18521054104203358 - actor/ref_kl_loss:0.022455787658691405 - actor/old_deviate:0.00013319551944732667 - actor/reward_prob_mean:0.5 - actor/total_loss:9.260495027899742 - actor/loss:9.26049518585205 - actor/grad_norm:0.0311126708984375 - actor/lr:0.0003 - perf/mfu/actor:0.037921112923183696 - old_policy/update_applied:0.0 - old_policy/copy_update:0.0 - old_policy/ema_update:0.0 - old_policy/decay:0.0 - training/global_step:85 - training/epoch:0 - critic/rewards/mean:0.971875011920929 - critic/rewards/max:1.0 - critic/rewards/min:0.6499999761581421 - critic/rewards/zero_std_ratio:0.75 - critic/rewards/std_mean:0.03576726093888283 - critic/rewards/group_size:4.0 - timing_s/feed:0.05829888896550983 - timing_s/gen:249.92285478697158 - timing_s/reward:79.99709439498838 - timing_s/prepare_actor_batch:0.055636306991800666 - timing_s/update_actor:822.9095775430324 - timing_s/save_checkpoint:284.41498332400806 - timing_s/update_weights:9.50151501398068 - timing_s/step:1447.0271305979695 - timing_per_image_ms/gen:15620.178424185724 - timing_per_image_ms/update_actor:51431.84859643952 - perf/total_num_images:16 - perf/time_per_step:1447.0271305979695 - perf/throughput:0.005528576369327699 - training/off_policy/trajectory_spans/mean:np.float64(1.0) - training/off_policy/trajectory_spans/max:np.int64(1) - training/off_policy/trajectory_spans/min:np.int64(1) - training/off_policy/trajectory_staleness/mean:np.float64(-1.0) - training/off_policy/trajectory_staleness/max:np.int64(-1) - training/off_policy/trajectory_staleness/min:np.int64(-1) - training/off_policy/trajectory_staleness_worst/mean:np.float64(-1.0) - training/off_policy/trajectory_staleness_worst/max:np.int64(-1) - training/off_policy/trajectory_staleness_worst/min:np.int64(-1)
(DiffusionTaskRunnerV1 pid=2013) Dumped diffusion generations to /work/evidence/ocr-v1-100-12/rollouts/85.jsonl
(WorkerDict pid=2434) /usr/local/lib/python3.12/dist-packages/torch/distributed/fsdp/_fully_shard/_fsdp_state.py:331: UserWarning: FSDP2-wrapped module (FSDPQwenImageTransformer2DModel) returned a view tensor. An in-place op on this view (e.g., `x += y`) will silently drop the pre-backward hook and skip the all-gather, which can cause backward to fail or produce wrong gradients. Use out-of-place ops (`out = out + y`, not `out += y`) or `.clone()` the output before any in-place op.
(WorkerDict pid=2434)   output = self._register_pre_backward_hook(output)
(SimpleStorageUnit pid=2270) 2026-09-15 04:09:08,630 - INFO - transfer_queue.utils.perf_utils - TQ_STORAGE_UNIT_14be62ca: [Performance] Total success requests: 1, Total req/min: 0.05, Total avg process time: 0.0146s;
(SimpleStorageUnit pid=2270) Time range: last 18.61 minutes;
(WorkerDict pid=2435) INFO:2026-09-15 04:30:03,577:[Rank 1] Saved model to /work/evidence/ocr-v1-100-12/checkpoints/global_step_86/actor/model_world_size_2_rank_1.pt
(WorkerDict pid=2435) /usr/local/lib/python3.12/dist-packages/torch/distributed/fsdp/_fully_shard/_fsdp_state.py:331: UserWarning: FSDP2-wrapped module (FSDPQwenImageTransformer2DModel) returned a view tensor. An in-place op on this view (e.g., `x += y`) will silently drop the pre-backward hook and skip the all-gather, which can cause backward to fail or produce wrong gradients. Use out-of-place ops (`out = out + y`, not `out += y`) or `.clone()` the output before any in-place op.
(WorkerDict pid=2435)   output = self._register_pre_backward_hook(output)
(WorkerDict pid=2435) INFO:2026-09-15 04:30:12,751:[Rank 1] Saved optim to /work/evidence/ocr-v1-100-12/checkpoints/global_step_86/actor/optim_world_size_2_rank_1.pt
(WorkerDict pid=2435) INFO:2026-09-15 04:30:12,756:[Rank 1] Saved extra_state to /work/evidence/ocr-v1-100-12/checkpoints/global_step_86/actor/extra_state_world_size_2_rank_1.pt
(WorkerDict pid=2435) /work/verl-core/verl/plugin/platform/platform_cuda.py:99: FutureWarning: torch.cuda._set_allocator_settings is deprecated. Use torch._C._accelerator_setAllocatorSettings instead.
(WorkerDict pid=2435)   torch.cuda.memory._set_allocator_settings(settings)
(TransferQueueController pid=2198) 2026-09-15 04:32:28,957 - INFO - transfer_queue.utils.perf_utils - TQ_CONTROLLER_bdabb3eb: [Performance] Total success requests: 197, Total req/min: 8.44, Total avg process time: 0.0003s;
(TransferQueueController pid=2198) Time range: last 23.34 minutes;
(TransferQueueController pid=2198) Per-operation statistics: KV_RETRIEVE_META: req_count=31, req/min=1.33, avg_time=0.001079s, max_time=0.003056s, min_time=0.000422s; CLEAR_META: req_count=2, req/min=0.09, avg_time=0.000394s, max_time=0.000462s, min_time=0.000327s; SET_CUSTOM_META: req_count=26, req/min=1.11, avg_time=0.000052s, max_time=0.000084s, min_time=0.000021s; KV_LIST: req_count=121, req/min=5.18, avg_time=0.000095s, max_time=0.000269s, min_time=0.000049s; NOTIFY_DATA_UPDATE: req_count=17, req/min=0.73, avg_time=0.000390s, max_time=0.000540s, min_time=0.000198s
(WorkerDict pid=2434) /work/verl-core/verl/plugin/platform/platform_cuda.py:99: FutureWarning: torch.cuda._set_allocator_settings is deprecated. Use torch._C._accelerator_setAllocatorSettings instead.
(WorkerDict pid=2434)   torch.cuda.memory._set_allocator_settings(settings)
(SimpleStorageUnit pid=2270) Per-operation statistics: GET_DATA: req_count=3, req/min=0.13, avg_time=0.014839s, max_time=0.014928s, min_time=0.014743s; CLEAR_DATA: req_count=2, req/min=0.09, avg_time=0.016892s, max_time=0.018856s, min_time=0.014928s; PUT_DATA: req_count=17, req/min=0.73, avg_time=0.014802s, max_time=0.020229s, min_time=0.006259s
(DiffusionTaskRunnerV1 pid=2013)
Diffusion Training:  86%|████████▌ | 86/100 [25:15:25<5:42:23, 1467.38s/it]
(DiffusionTaskRunnerV1 pid=2013) step:86 - actor/policy_loss:8.629791566357017 - actor/positive_loss:0.17261250796727837 - actor/negative_loss:0.17256999091478065 - actor/ref_kl_loss:0.023339557647705077 - actor/old_deviate:0.0005602002143859863 - actor/reward_prob_mean:0.5000000279396772 - actor/total_loss:8.62979389503598 - actor/loss:8.629793643951416 - actor/grad_norm:0.04296875 - actor/lr:0.0003 - perf/mfu/actor:0.03817105524295486 - old_policy/update_applied:1.0 - old_policy/copy_update:0.0 - old_policy/ema_update:1.0 - old_policy/decay:0.08249999999999999 - training/global_step:86 - training/epoch:0 - critic/rewards/mean:0.9967105388641357 - critic/rewards/max:1.0 - critic/rewards/min:0.9473684430122375 - critic/rewards/zero_std_ratio:0.75 - critic/rewards/std_mean:0.005697533022612333 - critic/rewards/group_size:4.0 - timing_s/feed:0.06312950095161796 - timing_s/gen:241.96720681805164 - timing_s/reward:13.103653880069032 - timing_s/prepare_actor_batch:0.05494702002033591 - timing_s/update_actor:826.8002715210896 - timing_s/save_checkpoint:309.26883451698814 - timing_s/update_weights:8.570449405931868 - timing_s/step:1399.9819954599952 - timing_per_image_ms/gen:15122.950426128227 - timing_per_image_ms/update_actor:51675.0169700681 - perf/total_num_images:16 - perf/time_per_step:1399.9819954599952 - perf/throughput:0.005714359203149196 - training/off_policy/trajectory_spans/mean:np.float64(1.0) - training/off_policy/trajectory_spans/max:np.int64(1) - training/off_policy/trajectory_spans/min:np.int64(1) - training/off_policy/trajectory_staleness/mean:np.float64(-1.0) - training/off_policy/trajectory_staleness/max:np.int64(-1) - training/off_policy/trajectory_staleness/min:np.int64(-1) - training/off_policy/trajectory_staleness_worst/mean:np.float64(-1.0) - training/off_policy/trajectory_staleness_worst/max:np.int64(-1) - training/off_policy/trajectory_staleness_worst/min:np.int64(-1)
(DiffusionTaskRunnerV1 pid=2013) Dumped diffusion generations to /work/evidence/ocr-v1-100-12/rollouts/86.jsonl
(WorkerDict pid=2434) /usr/local/lib/python3.12/dist-packages/torch/distributed/fsdp/_fully_shard/_fsdp_state.py:331: UserWarning: FSDP2-wrapped module (FSDPQwenImageTransformer2DModel) returned a view tensor. An in-place op on this view (e.g., `x += y`) will silently drop the pre-backward hook and skip the all-gather, which can cause backward to fail or produce wrong gradients. Use out-of-place ops (`out = out + y`, not `out += y`) or `.clone()` the output before any in-place op.
(WorkerDict pid=2434)   output = self._register_pre_backward_hook(output)
(SimpleStorageUnit pid=2270) 2026-09-15 04:32:28,993 - INFO - transfer_queue.utils.perf_utils - TQ_STORAGE_UNIT_14be62ca: [Performance] Total success requests: 22, Total req/min: 0.94, Total avg process time: 0.0150s;
(SimpleStorageUnit pid=2270) Time range: last 23.34 minutes;
(WorkerDict pid=2435) INFO:2026-09-15 04:53:15,968:[Rank 1] Saved model to /work/evidence/ocr-v1-100-12/checkpoints/global_step_87/actor/model_world_size_2_rank_1.pt
(WorkerDict pid=2435) /usr/local/lib/python3.12/dist-packages/torch/distributed/fsdp/_fully_shard/_fsdp_state.py:331: UserWarning: FSDP2-wrapped module (FSDPQwenImageTransformer2DModel) returned a view tensor. An in-place op on this view (e.g., `x += y`) will silently drop the pre-backward hook and skip the all-gather, which can cause backward to fail or produce wrong gradients. Use out-of-place ops (`out = out + y`, not `out += y`) or `.clone()` the output before any in-place op.
(WorkerDict pid=2435)   output = self._register_pre_backward_hook(output)
(WorkerDict pid=2435) INFO:2026-09-15 04:53:22,707:[Rank 1] Saved optim to /work/evidence/ocr-v1-100-12/checkpoints/global_step_87/actor/optim_world_size_2_rank_1.pt
(WorkerDict pid=2435) INFO:2026-09-15 04:53:22,712:[Rank 1] Saved extra_state to /work/evidence/ocr-v1-100-12/checkpoints/global_step_87/actor/extra_state_world_size_2_rank_1.pt
(WorkerDict pid=2434) /work/verl-core/verl/plugin/platform/platform_cuda.py:99: FutureWarning: torch.cuda._set_allocator_settings is deprecated. Use torch._C._accelerator_setAllocatorSettings instead.
(WorkerDict pid=2434)   torch.cuda.memory._set_allocator_settings(settings)
(TransferQueueController pid=2198) 2026-09-15 04:55:04,180 - INFO - transfer_queue.utils.perf_utils - TQ_CONTROLLER_bdabb3eb: [Performance] Total success requests: 197, Total req/min: 8.72, Total avg process time: 0.0003s;
(TransferQueueController pid=2198) Time range: last 22.59 minutes;
(TransferQueueController pid=2198) Per-operation statistics: KV_RETRIEVE_META: req_count=31, req/min=1.37, avg_time=0.001040s, max_time=0.002746s, min_time=0.000262s; CLEAR_META: req_count=2, req/min=0.09, avg_time=0.000393s, max_time=0.000512s, min_time=0.000274s; SET_CUSTOM_META: req_count=26, req/min=1.15, avg_time=0.000048s, max_time=0.000066s, min_time=0.000018s; KV_LIST: req_count=121, req/min=5.36, avg_time=0.000096s, max_time=0.000217s, min_time=0.000039s; NOTIFY_DATA_UPDATE: req_count=17, req/min=0.75, avg_time=0.000424s, max_time=0.000636s, min_time=0.000187s
(WorkerDict pid=2435) /work/verl-core/verl/plugin/platform/platform_cuda.py:99: FutureWarning: torch.cuda._set_allocator_settings is deprecated. Use torch._C._accelerator_setAllocatorSettings instead.
(WorkerDict pid=2435)   torch.cuda.memory._set_allocator_settings(settings)
(SimpleStorageUnit pid=2270) Per-operation statistics: GET_DATA: req_count=3, req/min=0.13, avg_time=0.014961s, max_time=0.015120s, min_time=0.014775s; CLEAR_DATA: req_count=2, req/min=0.09, avg_time=0.015307s, max_time=0.015658s, min_time=0.014957s; PUT_DATA: req_count=17, req/min=0.75, avg_time=0.015658s, max_time=0.020765s, min_time=0.014678s
(DiffusionTaskRunnerV1 pid=2013)
Diffusion Training:  87%|████████▋ | 87/100 [25:38:00<5:10:38, 1433.74s/it]
(DiffusionTaskRunnerV1 pid=2013) step:87 - actor/policy_loss:10.269592041522266 - actor/positive_loss:0.2053701039403677 - actor/negative_loss:0.2054129149648361 - actor/ref_kl_loss:0.02104740142822266 - actor/old_deviate:9.207949042320252e-05 - actor/reward_prob_mean:0.49999998323619366 - actor/total_loss:10.269594106078149 - actor/loss:10.269594669342041 - actor/grad_norm:0.0294342041015625 - actor/lr:0.0003 - perf/mfu/actor:0.037893620023909974 - old_policy/update_applied:0.0 - old_policy/copy_update:0.0 - old_policy/ema_update:0.0 - old_policy/decay:0.0 - training/global_step:87 - training/epoch:0 - critic/rewards/mean:0.9947916865348816 - critic/rewards/max:1.0 - critic/rewards/min:0.9166666865348816 - critic/rewards/zero_std_ratio:0.75 - critic/rewards/std_mean:0.009021095931529999 - critic/rewards/group_size:4.0 - timing_s/feed:0.06713708897586912 - timing_s/gen:241.9550279499963 - timing_s/reward:12.853371857083403 - timing_s/prepare_actor_batch:0.053791541955433786 - timing_s/update_actor:822.532089902903 - timing_s/save_checkpoint:268.29125214903615 - timing_s/update_weights:8.94044626399409 - timing_s/step:1354.8260410639923 - timing_per_image_ms/gen:15122.189246874768 - timing_per_image_ms/update_actor:51408.255618931435 - perf/total_num_images:16 - perf/time_per_step:1354.8260410639923 - perf/throughput:0.0059048171186002005 - training/off_policy/trajectory_spans/mean:np.float64(1.0) - training/off_policy/trajectory_spans/max:np.int64(1) - training/off_policy/trajectory_spans/min:np.int64(1) - training/off_policy/trajectory_staleness/mean:np.float64(-1.0) - training/off_policy/trajectory_staleness/max:np.int64(-1) - training/off_policy/trajectory_staleness/min:np.int64(-1) - training/off_policy/trajectory_staleness_worst/mean:np.float64(-1.0) - training/off_policy/trajectory_staleness_worst/max:np.int64(-1) - training/off_policy/trajectory_staleness_worst/min:np.int64(-1)
(DiffusionTaskRunnerV1 pid=2013) Dumped diffusion generations to /work/evidence/ocr-v1-100-12/rollouts/87.jsonl
(TransferQueueController pid=2198) Per-operation statistics: KV_RETRIEVE_META: req_count=25, req/min=4.98, avg_time=0.000968s, max_time=0.002615s, min_time=0.000580s; CLEAR_META: req_count=1, req/min=0.20, avg_time=0.000532s, max_time=0.000532s, min_time=0.000532s; SET_CUSTOM_META: req_count=23, req/min=4.58, avg_time=0.000055s, max_time=0.000074s, min_time=0.000041s; KV_LIST: req_count=151, req/min=30.09, avg_time=0.000097s, max_time=0.000153s, min_time=0.000041s; NOTIFY_DATA_UPDATE: req_count=15, req/min=2.99, avg_time=0.000438s, max_time=0.000518s, min_time=0.000405s
(TransferQueueController pid=2198) 2026-09-15 05:00:05,257 - INFO - transfer_queue.utils.perf_utils - TQ_CONTROLLER_bdabb3eb: [Performance] Total success requests: 215, Total req/min: 42.85, Total avg process time: 0.0002s;  [repeated 2x across cluster]
(TransferQueueController pid=2198) Time range: last 5.02 minutes;  [repeated 2x across cluster]
(SimpleStorageUnit pid=2270) Per-operation statistics: GET_DATA: req_count=1, req/min=0.19, avg_time=0.014943s, max_time=0.014943s, min_time=0.014943s; CLEAR_DATA: req_count=1, req/min=0.19, avg_time=0.015664s, max_time=0.015664s, min_time=0.015664s; PUT_DATA: req_count=16, req/min=3.03, avg_time=0.015259s, max_time=0.015565s, min_time=0.015056s
(SimpleStorageUnit pid=2270) 2026-09-15 05:00:21,400 - INFO - transfer_queue.utils.perf_utils - TQ_STORAGE_UNIT_14be62ca: [Performance] Total success requests: 18, Total req/min: 3.41, Total avg process time: 0.0153s;
(SimpleStorageUnit pid=2270) Time range: last 5.29 minutes;
(WorkerDict pid=2434) /usr/local/lib/python3.12/dist-packages/torch/distributed/fsdp/_fully_shard/_fsdp_state.py:331: UserWarning: FSDP2-wrapped module (FSDPQwenImageTransformer2DModel) returned a view tensor. An in-place op on this view (e.g., `x += y`) will silently drop the pre-backward hook and skip the all-gather, which can cause backward to fail or produce wrong gradients. Use out-of-place ops (`out = out + y`, not `out += y`) or `.clone()` the output before any in-place op.
(WorkerDict pid=2434)   output = self._register_pre_backward_hook(output)
(WorkerDict pid=2435) INFO:2026-09-15 05:18:26,191:[Rank 1] Saved model to /work/evidence/ocr-v1-100-12/checkpoints/global_step_88/actor/model_world_size_2_rank_1.pt
(WorkerDict pid=2435) /usr/local/lib/python3.12/dist-packages/torch/distributed/fsdp/_fully_shard/_fsdp_state.py:331: UserWarning: FSDP2-wrapped module (FSDPQwenImageTransformer2DModel) returned a view tensor. An in-place op on this view (e.g., `x += y`) will silently drop the pre-backward hook and skip the all-gather, which can cause backward to fail or produce wrong gradients. Use out-of-place ops (`out = out + y`, not `out += y`) or `.clone()` the output before any in-place op.
(WorkerDict pid=2435)   output = self._register_pre_backward_hook(output)
(WorkerDict pid=2435) INFO:2026-09-15 05:18:34,421:[Rank 1] Saved optim to /work/evidence/ocr-v1-100-12/checkpoints/global_step_88/actor/optim_world_size_2_rank_1.pt
(WorkerDict pid=2435) INFO:2026-09-15 05:18:34,428:[Rank 1] Saved extra_state to /work/evidence/ocr-v1-100-12/checkpoints/global_step_88/actor/extra_state_world_size_2_rank_1.pt
(WorkerDict pid=2435) /work/verl-core/verl/plugin/platform/platform_cuda.py:99: FutureWarning: torch.cuda._set_allocator_settings is deprecated. Use torch._C._accelerator_setAllocatorSettings instead.
(WorkerDict pid=2435)   torch.cuda.memory._set_allocator_settings(settings)
(TransferQueueController pid=2198) 2026-09-15 05:20:51,332 - INFO - transfer_queue.utils.perf_utils - TQ_CONTROLLER_bdabb3eb: [Performance] Total success requests: 21, Total req/min: 1.01, Total avg process time: 0.0006s;
(TransferQueueController pid=2198) Time range: last 20.77 minutes;
(TransferQueueController pid=2198) Per-operation statistics: KV_LIST: req_count=9, req/min=0.43, avg_time=0.000106s, max_time=0.000144s, min_time=0.000080s; KV_RETRIEVE_META: req_count=6, req/min=0.29, avg_time=0.001729s, max_time=0.002731s, min_time=0.000709s; NOTIFY_DATA_UPDATE: req_count=2, req/min=0.10, avg_time=0.000406s, max_time=0.000417s, min_time=0.000395s; SET_CUSTOM_META: req_count=3, req/min=0.14, avg_time=0.000055s, max_time=0.000060s, min_time=0.000051s; CLEAR_META: req_count=1, req/min=0.05, avg_time=0.000334s, max_time=0.000334s, min_time=0.000334s
(WorkerDict pid=2434) /work/verl-core/verl/plugin/platform/platform_cuda.py:99: FutureWarning: torch.cuda._set_allocator_settings is deprecated. Use torch._C._accelerator_setAllocatorSettings instead.
(WorkerDict pid=2434)   torch.cuda.memory._set_allocator_settings(settings)
(SimpleStorageUnit pid=2270) Per-operation statistics: CLEAR_DATA: req_count=1, req/min=0.05, avg_time=0.015171s, max_time=0.015171s, min_time=0.015171s; GET_DATA: req_count=2, req/min=0.10, avg_time=0.016143s, max_time=0.017364s, min_time=0.014921s; PUT_DATA: req_count=1, req/min=0.05, avg_time=0.015359s, max_time=0.015359s, min_time=0.015359s
(DiffusionTaskRunnerV1 pid=2013)
Diffusion Training:  88%|████████▊ | 88/100 [26:03:48<4:53:33, 1467.77s/it]
(DiffusionTaskRunnerV1 pid=2013) step:88 - actor/policy_loss:8.318810278177262 - actor/positive_loss:0.16628806544467806 - actor/negative_loss:0.16646501532522961 - actor/ref_kl_loss:0.02338409423828125 - actor/old_deviate:0.00032287240028381345 - actor/reward_prob_mean:0.5 - actor/total_loss:8.318812593072654 - actor/loss:8.318812847137451 - actor/grad_norm:0.03564453125 - actor/lr:0.0003 - perf/mfu/actor:0.040593091856898425 - old_policy/update_applied:1.0 - old_policy/copy_update:0.0 - old_policy/ema_update:1.0 - old_policy/decay:0.0975 - training/global_step:88 - training/epoch:0 - critic/rewards/mean:0.9659091234207153 - critic/rewards/max:1.0 - critic/rewards/min:0.6363636255264282 - critic/rewards/zero_std_ratio:0.75 - critic/rewards/std_mean:0.034090910106897354 - critic/rewards/group_size:4.0 - timing_s/feed:0.062328028958290815 - timing_s/gen:320.4363562790677 - timing_s/reward:14.83570229599718 - timing_s/prepare_actor_batch:0.04153197992127389 - timing_s/update_actor:804.056389629026 - timing_s/save_checkpoint:398.7220418959623 - timing_s/update_weights:8.426167358993553 - timing_s/step:1546.7272356559988 - timing_per_image_ms/gen:20027.27226744173 - timing_per_image_ms/update_actor:50253.52435181412 - perf/total_num_images:16 - perf/time_per_step:1546.7272356559988 - perf/throughput:0.005172211244219176 - training/off_policy/trajectory_spans/mean:np.float64(1.0) - training/off_policy/trajectory_spans/max:np.int64(1) - training/off_policy/trajectory_spans/min:np.int64(1) - training/off_policy/trajectory_staleness/mean:np.float64(-1.0) - training/off_policy/trajectory_staleness/max:np.int64(-1) - training/off_policy/trajectory_staleness/min:np.int64(-1) - training/off_policy/trajectory_staleness_worst/mean:np.float64(-1.0) - training/off_policy/trajectory_staleness_worst/max:np.int64(-1) - training/off_policy/trajectory_staleness_worst/min:np.int64(-1)
(DiffusionTaskRunnerV1 pid=2013) Dumped diffusion generations to /work/evidence/ocr-v1-100-12/rollouts/88.jsonl
(WorkerDict pid=2434) /usr/local/lib/python3.12/dist-packages/torch/distributed/fsdp/_fully_shard/_fsdp_state.py:331: UserWarning: FSDP2-wrapped module (FSDPQwenImageTransformer2DModel) returned a view tensor. An in-place op on this view (e.g., `x += y`) will silently drop the pre-backward hook and skip the all-gather, which can cause backward to fail or produce wrong gradients. Use out-of-place ops (`out = out + y`, not `out += y`) or `.clone()` the output before any in-place op.
(WorkerDict pid=2434)   output = self._register_pre_backward_hook(output)
(SimpleStorageUnit pid=2270) 2026-09-15 05:20:51,369 - INFO - transfer_queue.utils.perf_utils - TQ_STORAGE_UNIT_14be62ca: [Performance] Total success requests: 4, Total req/min: 0.20, Total avg process time: 0.0157s;
(SimpleStorageUnit pid=2270) Time range: last 20.50 minutes;
(WorkerDict pid=2435) INFO:2026-09-15 05:38:52,570:[Rank 1] Saved model to /work/evidence/ocr-v1-100-12/checkpoints/global_step_89/actor/model_world_size_2_rank_1.pt
(WorkerDict pid=2435) /usr/local/lib/python3.12/dist-packages/torch/distributed/fsdp/_fully_shard/_fsdp_state.py:331: UserWarning: FSDP2-wrapped module (FSDPQwenImageTransformer2DModel) returned a view tensor. An in-place op on this view (e.g., `x += y`) will silently drop the pre-backward hook and skip the all-gather, which can cause backward to fail or produce wrong gradients. Use out-of-place ops (`out = out + y`, not `out += y`) or `.clone()` the output before any in-place op.
(WorkerDict pid=2435)   output = self._register_pre_backward_hook(output)
(WorkerDict pid=2435) INFO:2026-09-15 05:39:01,477:[Rank 1] Saved optim to /work/evidence/ocr-v1-100-12/checkpoints/global_step_89/actor/optim_world_size_2_rank_1.pt
(WorkerDict pid=2435) INFO:2026-09-15 05:39:01,483:[Rank 1] Saved extra_state to /work/evidence/ocr-v1-100-12/checkpoints/global_step_89/actor/extra_state_world_size_2_rank_1.pt
(WorkerDict pid=2434) /work/verl-core/verl/plugin/platform/platform_cuda.py:99: FutureWarning: torch.cuda._set_allocator_settings is deprecated. Use torch._C._accelerator_setAllocatorSettings instead.
(WorkerDict pid=2434)   torch.cuda.memory._set_allocator_settings(settings)
(TransferQueueController pid=2198) 2026-09-15 05:40:44,274 - INFO - transfer_queue.utils.perf_utils - TQ_CONTROLLER_bdabb3eb: [Performance] Total success requests: 169, Total req/min: 8.50, Total avg process time: 0.0003s;
(TransferQueueController pid=2198) Time range: last 19.88 minutes;
(TransferQueueController pid=2198) Per-operation statistics: KV_RETRIEVE_META: req_count=31, req/min=1.56, avg_time=0.001129s, max_time=0.002787s, min_time=0.000561s; CLEAR_META: req_count=2, req/min=0.10, avg_time=0.000356s, max_time=0.000414s, min_time=0.000299s; SET_CUSTOM_META: req_count=26, req/min=1.31, avg_time=0.000058s, max_time=0.000099s, min_time=0.000037s; KV_LIST: req_count=93, req/min=4.68, avg_time=0.000098s, max_time=0.000169s, min_time=0.000050s; NOTIFY_DATA_UPDATE: req_count=17, req/min=0.86, avg_time=0.000441s, max_time=0.000581s, min_time=0.000403s
(WorkerDict pid=2435) /work/verl-core/verl/plugin/platform/platform_cuda.py:99: FutureWarning: torch.cuda._set_allocator_settings is deprecated. Use torch._C._accelerator_setAllocatorSettings instead.
(WorkerDict pid=2435)   torch.cuda.memory._set_allocator_settings(settings)
(SimpleStorageUnit pid=2270) Per-operation statistics: GET_DATA: req_count=3, req/min=0.15, avg_time=0.011480s, max_time=0.014688s, min_time=0.005072s; CLEAR_DATA: req_count=2, req/min=0.10, avg_time=0.017073s, max_time=0.019109s, min_time=0.015037s; PUT_DATA: req_count=17, req/min=0.86, avg_time=0.015648s, max_time=0.021240s, min_time=0.014770s
(DiffusionTaskRunnerV1 pid=2013)
Diffusion Training:  89%|████████▉ | 89/100 [26:23:40<4:13:58, 1385.30s/it]
(DiffusionTaskRunnerV1 pid=2013) step:89 - actor/policy_loss:8.835477819293738 - actor/positive_loss:0.17668661717325448 - actor/negative_loss:0.17672497334424409 - actor/ref_kl_loss:0.020363426208496092 - actor/old_deviate:0.00010981261730194091 - actor/reward_prob_mean:0.49999999813735485 - actor/total_loss:8.835479846969246 - actor/loss:8.835479736328125 - actor/grad_norm:0.0450439453125 - actor/lr:0.0003 - perf/mfu/actor:0.04459715648156372 - old_policy/update_applied:0.0 - old_policy/copy_update:0.0 - old_policy/ema_update:0.0 - old_policy/decay:0.0 - training/global_step:89 - training/epoch:0 - critic/rewards/mean:0.815504789352417 - critic/rewards/max:1.0 - critic/rewards/min:0.0 - critic/rewards/zero_std_ratio:0.25 - critic/rewards/std_mean:0.2594591975212097 - critic/rewards/group_size:4.0 - timing_s/feed:0.053001339081674814 - timing_s/gen:185.62373822706286 - timing_s/reward:12.32638587395195 - timing_s/prepare_actor_batch:0.054592282976955175 - timing_s/update_actor:704.6716996870236 - timing_s/save_checkpoint:282.9786343179876 - timing_s/update_weights:6.635856397100724 - timing_s/step:1192.4997460979503 - timing_per_image_ms/gen:11601.483639191429 - timing_per_image_ms/update_actor:44041.98123043898 - perf/total_num_images:16 - perf/time_per_step:1192.4997460979503 - perf/throughput:0.006708596816206694 - training/off_policy/trajectory_spans/mean:np.float64(1.0) - training/off_policy/trajectory_spans/max:np.int64(1) - training/off_policy/trajectory_spans/min:np.int64(1) - training/off_policy/trajectory_staleness/mean:np.float64(-1.0) - training/off_policy/trajectory_staleness/max:np.int64(-1) - training/off_policy/trajectory_staleness/min:np.int64(-1) - training/off_policy/trajectory_staleness_worst/mean:np.float64(-1.0) - training/off_policy/trajectory_staleness_worst/max:np.int64(-1) - training/off_policy/trajectory_staleness_worst/min:np.int64(-1)
(DiffusionTaskRunnerV1 pid=2013) Dumped diffusion generations to /work/evidence/ocr-v1-100-12/rollouts/89.jsonl
(WorkerDict pid=2434) /usr/local/lib/python3.12/dist-packages/torch/distributed/fsdp/_fully_shard/_fsdp_state.py:331: UserWarning: FSDP2-wrapped module (FSDPQwenImageTransformer2DModel) returned a view tensor. An in-place op on this view (e.g., `x += y`) will silently drop the pre-backward hook and skip the all-gather, which can cause backward to fail or produce wrong gradients. Use out-of-place ops (`out = out + y`, not `out += y`) or `.clone()` the output before any in-place op.
(WorkerDict pid=2434)   output = self._register_pre_backward_hook(output)
(SimpleStorageUnit pid=2270) 2026-09-15 05:40:44,327 - INFO - transfer_queue.utils.perf_utils - TQ_STORAGE_UNIT_14be62ca: [Performance] Total success requests: 22, Total req/min: 1.11, Total avg process time: 0.0152s;
(SimpleStorageUnit pid=2270) Time range: last 19.88 minutes;
(WorkerDict pid=2435) INFO:2026-09-15 05:59:40,763:[Rank 1] Saved model to /work/evidence/ocr-v1-100-12/checkpoints/global_step_90/actor/model_world_size_2_rank_1.pt
(WorkerDict pid=2435) /usr/local/lib/python3.12/dist-packages/torch/distributed/fsdp/_fully_shard/_fsdp_state.py:331: UserWarning: FSDP2-wrapped module (FSDPQwenImageTransformer2DModel) returned a view tensor. An in-place op on this view (e.g., `x += y`) will silently drop the pre-backward hook and skip the all-gather, which can cause backward to fail or produce wrong gradients. Use out-of-place ops (`out = out + y`, not `out += y`) or `.clone()` the output before any in-place op.
(WorkerDict pid=2435)   output = self._register_pre_backward_hook(output)
(WorkerDict pid=2435) INFO:2026-09-15 05:59:51,614:[Rank 1] Saved optim to /work/evidence/ocr-v1-100-12/checkpoints/global_step_90/actor/optim_world_size_2_rank_1.pt
(WorkerDict pid=2435) INFO:2026-09-15 05:59:52,074:[Rank 1] Saved extra_state to /work/evidence/ocr-v1-100-12/checkpoints/global_step_90/actor/extra_state_world_size_2_rank_1.pt
(WorkerDict pid=2435) /work/verl-core/verl/plugin/platform/platform_cuda.py:99: FutureWarning: torch.cuda._set_allocator_settings is deprecated. Use torch._C._accelerator_setAllocatorSettings instead.
(WorkerDict pid=2435)   torch.cuda.memory._set_allocator_settings(settings)
(TransferQueueController pid=2198) 2026-09-15 06:01:52,630 - INFO - transfer_queue.utils.perf_utils - TQ_CONTROLLER_bdabb3eb: [Performance] Total success requests: 169, Total req/min: 7.99, Total avg process time: 0.0003s;
(TransferQueueController pid=2198) Time range: last 21.14 minutes;
(TransferQueueController pid=2198) Per-operation statistics: KV_RETRIEVE_META: req_count=31, req/min=1.47, avg_time=0.001085s, max_time=0.002959s, min_time=0.000448s; CLEAR_META: req_count=2, req/min=0.09, avg_time=0.000353s, max_time=0.000412s, min_time=0.000294s; SET_CUSTOM_META: req_count=26, req/min=1.23, avg_time=0.000053s, max_time=0.000063s, min_time=0.000040s; KV_LIST: req_count=93, req/min=4.40, avg_time=0.000088s, max_time=0.000144s, min_time=0.000030s; NOTIFY_DATA_UPDATE: req_count=17, req/min=0.80, avg_time=0.000421s, max_time=0.000480s, min_time=0.000403s
(WorkerDict pid=2434) /work/verl-core/verl/plugin/platform/platform_cuda.py:99: FutureWarning: torch.cuda._set_allocator_settings is deprecated. Use torch._C._accelerator_setAllocatorSettings instead.
(WorkerDict pid=2434)   torch.cuda.memory._set_allocator_settings(settings)
(SimpleStorageUnit pid=2270) Per-operation statistics: GET_DATA: req_count=3, req/min=0.14, avg_time=0.015361s, max_time=0.016631s, min_time=0.014675s; CLEAR_DATA: req_count=2, req/min=0.09, avg_time=0.015193s, max_time=0.015308s, min_time=0.015078s; PUT_DATA: req_count=17, req/min=0.80, avg_time=0.015152s, max_time=0.015375s, min_time=0.014899s
(DiffusionTaskRunnerV1 pid=2013)
Diffusion Training:  90%|█████████ | 90/100 [26:44:49<3:45:02, 1350.23s/it]
(DiffusionTaskRunnerV1 pid=2013) step:90 - actor/policy_loss:8.48192320689559 - actor/positive_loss:0.16963656701846047 - actor/negative_loss:0.16962943056132646 - actor/ref_kl_loss:0.01894073486328125 - actor/old_deviate:0.00038094222545623777 - actor/reward_prob_mean:0.49999999813735485 - actor/total_loss:8.481925121322273 - actor/loss:8.481925010681152 - actor/grad_norm:0.053070068359375 - actor/lr:0.0003 - perf/mfu/actor:0.0415158046148996 - old_policy/update_applied:1.0 - old_policy/copy_update:0.0 - old_policy/ema_update:1.0 - old_policy/decay:0.11249999999999999 - training/global_step:90 - training/epoch:0 - critic/rewards/mean:0.929347813129425 - critic/rewards/max:1.0 - critic/rewards/min:0.0 - critic/rewards/zero_std_ratio:0.75 - critic/rewards/std_mean:0.10439876466989517 - critic/rewards/group_size:4.0 - timing_s/feed:0.0659500960027799 - timing_s/gen:185.6933707400458 - timing_s/reward:12.259719714988023 - timing_s/prepare_actor_batch:0.05335735995322466 - timing_s/update_actor:776.4625283100177 - timing_s/save_checkpoint:286.685574120027 - timing_s/update_weights:6.589152675005607 - timing_s/step:1267.964680721052 - timing_per_image_ms/gen:11605.835671252862 - timing_per_image_ms/update_actor:48528.908019376104 - perf/total_num_images:16 - perf/time_per_step:1267.964680721052 - perf/throughput:0.006309324006920011 - training/off_policy/trajectory_spans/mean:np.float64(1.0) - training/off_policy/trajectory_spans/max:np.int64(1) - training/off_policy/trajectory_spans/min:np.int64(1) - training/off_policy/trajectory_staleness/mean:np.float64(-1.0) - training/off_policy/trajectory_staleness/max:np.int64(-1) - training/off_policy/trajectory_staleness/min:np.int64(-1) - training/off_policy/trajectory_staleness_worst/mean:np.float64(-1.0) - training/off_policy/trajectory_staleness_worst/max:np.int64(-1) - training/off_policy/trajectory_staleness_worst/min:np.int64(-1)
(DiffusionTaskRunnerV1 pid=2013) Dumped diffusion generations to /work/evidence/ocr-v1-100-12/rollouts/90.jsonl
(WorkerDict pid=2434) /usr/local/lib/python3.12/dist-packages/torch/distributed/fsdp/_fully_shard/_fsdp_state.py:331: UserWarning: FSDP2-wrapped module (FSDPQwenImageTransformer2DModel) returned a view tensor. An in-place op on this view (e.g., `x += y`) will silently drop the pre-backward hook and skip the all-gather, which can cause backward to fail or produce wrong gradients. Use out-of-place ops (`out = out + y`, not `out += y`) or `.clone()` the output before any in-place op.
(WorkerDict pid=2434)   output = self._register_pre_backward_hook(output)
(SimpleStorageUnit pid=2270) 2026-09-15 06:01:52,680 - INFO - transfer_queue.utils.perf_utils - TQ_STORAGE_UNIT_14be62ca: [Performance] Total success requests: 22, Total req/min: 1.04, Total avg process time: 0.0152s;
(SimpleStorageUnit pid=2270) Time range: last 21.14 minutes;
(WorkerDict pid=2435) INFO:2026-09-15 06:19:26,252:[Rank 1] Saved model to /work/evidence/ocr-v1-100-12/checkpoints/global_step_91/actor/model_world_size_2_rank_1.pt
(WorkerDict pid=2435) /usr/local/lib/python3.12/dist-packages/torch/distributed/fsdp/_fully_shard/_fsdp_state.py:331: UserWarning: FSDP2-wrapped module (FSDPQwenImageTransformer2DModel) returned a view tensor. An in-place op on this view (e.g., `x += y`) will silently drop the pre-backward hook and skip the all-gather, which can cause backward to fail or produce wrong gradients. Use out-of-place ops (`out = out + y`, not `out += y`) or `.clone()` the output before any in-place op.
(WorkerDict pid=2435)   output = self._register_pre_backward_hook(output)
(WorkerDict pid=2435) INFO:2026-09-15 06:19:37,379:[Rank 1] Saved optim to /work/evidence/ocr-v1-100-12/checkpoints/global_step_91/actor/optim_world_size_2_rank_1.pt
(WorkerDict pid=2435) INFO:2026-09-15 06:19:37,388:[Rank 1] Saved extra_state to /work/evidence/ocr-v1-100-12/checkpoints/global_step_91/actor/extra_state_world_size_2_rank_1.pt
(WorkerDict pid=2435) /work/verl-core/verl/plugin/platform/platform_cuda.py:99: FutureWarning: torch.cuda._set_allocator_settings is deprecated. Use torch._C._accelerator_setAllocatorSettings instead.
(WorkerDict pid=2435)   torch.cuda.memory._set_allocator_settings(settings)
(TransferQueueController pid=2198) 2026-09-15 06:21:41,657 - INFO - transfer_queue.utils.perf_utils - TQ_CONTROLLER_bdabb3eb: [Performance] Total success requests: 169, Total req/min: 8.53, Total avg process time: 0.0003s;
(TransferQueueController pid=2198) Time range: last 19.82 minutes;
(TransferQueueController pid=2198) Per-operation statistics: KV_RETRIEVE_META: req_count=31, req/min=1.56, avg_time=0.001009s, max_time=0.003063s, min_time=0.000563s; CLEAR_META: req_count=2, req/min=0.10, avg_time=0.000353s, max_time=0.000429s, min_time=0.000278s; SET_CUSTOM_META: req_count=26, req/min=1.31, avg_time=0.000056s, max_time=0.000079s, min_time=0.000041s; KV_LIST: req_count=93, req/min=4.69, avg_time=0.000097s, max_time=0.000185s, min_time=0.000070s; NOTIFY_DATA_UPDATE: req_count=17, req/min=0.86, avg_time=0.000414s, max_time=0.000505s, min_time=0.000388s
(WorkerDict pid=2434) /work/verl-core/verl/plugin/platform/platform_cuda.py:99: FutureWarning: torch.cuda._set_allocator_settings is deprecated. Use torch._C._accelerator_setAllocatorSettings instead.
(WorkerDict pid=2434)   torch.cuda.memory._set_allocator_settings(settings)
(SimpleStorageUnit pid=2270) Per-operation statistics: GET_DATA: req_count=3, req/min=0.15, avg_time=0.014826s, max_time=0.015123s, min_time=0.014652s; CLEAR_DATA: req_count=2, req/min=0.10, avg_time=0.015375s, max_time=0.015959s, min_time=0.014791s; PUT_DATA: req_count=17, req/min=0.86, avg_time=0.015289s, max_time=0.016400s, min_time=0.014808s
(DiffusionTaskRunnerV1 pid=2013)
Diffusion Training:  91%|█████████ | 91/100 [27:04:39<3:15:20, 1302.24s/it]
(DiffusionTaskRunnerV1 pid=2013) step:91 - actor/policy_loss:9.658566015958787 - actor/positive_loss:0.19312756687868388 - actor/negative_loss:0.19322327142581344 - actor/ref_kl_loss:0.01704826354980469 - actor/old_deviate:0.00015691667795181274 - actor/reward_prob_mean:0.5000000111758709 - actor/total_loss:9.658567719906568 - actor/loss:9.658567905426025 - actor/grad_norm:0.053955078125 - actor/lr:0.0003 - perf/mfu/actor:0.04750280579556766 - old_policy/update_applied:0.0 - old_policy/copy_update:0.0 - old_policy/ema_update:0.0 - old_policy/decay:0.0 - training/global_step:91 - training/epoch:0 - critic/rewards/mean:0.90234375 - critic/rewards/max:1.0 - critic/rewards/min:0.5833333134651184 - critic/rewards/zero_std_ratio:0.25 - critic/rewards/std_mean:0.08648769557476044 - critic/rewards/group_size:4.0 - timing_s/feed:0.05812518601305783 - timing_s/gen:185.61900941398926 - timing_s/reward:11.160346157033928 - timing_s/prepare_actor_batch:0.05524771101772785 - timing_s/update_actor:654.5471303169616 - timing_s/save_checkpoint:329.4980892869644 - timing_s/update_weights:7.495854445965961 - timing_s/step:1188.5778566419613 - timing_per_image_ms/gen:11601.188088374329 - timing_per_image_ms/update_actor:40909.1956448101 - perf/total_num_images:16 - perf/time_per_step:1188.5778566419613 - perf/throughput:0.006730732829401737 - training/off_policy/trajectory_spans/mean:np.float64(1.0) - training/off_policy/trajectory_spans/max:np.int64(1) - training/off_policy/trajectory_spans/min:np.int64(1) - training/off_policy/trajectory_staleness/mean:np.float64(-1.0) - training/off_policy/trajectory_staleness/max:np.int64(-1) - training/off_policy/trajectory_staleness/min:np.int64(-1) - training/off_policy/trajectory_staleness_worst/mean:np.float64(-1.0) - training/off_policy/trajectory_staleness_worst/max:np.int64(-1) - training/off_policy/trajectory_staleness_worst/min:np.int64(-1)
(DiffusionTaskRunnerV1 pid=2013) Dumped diffusion generations to /work/evidence/ocr-v1-100-12/rollouts/91.jsonl
(WorkerDict pid=2434) /usr/local/lib/python3.12/dist-packages/torch/distributed/fsdp/_fully_shard/_fsdp_state.py:331: UserWarning: FSDP2-wrapped module (FSDPQwenImageTransformer2DModel) returned a view tensor. An in-place op on this view (e.g., `x += y`) will silently drop the pre-backward hook and skip the all-gather, which can cause backward to fail or produce wrong gradients. Use out-of-place ops (`out = out + y`, not `out += y`) or `.clone()` the output before any in-place op.
(WorkerDict pid=2434)   output = self._register_pre_backward_hook(output)
(SimpleStorageUnit pid=2270) 2026-09-15 06:21:42,138 - INFO - transfer_queue.utils.perf_utils - TQ_STORAGE_UNIT_14be62ca: [Performance] Total success requests: 22, Total req/min: 1.11, Total avg process time: 0.0152s;
(SimpleStorageUnit pid=2270) Time range: last 19.82 minutes;
(WorkerDict pid=2435) INFO:2026-09-15 06:41:19,755:[Rank 1] Saved model to /work/evidence/ocr-v1-100-12/checkpoints/global_step_92/actor/model_world_size_2_rank_1.pt
(WorkerDict pid=2435) /usr/local/lib/python3.12/dist-packages/torch/distributed/fsdp/_fully_shard/_fsdp_state.py:331: UserWarning: FSDP2-wrapped module (FSDPQwenImageTransformer2DModel) returned a view tensor. An in-place op on this view (e.g., `x += y`) will silently drop the pre-backward hook and skip the all-gather, which can cause backward to fail or produce wrong gradients. Use out-of-place ops (`out = out + y`, not `out += y`) or `.clone()` the output before any in-place op.
(WorkerDict pid=2435)   output = self._register_pre_backward_hook(output)
(WorkerDict pid=2435) INFO:2026-09-15 06:41:39,766:[Rank 1] Saved optim to /work/evidence/ocr-v1-100-12/checkpoints/global_step_92/actor/optim_world_size_2_rank_1.pt
(WorkerDict pid=2435) INFO:2026-09-15 06:41:39,772:[Rank 1] Saved extra_state to /work/evidence/ocr-v1-100-12/checkpoints/global_step_92/actor/extra_state_world_size_2_rank_1.pt
(WorkerDict pid=2434) /work/verl-core/verl/plugin/platform/platform_cuda.py:99: FutureWarning: torch.cuda._set_allocator_settings is deprecated. Use torch._C._accelerator_setAllocatorSettings instead.
(WorkerDict pid=2434)   torch.cuda.memory._set_allocator_settings(settings)
(TransferQueueController pid=2198) 2026-09-15 06:45:25,485 - INFO - transfer_queue.utils.perf_utils - TQ_CONTROLLER_bdabb3eb: [Performance] Total success requests: 169, Total req/min: 7.12, Total avg process time: 0.0003s;
(TransferQueueController pid=2198) Time range: last 23.73 minutes;
(TransferQueueController pid=2198) Per-operation statistics: KV_RETRIEVE_META: req_count=31, req/min=1.31, avg_time=0.001123s, max_time=0.002962s, min_time=0.000568s; CLEAR_META: req_count=2, req/min=0.08, avg_time=0.000372s, max_time=0.000436s, min_time=0.000307s; SET_CUSTOM_META: req_count=26, req/min=1.10, avg_time=0.000058s, max_time=0.000087s, min_time=0.000040s; KV_LIST: req_count=93, req/min=3.92, avg_time=0.000099s, max_time=0.000157s, min_time=0.000040s; NOTIFY_DATA_UPDATE: req_count=17, req/min=0.72, avg_time=0.000449s, max_time=0.000531s, min_time=0.000407s
(WorkerDict pid=2435) /work/verl-core/verl/plugin/platform/platform_cuda.py:99: FutureWarning: torch.cuda._set_allocator_settings is deprecated. Use torch._C._accelerator_setAllocatorSettings instead.
(WorkerDict pid=2435)   torch.cuda.memory._set_allocator_settings(settings)
(SimpleStorageUnit pid=2270) Per-operation statistics: GET_DATA: req_count=3, req/min=0.13, avg_time=0.011668s, max_time=0.015212s, min_time=0.005094s; CLEAR_DATA: req_count=2, req/min=0.08, avg_time=0.015209s, max_time=0.015623s, min_time=0.014794s; PUT_DATA: req_count=17, req/min=0.72, avg_time=0.014023s, max_time=0.015437s, min_time=0.005378s
(DiffusionTaskRunnerV1 pid=2013)
Diffusion Training:  92%|█████████▏| 92/100 [27:28:22<2:58:27, 1338.38s/it]
(DiffusionTaskRunnerV1 pid=2013) step:92 - actor/policy_loss:9.790117666870355 - actor/positive_loss:0.19564088132465257 - actor/negative_loss:0.19595796153880657 - actor/ref_kl_loss:0.018957901000976562 - actor/old_deviate:0.0005772411823272705 - actor/reward_prob_mean:0.4999999925494194 - actor/total_loss:9.790119570493697 - actor/loss:9.790119647979736 - actor/grad_norm:0.0330810546875 - actor/lr:0.0003 - perf/mfu/actor:0.04855472108335812 - old_policy/update_applied:1.0 - old_policy/copy_update:0.0 - old_policy/ema_update:1.0 - old_policy/decay:0.1275 - training/global_step:92 - training/epoch:0 - critic/rewards/mean:0.7385125160217285 - critic/rewards/max:1.0 - critic/rewards/min:0.0 - critic/rewards/zero_std_ratio:0.0 - critic/rewards/std_mean:0.2842254936695099 - critic/rewards/group_size:4.0 - timing_s/feed:0.06597748305648565 - timing_s/gen:185.61787704995368 - timing_s/reward:76.48801114305388 - timing_s/prepare_actor_batch:0.05191956099588424 - timing_s/update_actor:647.2458147261059 - timing_s/save_checkpoint:505.8623445179546 - timing_s/update_weights:6.6972974160453305 - timing_s/step:1422.1598003580002 - timing_per_image_ms/gen:11601.117315622105 - timing_per_image_ms/update_actor:40452.86342038162 - perf/total_num_images:16 - perf/time_per_step:1422.1598003580002 - perf/throughput:0.005625246894185984 - training/off_policy/trajectory_spans/mean:np.float64(1.0) - training/off_policy/trajectory_spans/max:np.int64(1) - training/off_policy/trajectory_spans/min:np.int64(1) - training/off_policy/trajectory_staleness/mean:np.float64(-1.0) - training/off_policy/trajectory_staleness/max:np.int64(-1) - training/off_policy/trajectory_staleness/min:np.int64(-1) - training/off_policy/trajectory_staleness_worst/mean:np.float64(-1.0) - training/off_policy/trajectory_staleness_worst/max:np.int64(-1) - training/off_policy/trajectory_staleness_worst/min:np.int64(-1)
(DiffusionTaskRunnerV1 pid=2013) Dumped diffusion generations to /work/evidence/ocr-v1-100-12/rollouts/92.jsonl
(WorkerDict pid=2434) /usr/local/lib/python3.12/dist-packages/torch/distributed/fsdp/_fully_shard/_fsdp_state.py:331: UserWarning: FSDP2-wrapped module (FSDPQwenImageTransformer2DModel) returned a view tensor. An in-place op on this view (e.g., `x += y`) will silently drop the pre-backward hook and skip the all-gather, which can cause backward to fail or produce wrong gradients. Use out-of-place ops (`out = out + y`, not `out += y`) or `.clone()` the output before any in-place op.
(WorkerDict pid=2434)   output = self._register_pre_backward_hook(output)
(SimpleStorageUnit pid=2270) 2026-09-15 06:45:25,529 - INFO - transfer_queue.utils.perf_utils - TQ_STORAGE_UNIT_14be62ca: [Performance] Total success requests: 22, Total req/min: 0.93, Total avg process time: 0.0138s;
(SimpleStorageUnit pid=2270) Time range: last 23.72 minutes;
(WorkerDict pid=2435) INFO:2026-09-15 07:03:37,567:[Rank 1] Saved model to /work/evidence/ocr-v1-100-12/checkpoints/global_step_93/actor/model_world_size_2_rank_1.pt
(WorkerDict pid=2435) /usr/local/lib/python3.12/dist-packages/torch/distributed/fsdp/_fully_shard/_fsdp_state.py:331: UserWarning: FSDP2-wrapped module (FSDPQwenImageTransformer2DModel) returned a view tensor. An in-place op on this view (e.g., `x += y`) will silently drop the pre-backward hook and skip the all-gather, which can cause backward to fail or produce wrong gradients. Use out-of-place ops (`out = out + y`, not `out += y`) or `.clone()` the output before any in-place op.
(WorkerDict pid=2435)   output = self._register_pre_backward_hook(output)
(WorkerDict pid=2435) INFO:2026-09-15 07:03:44,715:[Rank 1] Saved optim to /work/evidence/ocr-v1-100-12/checkpoints/global_step_93/actor/optim_world_size_2_rank_1.pt
(WorkerDict pid=2435) INFO:2026-09-15 07:03:44,720:[Rank 1] Saved extra_state to /work/evidence/ocr-v1-100-12/checkpoints/global_step_93/actor/extra_state_world_size_2_rank_1.pt
(WorkerDict pid=2434) /work/verl-core/verl/plugin/platform/platform_cuda.py:99: FutureWarning: torch.cuda._set_allocator_settings is deprecated. Use torch._C._accelerator_setAllocatorSettings instead.
(WorkerDict pid=2434)   torch.cuda.memory._set_allocator_settings(settings)
(TransferQueueController pid=2198) 2026-09-15 07:06:40,361 - INFO - transfer_queue.utils.perf_utils - TQ_CONTROLLER_bdabb3eb: [Performance] Total success requests: 169, Total req/min: 7.95, Total avg process time: 0.0003s;
(TransferQueueController pid=2198) Time range: last 21.25 minutes;
(TransferQueueController pid=2198) Per-operation statistics: KV_RETRIEVE_META: req_count=31, req/min=1.46, avg_time=0.001092s, max_time=0.002769s, min_time=0.000472s; CLEAR_META: req_count=2, req/min=0.09, avg_time=0.000446s, max_time=0.000467s, min_time=0.000426s; SET_CUSTOM_META: req_count=26, req/min=1.22, avg_time=0.000054s, max_time=0.000096s, min_time=0.000016s; KV_LIST: req_count=93, req/min=4.38, avg_time=0.000095s, max_time=0.000148s, min_time=0.000035s; NOTIFY_DATA_UPDATE: req_count=17, req/min=0.80, avg_time=0.000405s, max_time=0.000465s, min_time=0.000165s
(WorkerDict pid=2435) /work/verl-core/verl/plugin/platform/platform_cuda.py:99: FutureWarning: torch.cuda._set_allocator_settings is deprecated. Use torch._C._accelerator_setAllocatorSettings instead.
(WorkerDict pid=2435)   torch.cuda.memory._set_allocator_settings(settings)
(SimpleStorageUnit pid=2270) Per-operation statistics: GET_DATA: req_count=3, req/min=0.14, avg_time=0.012015s, max_time=0.014932s, min_time=0.006298s; CLEAR_DATA: req_count=2, req/min=0.09, avg_time=0.010403s, max_time=0.015319s, min_time=0.005487s; PUT_DATA: req_count=17, req/min=0.80, avg_time=0.014760s, max_time=0.017200s, min_time=0.006199s
(DiffusionTaskRunnerV1 pid=2013)
Diffusion Training:  93%|█████████▎| 93/100 [27:49:37<2:33:54, 1319.28s/it]
(DiffusionTaskRunnerV1 pid=2013) step:93 - actor/policy_loss:9.80095857307315 - actor/positive_loss:0.19600864335661755 - actor/negative_loss:0.19603323079645635 - actor/ref_kl_loss:0.018035316467285158 - actor/old_deviate:0.00017345547676086428 - actor/reward_prob_mean:0.500000013038516 - actor/total_loss:9.80096038877964 - actor/loss:9.800960540771484 - actor/grad_norm:0.058349609375 - actor/lr:0.0003 - perf/mfu/actor:0.046738713902715764 - old_policy/update_applied:0.0 - old_policy/copy_update:0.0 - old_policy/ema_update:0.0 - old_policy/decay:0.0 - training/global_step:93 - training/epoch:0 - critic/rewards/mean:0.7310897707939148 - critic/rewards/max:1.0 - critic/rewards/min:0.0 - critic/rewards/zero_std_ratio:0.0 - critic/rewards/std_mean:0.33198440074920654 - critic/rewards/group_size:4.0 - timing_s/feed:0.053349622059613466 - timing_s/gen:185.69825206696987 - timing_s/reward:75.90654878295027 - timing_s/prepare_actor_batch:0.052585113095119596 - timing_s/update_actor:667.9828385600122 - timing_s/save_checkpoint:337.8208131879801 - timing_s/update_weights:6.681971159065142 - timing_s/step:1274.3443844879512 - timing_per_image_ms/gen:11606.140754185617 - timing_per_image_ms/update_actor:41748.92741000076 - perf/total_num_images:16 - perf/time_per_step:1274.3443844879512 - perf/throughput:0.00627773786849189 - training/off_policy/trajectory_spans/mean:np.float64(1.0) - training/off_policy/trajectory_spans/max:np.int64(1) - training/off_policy/trajectory_spans/min:np.int64(1) - training/off_policy/trajectory_staleness/mean:np.float64(-1.0) - training/off_policy/trajectory_staleness/max:np.int64(-1) - training/off_policy/trajectory_staleness/min:np.int64(-1) - training/off_policy/trajectory_staleness_worst/mean:np.float64(-1.0) - training/off_policy/trajectory_staleness_worst/max:np.int64(-1) - training/off_policy/trajectory_staleness_worst/min:np.int64(-1)
(DiffusionTaskRunnerV1 pid=2013) Dumped diffusion generations to /work/evidence/ocr-v1-100-12/rollouts/93.jsonl
(WorkerDict pid=2434) /usr/local/lib/python3.12/dist-packages/torch/distributed/fsdp/_fully_shard/_fsdp_state.py:331: UserWarning: FSDP2-wrapped module (FSDPQwenImageTransformer2DModel) returned a view tensor. An in-place op on this view (e.g., `x += y`) will silently drop the pre-backward hook and skip the all-gather, which can cause backward to fail or produce wrong gradients. Use out-of-place ops (`out = out + y`, not `out += y`) or `.clone()` the output before any in-place op.
(WorkerDict pid=2434)   output = self._register_pre_backward_hook(output)
(SimpleStorageUnit pid=2270) 2026-09-15 07:06:40,388 - INFO - transfer_queue.utils.perf_utils - TQ_STORAGE_UNIT_14be62ca: [Performance] Total success requests: 22, Total req/min: 1.04, Total avg process time: 0.0140s;
(SimpleStorageUnit pid=2270) Time range: last 21.25 minutes;
(WorkerDict pid=2435) INFO:2026-09-15 07:29:50,239:[Rank 1] Saved model to /work/evidence/ocr-v1-100-12/checkpoints/global_step_94/actor/model_world_size_2_rank_1.pt
(WorkerDict pid=2435) /usr/local/lib/python3.12/dist-packages/torch/distributed/fsdp/_fully_shard/_fsdp_state.py:331: UserWarning: FSDP2-wrapped module (FSDPQwenImageTransformer2DModel) returned a view tensor. An in-place op on this view (e.g., `x += y`) will silently drop the pre-backward hook and skip the all-gather, which can cause backward to fail or produce wrong gradients. Use out-of-place ops (`out = out + y`, not `out += y`) or `.clone()` the output before any in-place op.
(WorkerDict pid=2435)   output = self._register_pre_backward_hook(output)
(WorkerDict pid=2435) INFO:2026-09-15 07:29:59,165:[Rank 1] Saved optim to /work/evidence/ocr-v1-100-12/checkpoints/global_step_94/actor/optim_world_size_2_rank_1.pt
(WorkerDict pid=2435) INFO:2026-09-15 07:29:59,170:[Rank 1] Saved extra_state to /work/evidence/ocr-v1-100-12/checkpoints/global_step_94/actor/extra_state_world_size_2_rank_1.pt
(WorkerDict pid=2434) /work/verl-core/verl/plugin/platform/platform_cuda.py:99: FutureWarning: torch.cuda._set_allocator_settings is deprecated. Use torch._C._accelerator_setAllocatorSettings instead.
(WorkerDict pid=2434)   torch.cuda.memory._set_allocator_settings(settings)
(TransferQueueController pid=2198) 2026-09-15 07:32:07,058 - INFO - transfer_queue.utils.perf_utils - TQ_CONTROLLER_bdabb3eb: [Performance] Total success requests: 169, Total req/min: 6.64, Total avg process time: 0.0003s;
(TransferQueueController pid=2198) Time range: last 25.44 minutes;
(TransferQueueController pid=2198) Per-operation statistics: KV_RETRIEVE_META: req_count=31, req/min=1.22, avg_time=0.001079s, max_time=0.002612s, min_time=0.000467s; CLEAR_META: req_count=2, req/min=0.08, avg_time=0.000437s, max_time=0.000588s, min_time=0.000287s; SET_CUSTOM_META: req_count=26, req/min=1.02, avg_time=0.000053s, max_time=0.000081s, min_time=0.000021s; KV_LIST: req_count=93, req/min=3.65, avg_time=0.000101s, max_time=0.000156s, min_time=0.000045s; NOTIFY_DATA_UPDATE: req_count=17, req/min=0.67, avg_time=0.000412s, max_time=0.000700s, min_time=0.000209s
(WorkerDict pid=2435) /work/verl-core/verl/plugin/platform/platform_cuda.py:99: FutureWarning: torch.cuda._set_allocator_settings is deprecated. Use torch._C._accelerator_setAllocatorSettings instead.
(WorkerDict pid=2435)   torch.cuda.memory._set_allocator_settings(settings)
(SimpleStorageUnit pid=2270) Per-operation statistics: GET_DATA: req_count=3, req/min=0.12, avg_time=0.014726s, max_time=0.014913s, min_time=0.014574s; CLEAR_DATA: req_count=2, req/min=0.08, avg_time=0.015200s, max_time=0.015396s, min_time=0.015003s; PUT_DATA: req_count=17, req/min=0.67, avg_time=0.015288s, max_time=0.018341s, min_time=0.013978s
(DiffusionTaskRunnerV1 pid=2013)
Diffusion Training:  94%|█████████▍| 94/100 [28:15:03<2:18:09, 1381.51s/it]
(DiffusionTaskRunnerV1 pid=2013) step:94 - actor/policy_loss:10.220473031699658 - actor/positive_loss:0.20432146468665452 - actor/negative_loss:0.2044715351308696 - actor/ref_kl_loss:0.021379852294921876 - actor/old_deviate:0.0003555089235305786 - actor/reward_prob_mean:0.5000000055879354 - actor/total_loss:10.220475184172393 - actor/loss:10.220475196838379 - actor/grad_norm:0.053466796875 - actor/lr:0.0003 - perf/mfu/actor:0.041372898111700716 - old_policy/update_applied:1.0 - old_policy/copy_update:0.0 - old_policy/ema_update:1.0 - old_policy/decay:0.1425 - training/global_step:94 - training/epoch:0 - critic/rewards/mean:0.8932692408561707 - critic/rewards/max:1.0 - critic/rewards/min:0.0 - critic/rewards/zero_std_ratio:0.25 - critic/rewards/std_mean:0.1848631054162979 - critic/rewards/group_size:4.0 - timing_s/feed:0.052206101012416184 - timing_s/gen:185.68163466406986 - timing_s/reward:13.33094217593316 - timing_s/prepare_actor_batch:0.05423325393348932 - timing_s/update_actor:764.128611402004 - timing_s/save_checkpoint:549.4729572559008 - timing_s/update_weights:13.412027821061201 - timing_s/step:1526.286093325005 - timing_per_image_ms/gen:11605.102166504366 - timing_per_image_ms/update_actor:47758.03821262525 - perf/total_num_images:16 - perf/time_per_step:1526.286093325005 - perf/throughput:0.0052414812891153646 - training/off_policy/trajectory_spans/mean:np.float64(1.0) - training/off_policy/trajectory_spans/max:np.int64(1) - training/off_policy/trajectory_spans/min:np.int64(1) - training/off_policy/trajectory_staleness/mean:np.float64(-1.0) - training/off_policy/trajectory_staleness/max:np.int64(-1) - training/off_policy/trajectory_staleness/min:np.int64(-1) - training/off_policy/trajectory_staleness_worst/mean:np.float64(-1.0) - training/off_policy/trajectory_staleness_worst/max:np.int64(-1) - training/off_policy/trajectory_staleness_worst/min:np.int64(-1)
(DiffusionTaskRunnerV1 pid=2013) Dumped diffusion generations to /work/evidence/ocr-v1-100-12/rollouts/94.jsonl
(TransferQueueController pid=2198) Per-operation statistics: KV_RETRIEVE_META: req_count=22, req/min=4.38, avg_time=0.000938s, max_time=0.002438s, min_time=0.000573s; CLEAR_META: req_count=1, req/min=0.20, avg_time=0.000407s, max_time=0.000407s, min_time=0.000407s; SET_CUSTOM_META: req_count=20, req/min=3.99, avg_time=0.000057s, max_time=0.000086s, min_time=0.000040s; KV_LIST: req_count=151, req/min=30.09, avg_time=0.000093s, max_time=0.000160s, min_time=0.000043s; NOTIFY_DATA_UPDATE: req_count=12, req/min=2.39, avg_time=0.000425s, max_time=0.000493s, min_time=0.000390s
(TransferQueueController pid=2198) 2026-09-15 07:37:08,116 - INFO - transfer_queue.utils.perf_utils - TQ_CONTROLLER_bdabb3eb: [Performance] Total success requests: 206, Total req/min: 41.06, Total avg process time: 0.0002s;  [repeated 2x across cluster]
(TransferQueueController pid=2198) Time range: last 5.02 minutes;  [repeated 2x across cluster]
(SimpleStorageUnit pid=2270) Per-operation statistics: GET_DATA: req_count=1, req/min=0.19, avg_time=0.014520s, max_time=0.014520s, min_time=0.014520s; CLEAR_DATA: req_count=1, req/min=0.19, avg_time=0.015226s, max_time=0.015226s, min_time=0.015226s; PUT_DATA: req_count=13, req/min=2.49, avg_time=0.014994s, max_time=0.015468s, min_time=0.012187s
(SimpleStorageUnit pid=2270) 2026-09-15 07:37:20,111 - INFO - transfer_queue.utils.perf_utils - TQ_STORAGE_UNIT_14be62ca: [Performance] Total success requests: 15, Total req/min: 2.88, Total avg process time: 0.0150s;
(SimpleStorageUnit pid=2270) Time range: last 5.22 minutes;
(WorkerDict pid=2434) /usr/local/lib/python3.12/dist-packages/torch/distributed/fsdp/_fully_shard/_fsdp_state.py:331: UserWarning: FSDP2-wrapped module (FSDPQwenImageTransformer2DModel) returned a view tensor. An in-place op on this view (e.g., `x += y`) will silently drop the pre-backward hook and skip the all-gather, which can cause backward to fail or produce wrong gradients. Use out-of-place ops (`out = out + y`, not `out += y`) or `.clone()` the output before any in-place op.
(WorkerDict pid=2434)   output = self._register_pre_backward_hook(output)
(WorkerDict pid=2435) INFO:2026-09-15 08:15:32,847:[Rank 1] Saved model to /work/evidence/ocr-v1-100-12/checkpoints/global_step_95/actor/model_world_size_2_rank_1.pt
(WorkerDict pid=2435) /usr/local/lib/python3.12/dist-packages/torch/distributed/fsdp/_fully_shard/_fsdp_state.py:331: UserWarning: FSDP2-wrapped module (FSDPQwenImageTransformer2DModel) returned a view tensor. An in-place op on this view (e.g., `x += y`) will silently drop the pre-backward hook and skip the all-gather, which can cause backward to fail or produce wrong gradients. Use out-of-place ops (`out = out + y`, not `out += y`) or `.clone()` the output before any in-place op.
(WorkerDict pid=2435)   output = self._register_pre_backward_hook(output)
(WorkerDict pid=2435) INFO:2026-09-15 08:15:56,279:[Rank 1] Saved optim to /work/evidence/ocr-v1-100-12/checkpoints/global_step_95/actor/optim_world_size_2_rank_1.pt
(WorkerDict pid=2435) INFO:2026-09-15 08:15:56,285:[Rank 1] Saved extra_state to /work/evidence/ocr-v1-100-12/checkpoints/global_step_95/actor/extra_state_world_size_2_rank_1.pt
(WorkerDict pid=2434) /work/verl-core/verl/plugin/platform/platform_cuda.py:99: FutureWarning: torch.cuda._set_allocator_settings is deprecated. Use torch._C._accelerator_setAllocatorSettings instead.
(WorkerDict pid=2434)   torch.cuda.memory._set_allocator_settings(settings)
(TransferQueueController pid=2198) 2026-09-15 08:19:01,347 - INFO - transfer_queue.utils.perf_utils - TQ_CONTROLLER_bdabb3eb: [Performance] Total success requests: 65, Total req/min: 1.55, Total avg process time: 0.0003s;
(TransferQueueController pid=2198) Time range: last 41.89 minutes;
(TransferQueueController pid=2198) Per-operation statistics: KV_LIST: req_count=44, req/min=1.05, avg_time=0.000097s, max_time=0.000133s, min_time=0.000039s; KV_RETRIEVE_META: req_count=9, req/min=0.21, avg_time=0.001504s, max_time=0.003149s, min_time=0.000637s; NOTIFY_DATA_UPDATE: req_count=5, req/min=0.12, avg_time=0.000438s, max_time=0.000552s, min_time=0.000386s; SET_CUSTOM_META: req_count=6, req/min=0.14, avg_time=0.000059s, max_time=0.000076s, min_time=0.000052s; CLEAR_META: req_count=1, req/min=0.02, avg_time=0.000146s, max_time=0.000146s, min_time=0.000146s
(WorkerDict pid=2435) /work/verl-core/verl/plugin/platform/platform_cuda.py:99: FutureWarning: torch.cuda._set_allocator_settings is deprecated. Use torch._C._accelerator_setAllocatorSettings instead.
(WorkerDict pid=2435)   torch.cuda.memory._set_allocator_settings(settings)
(SimpleStorageUnit pid=2270) Per-operation statistics: PUT_DATA: req_count=4, req/min=0.10, avg_time=0.015123s, max_time=0.015161s, min_time=0.015088s; CLEAR_DATA: req_count=1, req/min=0.02, avg_time=0.014592s, max_time=0.014592s, min_time=0.014592s; GET_DATA: req_count=2, req/min=0.05, avg_time=0.014985s, max_time=0.015125s, min_time=0.014844s
(DiffusionTaskRunnerV1 pid=2013)
Diffusion Training:  95%|█████████▌| 95/100 [29:01:57<2:30:56, 1811.34s/it]
(DiffusionTaskRunnerV1 pid=2013) step:95 - actor/policy_loss:8.76540704369545 - actor/positive_loss:0.17523131240159273 - actor/negative_loss:0.1753671973128803 - actor/ref_kl_loss:0.02259330749511719 - actor/old_deviate:0.0001859508454799652 - actor/reward_prob_mean:0.5000000055879354 - actor/total_loss:8.765409301966429 - actor/loss:8.76540994644165 - actor/grad_norm:0.03863525390625 - actor/lr:0.0003 - perf/mfu/actor:0.03175326127573229 - old_policy/update_applied:0.0 - old_policy/copy_update:0.0 - old_policy/ema_update:0.0 - old_policy/decay:0.0 - training/global_step:95 - training/epoch:0 - critic/rewards/mean:0.9776785373687744 - critic/rewards/max:1.0 - critic/rewards/min:0.6428571343421936 - critic/rewards/zero_std_ratio:0.75 - critic/rewards/std_mean:0.03866184875369072 - critic/rewards/group_size:4.0 - timing_s/feed:0.05778824002481997 - timing_s/gen:394.2183063001139 - timing_s/reward:23.501678574015386 - timing_s/prepare_actor_batch:0.05461459991056472 - timing_s/update_actor:1251.512847672915 - timing_s/save_checkpoint:1133.1518567720195 - timing_s/update_weights:11.222508902079426 - timing_s/step:2813.883858100977 - timing_per_image_ms/gen:24638.64414375712 - timing_per_image_ms/update_actor:78219.5529795572 - perf/total_num_images:16 - perf/time_per_step:2813.883858100977 - perf/throughput:0.002843045556755498 - training/off_policy/trajectory_spans/mean:np.float64(1.0) - training/off_policy/trajectory_spans/max:np.int64(1) - training/off_policy/trajectory_spans/min:np.int64(1) - training/off_policy/trajectory_staleness/mean:np.float64(-1.0) - training/off_policy/trajectory_staleness/max:np.int64(-1) - training/off_policy/trajectory_staleness/min:np.int64(-1) - training/off_policy/trajectory_staleness_worst/mean:np.float64(-1.0) - training/off_policy/trajectory_staleness_worst/max:np.int64(-1) - training/off_policy/trajectory_staleness_worst/min:np.int64(-1)
(DiffusionTaskRunnerV1 pid=2013) Dumped diffusion generations to /work/evidence/ocr-v1-100-12/rollouts/95.jsonl
(TransferQueueController pid=2198) Per-operation statistics: KV_RETRIEVE_META: req_count=21, req/min=4.19, avg_time=0.000914s, max_time=0.002470s, min_time=0.000381s; CLEAR_META: req_count=1, req/min=0.20, avg_time=0.000417s, max_time=0.000417s, min_time=0.000417s; SET_CUSTOM_META: req_count=19, req/min=3.79, avg_time=0.000053s, max_time=0.000069s, min_time=0.000023s; KV_LIST: req_count=151, req/min=30.10, avg_time=0.000093s, max_time=0.000177s, min_time=0.000036s; NOTIFY_DATA_UPDATE: req_count=12, req/min=2.39, avg_time=0.000400s, max_time=0.000463s, min_time=0.000201s
(TransferQueueController pid=2198) 2026-09-15 08:24:02,376 - INFO - transfer_queue.utils.perf_utils - TQ_CONTROLLER_bdabb3eb: [Performance] Total success requests: 204, Total req/min: 40.66, Total avg process time: 0.0002s;  [repeated 2x across cluster]
(TransferQueueController pid=2198) Time range: last 5.02 minutes;  [repeated 2x across cluster]
(SimpleStorageUnit pid=2270) Per-operation statistics: GET_DATA: req_count=1, req/min=0.20, avg_time=0.015012s, max_time=0.015012s, min_time=0.015012s; CLEAR_DATA: req_count=1, req/min=0.20, avg_time=0.015720s, max_time=0.015720s, min_time=0.015720s; PUT_DATA: req_count=13, req/min=2.58, avg_time=0.015359s, max_time=0.017782s, min_time=0.015011s
(WorkerDict pid=2434) /usr/local/lib/python3.12/dist-packages/torch/distributed/fsdp/_fully_shard/_fsdp_state.py:331: UserWarning: FSDP2-wrapped module (FSDPQwenImageTransformer2DModel) returned a view tensor. An in-place op on this view (e.g., `x += y`) will silently drop the pre-backward hook and skip the all-gather, which can cause backward to fail or produce wrong gradients. Use out-of-place ops (`out = out + y`, not `out += y`) or `.clone()` the output before any in-place op.
(WorkerDict pid=2434)   output = self._register_pre_backward_hook(output)
(SimpleStorageUnit pid=2270) 2026-09-15 08:24:03,185 - INFO - transfer_queue.utils.perf_utils - TQ_STORAGE_UNIT_14be62ca: [Performance] Total success requests: 15, Total req/min: 2.98, Total avg process time: 0.0154s;
(SimpleStorageUnit pid=2270) Time range: last 5.03 minutes;
(WorkerDict pid=2435) INFO:2026-09-15 09:01:54,577:[Rank 1] Saved model to /work/evidence/ocr-v1-100-12/checkpoints/global_step_96/actor/model_world_size_2_rank_1.pt
(WorkerDict pid=2435) /usr/local/lib/python3.12/dist-packages/torch/distributed/fsdp/_fully_shard/_fsdp_state.py:331: UserWarning: FSDP2-wrapped module (FSDPQwenImageTransformer2DModel) returned a view tensor. An in-place op on this view (e.g., `x += y`) will silently drop the pre-backward hook and skip the all-gather, which can cause backward to fail or produce wrong gradients. Use out-of-place ops (`out = out + y`, not `out += y`) or `.clone()` the output before any in-place op.
(WorkerDict pid=2435)   output = self._register_pre_backward_hook(output)
(WorkerDict pid=2435) INFO:2026-09-15 09:02:01,018:[Rank 1] Saved optim to /work/evidence/ocr-v1-100-12/checkpoints/global_step_96/actor/optim_world_size_2_rank_1.pt
(WorkerDict pid=2435) INFO:2026-09-15 09:02:01,024:[Rank 1] Saved extra_state to /work/evidence/ocr-v1-100-12/checkpoints/global_step_96/actor/extra_state_world_size_2_rank_1.pt
(WorkerDict pid=2434) /work/verl-core/verl/plugin/platform/platform_cuda.py:99: FutureWarning: torch.cuda._set_allocator_settings is deprecated. Use torch._C._accelerator_setAllocatorSettings instead.
(WorkerDict pid=2434)   torch.cuda.memory._set_allocator_settings(settings)
(TransferQueueController pid=2198) 2026-09-15 09:04:43,364 - INFO - transfer_queue.utils.perf_utils - TQ_CONTROLLER_bdabb3eb: [Performance] Total success requests: 59, Total req/min: 1.45, Total avg process time: 0.0003s;
(TransferQueueController pid=2198) Time range: last 40.68 minutes;
(TransferQueueController pid=2198) Per-operation statistics: KV_RETRIEVE_META: req_count=10, req/min=0.25, avg_time=0.001317s, max_time=0.002623s, min_time=0.000643s; NOTIFY_DATA_UPDATE: req_count=5, req/min=0.12, avg_time=0.000391s, max_time=0.000405s, min_time=0.000383s; SET_CUSTOM_META: req_count=7, req/min=0.17, avg_time=0.000055s, max_time=0.000066s, min_time=0.000050s; KV_LIST: req_count=36, req/min=0.88, avg_time=0.000091s, max_time=0.000133s, min_time=0.000080s; CLEAR_META: req_count=1, req/min=0.02, avg_time=0.000285s, max_time=0.000285s, min_time=0.000285s
(WorkerDict pid=2435) /work/verl-core/verl/plugin/platform/platform_cuda.py:99: FutureWarning: torch.cuda._set_allocator_settings is deprecated. Use torch._C._accelerator_setAllocatorSettings instead.
(WorkerDict pid=2435)   torch.cuda.memory._set_allocator_settings(settings)
(SimpleStorageUnit pid=2270) Per-operation statistics: PUT_DATA: req_count=4, req/min=0.10, avg_time=0.015032s, max_time=0.015125s, min_time=0.014965s; CLEAR_DATA: req_count=1, req/min=0.02, avg_time=0.014947s, max_time=0.014947s, min_time=0.014947s; GET_DATA: req_count=2, req/min=0.05, avg_time=0.015064s, max_time=0.015289s, min_time=0.014839s
(DiffusionTaskRunnerV1 pid=2013)
Diffusion Training:  96%|█████████▌| 96/100 [29:47:40<2:19:22, 2090.55s/it]
(DiffusionTaskRunnerV1 pid=2013) step:96 - actor/policy_loss:8.849022259563208 - actor/positive_loss:0.17695745155215264 - actor/negative_loss:0.1770082090049982 - actor/ref_kl_loss:0.01965923309326172 - actor/old_deviate:0.0004601895809173584 - actor/reward_prob_mean:0.5000000055879354 - actor/total_loss:8.849024231731892 - actor/loss:8.849024295806885 - actor/grad_norm:0.0194091796875 - actor/lr:0.0003 - perf/mfu/actor:0.016329616394834892 - old_policy/update_applied:1.0 - old_policy/copy_update:0.0 - old_policy/ema_update:1.0 - old_policy/decay:0.1575 - training/global_step:96 - training/epoch:0 - critic/rewards/mean:0.78125 - critic/rewards/max:1.0 - critic/rewards/min:0.0 - critic/rewards/zero_std_ratio:0.5 - critic/rewards/std_mean:0.16237975656986237 - critic/rewards/group_size:4.0 - timing_s/feed:0.05791059497278184 - timing_s/gen:378.2854359210469 - timing_s/reward:84.14691517304163 - timing_s/prepare_actor_batch:0.05800102895591408 - timing_s/update_actor:1918.8872529200744 - timing_s/save_checkpoint:346.4651175789768 - timing_s/update_weights:13.580853599007241 - timing_s/step:2741.646434152033 - timing_per_image_ms/gen:23642.83974506543 - timing_per_image_ms/update_actor:119930.45330750465 - perf/total_num_images:16 - perf/time_per_step:2741.646434152033 - perf/throughput:0.0029179546641557846 - training/off_policy/trajectory_spans/mean:np.float64(1.0) - training/off_policy/trajectory_spans/max:np.int64(1) - training/off_policy/trajectory_spans/min:np.int64(1) - training/off_policy/trajectory_staleness/mean:np.float64(-1.0) - training/off_policy/trajectory_staleness/max:np.int64(-1) - training/off_policy/trajectory_staleness/min:np.int64(-1) - training/off_policy/trajectory_staleness_worst/mean:np.float64(-1.0) - training/off_policy/trajectory_staleness_worst/max:np.int64(-1) - training/off_policy/trajectory_staleness_worst/min:np.int64(-1)
(DiffusionTaskRunnerV1 pid=2013) Dumped diffusion generations to /work/evidence/ocr-v1-100-12/rollouts/96.jsonl
(TransferQueueController pid=2198) Per-operation statistics: KV_RETRIEVE_META: req_count=22, req/min=4.39, avg_time=0.000894s, max_time=0.002416s, min_time=0.000407s; CLEAR_META: req_count=1, req/min=0.20, avg_time=0.000408s, max_time=0.000408s, min_time=0.000408s; SET_CUSTOM_META: req_count=20, req/min=3.99, avg_time=0.000051s, max_time=0.000066s, min_time=0.000020s; KV_LIST: req_count=151, req/min=30.10, avg_time=0.000086s, max_time=0.000137s, min_time=0.000042s; NOTIFY_DATA_UPDATE: req_count=13, req/min=2.59, avg_time=0.000402s, max_time=0.000546s, min_time=0.000177s
(TransferQueueController pid=2198) 2026-09-15 09:09:44,355 - INFO - transfer_queue.utils.perf_utils - TQ_CONTROLLER_bdabb3eb: [Performance] Total success requests: 207, Total req/min: 41.26, Total avg process time: 0.0002s;  [repeated 2x across cluster]
(TransferQueueController pid=2198) Time range: last 5.02 minutes;  [repeated 2x across cluster]
(SimpleStorageUnit pid=2270) Per-operation statistics: GET_DATA: req_count=1, req/min=0.19, avg_time=0.015284s, max_time=0.015284s, min_time=0.015284s; CLEAR_DATA: req_count=1, req/min=0.19, avg_time=0.016018s, max_time=0.016018s, min_time=0.016018s; PUT_DATA: req_count=14, req/min=2.62, avg_time=0.015539s, max_time=0.019226s, min_time=0.014969s
(SimpleStorageUnit pid=2270) 2026-09-15 09:10:04,528 - INFO - transfer_queue.utils.perf_utils - TQ_STORAGE_UNIT_14be62ca: [Performance] Total success requests: 16, Total req/min: 2.99, Total avg process time: 0.0156s;
(SimpleStorageUnit pid=2270) Time range: last 5.35 minutes;
(WorkerDict pid=2434) /usr/local/lib/python3.12/dist-packages/torch/distributed/fsdp/_fully_shard/_fsdp_state.py:331: UserWarning: FSDP2-wrapped module (FSDPQwenImageTransformer2DModel) returned a view tensor. An in-place op on this view (e.g., `x += y`) will silently drop the pre-backward hook and skip the all-gather, which can cause backward to fail or produce wrong gradients. Use out-of-place ops (`out = out + y`, not `out += y`) or `.clone()` the output before any in-place op.
(WorkerDict pid=2434)   output = self._register_pre_backward_hook(output)
(WorkerDict pid=2435) INFO:2026-09-15 09:46:03,567:[Rank 1] Saved model to /work/evidence/ocr-v1-100-12/checkpoints/global_step_97/actor/model_world_size_2_rank_1.pt
(WorkerDict pid=2435) /usr/local/lib/python3.12/dist-packages/torch/distributed/fsdp/_fully_shard/_fsdp_state.py:331: UserWarning: FSDP2-wrapped module (FSDPQwenImageTransformer2DModel) returned a view tensor. An in-place op on this view (e.g., `x += y`) will silently drop the pre-backward hook and skip the all-gather, which can cause backward to fail or produce wrong gradients. Use out-of-place ops (`out = out + y`, not `out += y`) or `.clone()` the output before any in-place op.
(WorkerDict pid=2435)   output = self._register_pre_backward_hook(output)
(WorkerDict pid=2435) INFO:2026-09-15 09:46:16,513:[Rank 1] Saved optim to /work/evidence/ocr-v1-100-12/checkpoints/global_step_97/actor/optim_world_size_2_rank_1.pt
(WorkerDict pid=2435) INFO:2026-09-15 09:46:16,519:[Rank 1] Saved extra_state to /work/evidence/ocr-v1-100-12/checkpoints/global_step_97/actor/extra_state_world_size_2_rank_1.pt
(WorkerDict pid=2434) /work/verl-core/verl/plugin/platform/platform_cuda.py:99: FutureWarning: torch.cuda._set_allocator_settings is deprecated. Use torch._C._accelerator_setAllocatorSettings instead.
(WorkerDict pid=2434)   torch.cuda.memory._set_allocator_settings(settings)
(TransferQueueController pid=2198) 2026-09-15 09:48:21,197 - INFO - transfer_queue.utils.perf_utils - TQ_CONTROLLER_bdabb3eb: [Performance] Total success requests: 53, Total req/min: 1.37, Total avg process time: 0.0003s;
(TransferQueueController pid=2198) Time range: last 38.61 minutes;
(TransferQueueController pid=2198) Per-operation statistics: KV_LIST: req_count=33, req/min=0.85, avg_time=0.000095s, max_time=0.000148s, min_time=0.000049s; KV_RETRIEVE_META: req_count=9, req/min=0.23, avg_time=0.001204s, max_time=0.003051s, min_time=0.000619s; NOTIFY_DATA_UPDATE: req_count=4, req/min=0.10, avg_time=0.000332s, max_time=0.000406s, min_time=0.000129s; SET_CUSTOM_META: req_count=6, req/min=0.16, avg_time=0.000046s, max_time=0.000055s, min_time=0.000015s; CLEAR_META: req_count=1, req/min=0.03, avg_time=0.000268s, max_time=0.000268s, min_time=0.000268s
(WorkerDict pid=2435) /work/verl-core/verl/plugin/platform/platform_cuda.py:99: FutureWarning: torch.cuda._set_allocator_settings is deprecated. Use torch._C._accelerator_setAllocatorSettings instead.
(WorkerDict pid=2435)   torch.cuda.memory._set_allocator_settings(settings)
(SimpleStorageUnit pid=2270) Per-operation statistics: PUT_DATA: req_count=3, req/min=0.08, avg_time=0.015123s, max_time=0.015353s, min_time=0.014995s; CLEAR_DATA: req_count=1, req/min=0.03, avg_time=0.015145s, max_time=0.015145s, min_time=0.015145s; GET_DATA: req_count=2, req/min=0.05, avg_time=0.015048s, max_time=0.015188s, min_time=0.014907s
(DiffusionTaskRunnerV1 pid=2013)
Diffusion Training:  97%|█████████▋| 97/100 [30:31:17<1:52:26, 2248.73s/it]
(DiffusionTaskRunnerV1 pid=2013) step:97 - actor/policy_loss:8.059962885081768 - actor/positive_loss:0.16119540273211896 - actor/negative_loss:0.16120230964152144 - actor/ref_kl_loss:0.021506023406982423 - actor/old_deviate:0.00011162310838699342 - actor/reward_prob_mean:0.5000000037252903 - actor/total_loss:8.059965040534735 - actor/loss:8.05996561050415 - actor/grad_norm:0.02655029296875 - actor/lr:0.0003 - perf/mfu/actor:0.016219009609387845 - old_policy/update_applied:0.0 - old_policy/copy_update:0.0 - old_policy/ema_update:0.0 - old_policy/decay:0.0 - training/global_step:97 - training/epoch:0 - critic/rewards/mean:0.8638392686843872 - critic/rewards/max:1.0 - critic/rewards/min:0.0 - critic/rewards/zero_std_ratio:0.5 - critic/rewards/std_mean:0.13615301251411438 - critic/rewards/group_size:4.0 - timing_s/feed:0.039400446927174926 - timing_s/gen:372.1943560510408 - timing_s/reward:24.689284070045687 - timing_s/prepare_actor_batch:0.04737486399244517 - timing_s/update_actor:1912.8699552139733 - timing_s/save_checkpoint:295.6789048969513 - timing_s/update_weights:11.798064174014144 - timing_s/step:2617.4397410979727 - timing_per_image_ms/gen:23262.14725319005 - timing_per_image_ms/update_actor:119554.37220087333 - perf/total_num_images:16 - perf/time_per_step:2617.4397410979727 - perf/throughput:0.003056421843982598 - training/off_policy/trajectory_spans/mean:np.float64(1.0) - training/off_policy/trajectory_spans/max:np.int64(1) - training/off_policy/trajectory_spans/min:np.int64(1) - training/off_policy/trajectory_staleness/mean:np.float64(-1.0) - training/off_policy/trajectory_staleness/max:np.int64(-1) - training/off_policy/trajectory_staleness/min:np.int64(-1) - training/off_policy/trajectory_staleness_worst/mean:np.float64(-1.0) - training/off_policy/trajectory_staleness_worst/max:np.int64(-1) - training/off_policy/trajectory_staleness_worst/min:np.int64(-1)
(DiffusionTaskRunnerV1 pid=2013) Dumped diffusion generations to /work/evidence/ocr-v1-100-12/rollouts/97.jsonl
(TransferQueueController pid=2198) Per-operation statistics: KV_RETRIEVE_META: req_count=21, req/min=4.19, avg_time=0.000954s, max_time=0.002391s, min_time=0.000566s; CLEAR_META: req_count=1, req/min=0.20, avg_time=0.000458s, max_time=0.000458s, min_time=0.000458s; SET_CUSTOM_META: req_count=19, req/min=3.79, avg_time=0.000055s, max_time=0.000072s, min_time=0.000041s; KV_LIST: req_count=151, req/min=30.10, avg_time=0.000086s, max_time=0.000168s, min_time=0.000025s; NOTIFY_DATA_UPDATE: req_count=12, req/min=2.39, avg_time=0.000409s, max_time=0.000480s, min_time=0.000187s
(TransferQueueController pid=2198) 2026-09-15 09:53:22,184 - INFO - transfer_queue.utils.perf_utils - TQ_CONTROLLER_bdabb3eb: [Performance] Total success requests: 204, Total req/min: 40.67, Total avg process time: 0.0002s;  [repeated 2x across cluster]
(TransferQueueController pid=2198) Time range: last 5.02 minutes;  [repeated 2x across cluster]
(SimpleStorageUnit pid=2270) Per-operation statistics: GET_DATA: req_count=1, req/min=0.19, avg_time=0.014909s, max_time=0.014909s, min_time=0.014909s; CLEAR_DATA: req_count=1, req/min=0.19, avg_time=0.015327s, max_time=0.015327s, min_time=0.015327s; PUT_DATA: req_count=13, req/min=2.50, avg_time=0.014583s, max_time=0.015487s, min_time=0.006426s
(SimpleStorageUnit pid=2270) 2026-09-15 09:53:33,381 - INFO - transfer_queue.utils.perf_utils - TQ_STORAGE_UNIT_14be62ca: [Performance] Total success requests: 15, Total req/min: 2.88, Total avg process time: 0.0147s;
(SimpleStorageUnit pid=2270) Time range: last 5.20 minutes;
(WorkerDict pid=2434) /usr/local/lib/python3.12/dist-packages/torch/distributed/fsdp/_fully_shard/_fsdp_state.py:331: UserWarning: FSDP2-wrapped module (FSDPQwenImageTransformer2DModel) returned a view tensor. An in-place op on this view (e.g., `x += y`) will silently drop the pre-backward hook and skip the all-gather, which can cause backward to fail or produce wrong gradients. Use out-of-place ops (`out = out + y`, not `out += y`) or `.clone()` the output before any in-place op.
(WorkerDict pid=2434)   output = self._register_pre_backward_hook(output)
(WorkerDict pid=2435) INFO:2026-09-15 10:30:44,918:[Rank 1] Saved model to /work/evidence/ocr-v1-100-12/checkpoints/global_step_98/actor/model_world_size_2_rank_1.pt
(WorkerDict pid=2435) /usr/local/lib/python3.12/dist-packages/torch/distributed/fsdp/_fully_shard/_fsdp_state.py:331: UserWarning: FSDP2-wrapped module (FSDPQwenImageTransformer2DModel) returned a view tensor. An in-place op on this view (e.g., `x += y`) will silently drop the pre-backward hook and skip the all-gather, which can cause backward to fail or produce wrong gradients. Use out-of-place ops (`out = out + y`, not `out += y`) or `.clone()` the output before any in-place op.
(WorkerDict pid=2435)   output = self._register_pre_backward_hook(output)
(WorkerDict pid=2435) INFO:2026-09-15 10:30:51,091:[Rank 1] Saved optim to /work/evidence/ocr-v1-100-12/checkpoints/global_step_98/actor/optim_world_size_2_rank_1.pt
(WorkerDict pid=2435) INFO:2026-09-15 10:30:51,096:[Rank 1] Saved extra_state to /work/evidence/ocr-v1-100-12/checkpoints/global_step_98/actor/extra_state_world_size_2_rank_1.pt
(WorkerDict pid=2435) /work/verl-core/verl/plugin/platform/platform_cuda.py:99: FutureWarning: torch.cuda._set_allocator_settings is deprecated. Use torch._C._accelerator_setAllocatorSettings instead.
(WorkerDict pid=2435)   torch.cuda.memory._set_allocator_settings(settings)
(TransferQueueController pid=2198) 2026-09-15 10:32:50,018 - INFO - transfer_queue.utils.perf_utils - TQ_CONTROLLER_bdabb3eb: [Performance] Total success requests: 64, Total req/min: 1.62, Total avg process time: 0.0003s;
(TransferQueueController pid=2198) Time range: last 39.46 minutes;
(TransferQueueController pid=2198) Per-operation statistics: KV_LIST: req_count=41, req/min=1.04, avg_time=0.000094s, max_time=0.000134s, min_time=0.000043s; KV_RETRIEVE_META: req_count=10, req/min=0.25, avg_time=0.001344s, max_time=0.002836s, min_time=0.000640s; NOTIFY_DATA_UPDATE: req_count=5, req/min=0.13, avg_time=0.000400s, max_time=0.000414s, min_time=0.000382s; SET_CUSTOM_META: req_count=7, req/min=0.18, avg_time=0.000055s, max_time=0.000070s, min_time=0.000049s; CLEAR_META: req_count=1, req/min=0.03, avg_time=0.000266s, max_time=0.000266s, min_time=0.000266s
(WorkerDict pid=2434) /work/verl-core/verl/plugin/platform/platform_cuda.py:99: FutureWarning: torch.cuda._set_allocator_settings is deprecated. Use torch._C._accelerator_setAllocatorSettings instead.
(WorkerDict pid=2434)   torch.cuda.memory._set_allocator_settings(settings)
(SimpleStorageUnit pid=2270) Per-operation statistics: PUT_DATA: req_count=4, req/min=0.10, avg_time=0.015097s, max_time=0.015127s, min_time=0.015075s; CLEAR_DATA: req_count=1, req/min=0.03, avg_time=0.015024s, max_time=0.015024s, min_time=0.015024s; GET_DATA: req_count=2, req/min=0.05, avg_time=0.015142s, max_time=0.015210s, min_time=0.015073s
(DiffusionTaskRunnerV1 pid=2013)
Diffusion Training:  98%|█████████▊| 98/100 [31:15:46<1:19:09, 2374.78s/it]
(DiffusionTaskRunnerV1 pid=2013) step:98 - actor/policy_loss:8.640720568597317 - actor/positive_loss:0.17279987430665644 - actor/negative_loss:0.17282145940698684 - actor/ref_kl_loss:0.02180614471435547 - actor/old_deviate:0.00034413039684295655 - actor/reward_prob_mean:0.49999999813735485 - actor/total_loss:8.640722727775573 - actor/loss:8.640722751617432 - actor/grad_norm:0.093505859375 - actor/lr:0.0003 - perf/mfu/actor:0.01654771776404081 - old_policy/update_applied:1.0 - old_policy/copy_update:0.0 - old_policy/ema_update:1.0 - old_policy/decay:0.1725 - training/global_step:98 - training/epoch:0 - critic/rewards/mean:0.8338903784751892 - critic/rewards/max:1.0 - critic/rewards/min:0.0 - critic/rewards/zero_std_ratio:0.25 - critic/rewards/std_mean:0.19620396196842194 - critic/rewards/group_size:4.0 - timing_s/feed:0.062641054042615 - timing_s/gen:387.00701192195993 - timing_s/reward:83.71643495396711 - timing_s/prepare_actor_batch:0.06248688499908894 - timing_s/update_actor:1895.6539210909978 - timing_s/save_checkpoint:288.11234410107136 - timing_s/update_weights:13.685416602063924 - timing_s/step:2668.454525009962 - timing_per_image_ms/gen:24187.938245122496 - timing_per_image_ms/update_actor:118478.37006818736 - perf/total_num_images:16 - perf/time_per_step:2668.454525009962 - perf/throughput:0.0029979900069573547 - training/off_policy/trajectory_spans/mean:np.float64(1.0) - training/off_policy/trajectory_spans/max:np.int64(1) - training/off_policy/trajectory_spans/min:np.int64(1) - training/off_policy/trajectory_staleness/mean:np.float64(-1.0) - training/off_policy/trajectory_staleness/max:np.int64(-1) - training/off_policy/trajectory_staleness/min:np.int64(-1) - training/off_policy/trajectory_staleness_worst/mean:np.float64(-1.0) - training/off_policy/trajectory_staleness_worst/max:np.int64(-1) - training/off_policy/trajectory_staleness_worst/min:np.int64(-1)
(DiffusionTaskRunnerV1 pid=2013) Dumped diffusion generations to /work/evidence/ocr-v1-100-12/rollouts/98.jsonl
(TransferQueueController pid=2198) Per-operation statistics: KV_RETRIEVE_META: req_count=22, req/min=4.38, avg_time=0.000845s, max_time=0.002417s, min_time=0.000201s; CLEAR_META: req_count=1, req/min=0.20, avg_time=0.000412s, max_time=0.000412s, min_time=0.000412s; SET_CUSTOM_META: req_count=20, req/min=3.99, avg_time=0.000048s, max_time=0.000087s, min_time=0.000015s; KV_LIST: req_count=151, req/min=30.09, avg_time=0.000083s, max_time=0.000176s, min_time=0.000033s; NOTIFY_DATA_UPDATE: req_count=13, req/min=2.59, avg_time=0.000365s, max_time=0.000494s, min_time=0.000161s
(TransferQueueController pid=2198) 2026-09-15 10:37:51,094 - INFO - transfer_queue.utils.perf_utils - TQ_CONTROLLER_bdabb3eb: [Performance] Total success requests: 207, Total req/min: 41.25, Total avg process time: 0.0002s;  [repeated 2x across cluster]
(TransferQueueController pid=2198) Time range: last 5.02 minutes;  [repeated 2x across cluster]
(SimpleStorageUnit pid=2270) Per-operation statistics: GET_DATA: req_count=1, req/min=0.19, avg_time=0.014970s, max_time=0.014970s, min_time=0.014970s; CLEAR_DATA: req_count=1, req/min=0.19, avg_time=0.015449s, max_time=0.015449s, min_time=0.015449s; PUT_DATA: req_count=14, req/min=2.65, avg_time=0.015240s, max_time=0.015467s, min_time=0.015004s
(SimpleStorageUnit pid=2270) 2026-09-15 10:38:06,939 - INFO - transfer_queue.utils.perf_utils - TQ_STORAGE_UNIT_14be62ca: [Performance] Total success requests: 16, Total req/min: 3.03, Total avg process time: 0.0152s;
(SimpleStorageUnit pid=2270) Time range: last 5.28 minutes;
(WorkerDict pid=2435) /usr/local/lib/python3.12/dist-packages/torch/distributed/fsdp/_fully_shard/_fsdp_state.py:331: UserWarning: FSDP2-wrapped module (FSDPQwenImageTransformer2DModel) returned a view tensor. An in-place op on this view (e.g., `x += y`) will silently drop the pre-backward hook and skip the all-gather, which can cause backward to fail or produce wrong gradients. Use out-of-place ops (`out = out + y`, not `out += y`) or `.clone()` the output before any in-place op.
(WorkerDict pid=2435)   output = self._register_pre_backward_hook(output)
(WorkerDict pid=2435) INFO:2026-09-15 11:16:59,965:[Rank 1] Saved model to /work/evidence/ocr-v1-100-12/checkpoints/global_step_99/actor/model_world_size_2_rank_1.pt
(WorkerDict pid=2434) /usr/local/lib/python3.12/dist-packages/torch/distributed/fsdp/_fully_shard/_fsdp_state.py:331: UserWarning: FSDP2-wrapped module (FSDPQwenImageTransformer2DModel) returned a view tensor. An in-place op on this view (e.g., `x += y`) will silently drop the pre-backward hook and skip the all-gather, which can cause backward to fail or produce wrong gradients. Use out-of-place ops (`out = out + y`, not `out += y`) or `.clone()` the output before any in-place op.
(WorkerDict pid=2434)   output = self._register_pre_backward_hook(output)
(WorkerDict pid=2435) INFO:2026-09-15 11:17:08,779:[Rank 1] Saved optim to /work/evidence/ocr-v1-100-12/checkpoints/global_step_99/actor/optim_world_size_2_rank_1.pt
(WorkerDict pid=2435) INFO:2026-09-15 11:17:08,785:[Rank 1] Saved extra_state to /work/evidence/ocr-v1-100-12/checkpoints/global_step_99/actor/extra_state_world_size_2_rank_1.pt
(WorkerDict pid=2435) /work/verl-core/verl/plugin/platform/platform_cuda.py:99: FutureWarning: torch.cuda._set_allocator_settings is deprecated. Use torch._C._accelerator_setAllocatorSettings instead.
(WorkerDict pid=2435)   torch.cuda.memory._set_allocator_settings(settings)
(TransferQueueController pid=2198) 2026-09-15 11:21:14,555 - INFO - transfer_queue.utils.perf_utils - TQ_CONTROLLER_bdabb3eb: [Performance] Total success requests: 51, Total req/min: 1.18, Total avg process time: 0.0020s;
(TransferQueueController pid=2198) Time range: last 43.39 minutes;
(TransferQueueController pid=2198) Per-operation statistics: KV_LIST: req_count=31, req/min=0.71, avg_time=0.000097s, max_time=0.000134s, min_time=0.000041s; KV_RETRIEVE_META: req_count=9, req/min=0.21, avg_time=0.010955s, max_time=0.088640s, min_time=0.000710s; NOTIFY_DATA_UPDATE: req_count=4, req/min=0.09, avg_time=0.000369s, max_time=0.000452s, min_time=0.000177s; SET_CUSTOM_META: req_count=6, req/min=0.14, avg_time=0.000056s, max_time=0.000063s, min_time=0.000051s; CLEAR_META: req_count=1, req/min=0.02, avg_time=0.000285s, max_time=0.000285s, min_time=0.000285s
(WorkerDict pid=2434) /work/verl-core/verl/plugin/platform/platform_cuda.py:99: FutureWarning: torch.cuda._set_allocator_settings is deprecated. Use torch._C._accelerator_setAllocatorSettings instead.
(WorkerDict pid=2434)   torch.cuda.memory._set_allocator_settings(settings)
(SimpleStorageUnit pid=2270) Per-operation statistics: PUT_DATA: req_count=3, req/min=0.07, avg_time=0.015140s, max_time=0.015266s, min_time=0.015008s; CLEAR_DATA: req_count=1, req/min=0.02, avg_time=0.015285s, max_time=0.015285s, min_time=0.015285s; GET_DATA: req_count=2, req/min=0.05, avg_time=0.015395s, max_time=0.015719s, min_time=0.015072s
(DiffusionTaskRunnerV1 pid=2013)
Diffusion Training:  99%|█████████▉| 99/100 [32:04:11<42:13, 2533.80s/it]
(DiffusionTaskRunnerV1 pid=2013) step:99 - actor/policy_loss:9.329843490570784 - actor/positive_loss:0.18655368427280336 - actor/negative_loss:0.1866457517957315 - actor/ref_kl_loss:0.020181465148925784 - actor/old_deviate:0.00015680044889450074 - actor/reward_prob_mean:0.4999999962747097 - actor/total_loss:9.32984550744295 - actor/loss:9.329845905303955 - actor/grad_norm:0.0340576171875 - actor/lr:0.0003 - perf/mfu/actor:0.015956132186227677 - old_policy/update_applied:0.0 - old_policy/copy_update:0.0 - old_policy/ema_update:0.0 - old_policy/decay:0.0 - training/global_step:99 - training/epoch:0 - critic/rewards/mean:0.7795138955116272 - critic/rewards/max:1.0 - critic/rewards/min:0.0 - critic/rewards/zero_std_ratio:0.25 - critic/rewards/std_mean:0.242019385099411 - critic/rewards/group_size:4.0 - timing_s/feed:0.061925129033625126 - timing_s/gen:367.13800306408666 - timing_s/reward:23.76780781999696 - timing_s/prepare_actor_batch:0.050880405004136264 - timing_s/update_actor:1951.0796988179209 - timing_s/save_checkpoint:548.8357256019954 - timing_s/update_weights:12.870467268978246 - timing_s/step:2903.968111019931 - timing_per_image_ms/gen:22946.125191505416 - timing_per_image_ms/update_actor:121942.48117612005 - perf/total_num_images:16 - perf/time_per_step:2903.968111019931 - perf/throughput:0.002754851187808065 - training/off_policy/trajectory_spans/mean:np.float64(1.0) - training/off_policy/trajectory_spans/max:np.int64(1) - training/off_policy/trajectory_spans/min:np.int64(1) - training/off_policy/trajectory_staleness/mean:np.float64(-1.0) - training/off_policy/trajectory_staleness/max:np.int64(-1) - training/off_policy/trajectory_staleness/min:np.int64(-1) - training/off_policy/trajectory_staleness_worst/mean:np.float64(-1.0) - training/off_policy/trajectory_staleness_worst/max:np.int64(-1) - training/off_policy/trajectory_staleness_worst/min:np.int64(-1)
(DiffusionTaskRunnerV1 pid=2013) Dumped diffusion generations to /work/evidence/ocr-v1-100-12/rollouts/99.jsonl
(TransferQueueController pid=2198) Per-operation statistics: KV_RETRIEVE_META: req_count=22, req/min=4.38, avg_time=0.000561s, max_time=0.001688s, min_time=0.000244s; CLEAR_META: req_count=1, req/min=0.20, avg_time=0.000210s, max_time=0.000210s, min_time=0.000210s; SET_CUSTOM_META: req_count=20, req/min=3.98, avg_time=0.000038s, max_time=0.000070s, min_time=0.000018s; KV_LIST: req_count=151, req/min=30.07, avg_time=0.000055s, max_time=0.000112s, min_time=0.000033s; NOTIFY_DATA_UPDATE: req_count=13, req/min=2.59, avg_time=0.000303s, max_time=0.000481s, min_time=0.000173s
(TransferQueueController pid=2198) 2026-09-15 11:26:15,820 - INFO - transfer_queue.utils.perf_utils - TQ_CONTROLLER_bdabb3eb: [Performance] Total success requests: 207, Total req/min: 41.23, Total avg process time: 0.0001s;  [repeated 2x across cluster]
(TransferQueueController pid=2198) Time range: last 5.02 minutes;  [repeated 2x across cluster]
(SimpleStorageUnit pid=2270) Per-operation statistics: GET_DATA: req_count=1, req/min=0.19, avg_time=0.009361s, max_time=0.009361s, min_time=0.009361s; CLEAR_DATA: req_count=1, req/min=0.19, avg_time=0.012958s, max_time=0.012958s, min_time=0.012958s; PUT_DATA: req_count=14, req/min=2.62, avg_time=0.009957s, max_time=0.017954s, min_time=0.004161s
(SimpleStorageUnit pid=2270) 2026-09-15 11:26:34,680 - INFO - transfer_queue.utils.perf_utils - TQ_STORAGE_UNIT_14be62ca: [Performance] Total success requests: 16, Total req/min: 3.00, Total avg process time: 0.0101s;
(SimpleStorageUnit pid=2270) Time range: last 5.33 minutes;
(WorkerDict pid=2434) /usr/local/lib/python3.12/dist-packages/torch/distributed/fsdp/_fully_shard/_fsdp_state.py:331: UserWarning: FSDP2-wrapped module (FSDPQwenImageTransformer2DModel) returned a view tensor. An in-place op on this view (e.g., `x += y`) will silently drop the pre-backward hook and skip the all-gather, which can cause backward to fail or produce wrong gradients. Use out-of-place ops (`out = out + y`, not `out += y`) or `.clone()` the output before any in-place op.
(WorkerDict pid=2434)   output = self._register_pre_backward_hook(output)
(WorkerDict pid=2435) INFO:2026-09-15 12:08:53,236:[Rank 1] Saved model to /work/evidence/ocr-v1-100-12/checkpoints/global_step_100/actor/model_world_size_2_rank_1.pt
(WorkerDict pid=2435) /usr/local/lib/python3.12/dist-packages/torch/distributed/fsdp/_fully_shard/_fsdp_state.py:331: UserWarning: FSDP2-wrapped module (FSDPQwenImageTransformer2DModel) returned a view tensor. An in-place op on this view (e.g., `x += y`) will silently drop the pre-backward hook and skip the all-gather, which can cause backward to fail or produce wrong gradients. Use out-of-place ops (`out = out + y`, not `out += y`) or `.clone()` the output before any in-place op.
(WorkerDict pid=2435)   output = self._register_pre_backward_hook(output)
(WorkerDict pid=2435) INFO:2026-09-15 12:09:39,009:[Rank 1] Saved optim to /work/evidence/ocr-v1-100-12/checkpoints/global_step_100/actor/optim_world_size_2_rank_1.pt
(WorkerDict pid=2435) INFO:2026-09-15 12:09:39,283:[Rank 1] Saved extra_state to /work/evidence/ocr-v1-100-12/checkpoints/global_step_100/actor/extra_state_world_size_2_rank_1.pt
(WorkerDict pid=2435) /work/verl-core/verl/plugin/platform/platform_cuda.py:99: FutureWarning: torch.cuda._set_allocator_settings is deprecated. Use torch._C._accelerator_setAllocatorSettings instead.
(WorkerDict pid=2435)   torch.cuda.memory._set_allocator_settings(settings)
(TransferQueueController pid=2198) 2026-09-15 12:17:06,960 - INFO - transfer_queue.utils.perf_utils - TQ_CONTROLLER_bdabb3eb: [Performance] Total success requests: 52, Total req/min: 1.02, Total avg process time: 0.0020s;
(TransferQueueController pid=2198) Time range: last 50.85 minutes;
(TransferQueueController pid=2198) Per-operation statistics: KV_LIST: req_count=32, req/min=0.63, avg_time=0.000056s, max_time=0.000071s, min_time=0.000040s; KV_RETRIEVE_META: req_count=9, req/min=0.18, avg_time=0.011501s, max_time=0.099466s, min_time=0.000216s; NOTIFY_DATA_UPDATE: req_count=4, req/min=0.08, avg_time=0.000212s, max_time=0.000295s, min_time=0.000143s; SET_CUSTOM_META: req_count=6, req/min=0.12, avg_time=0.000019s, max_time=0.000029s, min_time=0.000014s; CLEAR_META: req_count=1, req/min=0.02, avg_time=0.000139s, max_time=0.000139s, min_time=0.000139s
(WorkerDict pid=2434) /work/verl-core/verl/plugin/platform/platform_cuda.py:99: FutureWarning: torch.cuda._set_allocator_settings is deprecated. Use torch._C._accelerator_setAllocatorSettings instead.
(WorkerDict pid=2434)   torch.cuda.memory._set_allocator_settings(settings)
(SimpleStorageUnit pid=2270) Per-operation statistics: PUT_DATA: req_count=4, req/min=0.08, avg_time=0.006398s, max_time=0.009852s, min_time=0.004144s; CLEAR_DATA: req_count=1, req/min=0.02, avg_time=0.005115s, max_time=0.005115s, min_time=0.005115s; GET_DATA: req_count=1, req/min=0.02, avg_time=0.006571s, max_time=0.006571s, min_time=0.006571s
(SimpleStorageUnit pid=2270) 2026-09-15 12:18:37,086 - INFO - transfer_queue.utils.perf_utils - TQ_STORAGE_UNIT_14be62ca: [Performance] Total success requests: 6, Total req/min: 0.12, Total avg process time: 0.0062s;
(SimpleStorageUnit pid=2270) Time range: last 52.04 minutes;
(TransferQueueController pid=2198) 2026-09-15 12:22:07,602 - INFO - transfer_queue.utils.perf_utils - TQ_CONTROLLER_bdabb3eb: [Performance] Total success requests: 231, Total req/min: 46.10, Total avg process time: 0.0001s;
(TransferQueueController pid=2198) Time range: last 5.01 minutes;
(TransferQueueController pid=2198) Per-operation statistics: SET_CUSTOM_META: req_count=39, req/min=7.78, avg_time=0.000012s, max_time=0.000032s, min_time=0.000009s; KV_RETRIEVE_META: req_count=38, req/min=7.58, avg_time=0.000253s, max_time=0.000544s, min_time=0.000160s; KV_LIST: req_count=151, req/min=30.14, avg_time=0.000071s, max_time=0.000142s, min_time=0.000051s; NOTIFY_DATA_UPDATE: req_count=3, req/min=0.60, avg_time=0.000230s, max_time=0.000242s, min_time=0.000211s
(SimpleStorageUnit pid=2270) Per-operation statistics: PUT_DATA: req_count=4, req/min=0.66, avg_time=0.006575s, max_time=0.008467s, min_time=0.004014s
(SimpleStorageUnit pid=2270) 2026-09-15 12:24:41,502 - INFO - transfer_queue.utils.perf_utils - TQ_STORAGE_UNIT_14be62ca: [Performance] Total success requests: 4, Total req/min: 0.66, Total avg process time: 0.0066s;
(SimpleStorageUnit pid=2270) Time range: last 6.07 minutes;
(TransferQueueController pid=2198) 2026-09-15 12:27:08,164 - INFO - transfer_queue.utils.perf_utils - TQ_CONTROLLER_bdabb3eb: [Performance] Total success requests: 165, Total req/min: 32.94, Total avg process time: 0.0001s;
(TransferQueueController pid=2198) Time range: last 5.01 minutes;
(TransferQueueController pid=2198) Per-operation statistics: KV_LIST: req_count=150, req/min=29.94, avg_time=0.000073s, max_time=0.000177s, min_time=0.000048s; KV_RETRIEVE_META: req_count=6, req/min=1.20, avg_time=0.000422s, max_time=0.000536s, min_time=0.000278s; NOTIFY_DATA_UPDATE: req_count=3, req/min=0.60, avg_time=0.000221s, max_time=0.000316s, min_time=0.000161s; SET_CUSTOM_META: req_count=6, req/min=1.20, avg_time=0.000028s, max_time=0.000040s, min_time=0.000018s
(SimpleStorageUnit pid=2270) Per-operation statistics: PUT_DATA: req_count=4, req/min=0.62, avg_time=0.006682s, max_time=0.012668s, min_time=0.004037s
(SimpleStorageUnit pid=2270) 2026-09-15 12:31:06,104 - INFO - transfer_queue.utils.perf_utils - TQ_STORAGE_UNIT_14be62ca: [Performance] Total success requests: 4, Total req/min: 0.62, Total avg process time: 0.0067s;
(SimpleStorageUnit pid=2270) Time range: last 6.41 minutes;
(TransferQueueController pid=2198) 2026-09-15 12:32:08,722 - INFO - transfer_queue.utils.perf_utils - TQ_CONTROLLER_bdabb3eb: [Performance] Total success requests: 165, Total req/min: 32.94, Total avg process time: 0.0001s;
(TransferQueueController pid=2198) Time range: last 5.01 minutes;
(TransferQueueController pid=2198) Per-operation statistics: KV_LIST: req_count=150, req/min=29.94, avg_time=0.000074s, max_time=0.000181s, min_time=0.000049s; KV_RETRIEVE_META: req_count=6, req/min=1.20, avg_time=0.000497s, max_time=0.000889s, min_time=0.000236s; NOTIFY_DATA_UPDATE: req_count=3, req/min=0.60, avg_time=0.000328s, max_time=0.000423s, min_time=0.000190s; SET_CUSTOM_META: req_count=6, req/min=1.20, avg_time=0.000033s, max_time=0.000061s, min_time=0.000022s
(TransferQueueController pid=2198) 2026-09-15 12:37:09,278 - INFO - transfer_queue.utils.perf_utils - TQ_CONTROLLER_bdabb3eb: [Performance] Total success requests: 165, Total req/min: 32.94, Total avg process time: 0.0001s;
(TransferQueueController pid=2198) Time range: last 5.01 minutes;
(TransferQueueController pid=2198) Per-operation statistics: KV_LIST: req_count=150, req/min=29.94, avg_time=0.000077s, max_time=0.000187s, min_time=0.000052s; KV_RETRIEVE_META: req_count=6, req/min=1.20, avg_time=0.000360s, max_time=0.000517s, min_time=0.000279s; NOTIFY_DATA_UPDATE: req_count=3, req/min=0.60, avg_time=0.000215s, max_time=0.000222s, min_time=0.000209s; SET_CUSTOM_META: req_count=6, req/min=1.20, avg_time=0.000022s, max_time=0.000030s, min_time=0.000018s
(SimpleStorageUnit pid=2270) 2026-09-15 12:37:17,992 - INFO - transfer_queue.utils.perf_utils - TQ_STORAGE_UNIT_14be62ca: [Performance] Total success requests: 4, Total req/min: 0.65, Total avg process time: 0.0062s;
(SimpleStorageUnit pid=2270) Time range: last 6.20 minutes;
(SimpleStorageUnit pid=2270) Per-operation statistics: PUT_DATA: req_count=4, req/min=0.65, avg_time=0.006185s, max_time=0.008966s, min_time=0.004094s
(TransferQueueController pid=2198) Per-operation statistics: KV_LIST: req_count=150, req/min=29.95, avg_time=0.000073s, max_time=0.000151s, min_time=0.000052s; KV_RETRIEVE_META: req_count=8, req/min=1.60, avg_time=0.000391s, max_time=0.000619s, min_time=0.000297s; NOTIFY_DATA_UPDATE: req_count=4, req/min=0.80, avg_time=0.000237s, max_time=0.000301s, min_time=0.000186s; SET_CUSTOM_META: req_count=8, req/min=1.60, avg_time=0.000027s, max_time=0.000044s, min_time=0.000015s
(TransferQueueController pid=2198) 2026-09-15 12:42:09,799 - INFO - transfer_queue.utils.perf_utils - TQ_CONTROLLER_bdabb3eb: [Performance] Total success requests: 170, Total req/min: 33.94, Total avg process time: 0.0001s;
(TransferQueueController pid=2198) Time range: last 5.01 minutes;
(SimpleStorageUnit pid=2270) 2026-09-15 12:43:18,937 - INFO - transfer_queue.utils.perf_utils - TQ_STORAGE_UNIT_14be62ca: [Performance] Total success requests: 4, Total req/min: 0.66, Total avg process time: 0.0078s;
(SimpleStorageUnit pid=2270) Time range: last 6.02 minutes;
(SimpleStorageUnit pid=2270) Per-operation statistics: PUT_DATA: req_count=4, req/min=0.66, avg_time=0.007783s, max_time=0.010626s, min_time=0.004060s
(TransferQueueController pid=2198) Per-operation statistics: KV_LIST: req_count=150, req/min=29.94, avg_time=0.000078s, max_time=0.000211s, min_time=0.000050s; KV_RETRIEVE_META: req_count=6, req/min=1.20, avg_time=0.000423s, max_time=0.000743s, min_time=0.000237s; NOTIFY_DATA_UPDATE: req_count=3, req/min=0.60, avg_time=0.000230s, max_time=0.000307s, min_time=0.000172s; SET_CUSTOM_META: req_count=6, req/min=1.20, avg_time=0.000026s, max_time=0.000037s, min_time=0.000018s
(TransferQueueController pid=2198) 2026-09-15 12:47:10,412 - INFO - transfer_queue.utils.perf_utils - TQ_CONTROLLER_bdabb3eb: [Performance] Total success requests: 165, Total req/min: 32.93, Total avg process time: 0.0001s;
(TransferQueueController pid=2198) Time range: last 5.01 minutes;
(SimpleStorageUnit pid=2270) 2026-09-15 12:49:21,990 - INFO - transfer_queue.utils.perf_utils - TQ_STORAGE_UNIT_14be62ca: [Performance] Total success requests: 4, Total req/min: 0.66, Total avg process time: 0.0100s;
(SimpleStorageUnit pid=2270) Time range: last 6.05 minutes;
(SimpleStorageUnit pid=2270) Per-operation statistics: PUT_DATA: req_count=4, req/min=0.66, avg_time=0.010029s, max_time=0.019246s, min_time=0.005514s
(TransferQueueController pid=2198) Per-operation statistics: KV_LIST: req_count=150, req/min=29.95, avg_time=0.000083s, max_time=0.000255s, min_time=0.000052s; KV_RETRIEVE_META: req_count=6, req/min=1.20, avg_time=0.000594s, max_time=0.001172s, min_time=0.000274s; NOTIFY_DATA_UPDATE: req_count=3, req/min=0.60, avg_time=0.000292s, max_time=0.000359s, min_time=0.000232s; SET_CUSTOM_META: req_count=6, req/min=1.20, avg_time=0.000030s, max_time=0.000042s, min_time=0.000023s
(TransferQueueController pid=2198) 2026-09-15 12:52:10,944 - INFO - transfer_queue.utils.perf_utils - TQ_CONTROLLER_bdabb3eb: [Performance] Total success requests: 165, Total req/min: 32.94, Total avg process time: 0.0001s;
(TransferQueueController pid=2198) Time range: last 5.01 minutes;
(SimpleStorageUnit pid=2270) 2026-09-15 12:55:26,705 - INFO - transfer_queue.utils.perf_utils - TQ_STORAGE_UNIT_14be62ca: [Performance] Total success requests: 4, Total req/min: 0.66, Total avg process time: 0.0063s;
(SimpleStorageUnit pid=2270) Time range: last 6.08 minutes;
(SimpleStorageUnit pid=2270) Per-operation statistics: PUT_DATA: req_count=4, req/min=0.66, avg_time=0.006263s, max_time=0.007876s, min_time=0.004836s
(TransferQueueController pid=2198) Per-operation statistics: KV_LIST: req_count=150, req/min=29.94, avg_time=0.000090s, max_time=0.000203s, min_time=0.000055s; KV_RETRIEVE_META: req_count=8, req/min=1.60, avg_time=0.000477s, max_time=0.000931s, min_time=0.000179s; NOTIFY_DATA_UPDATE: req_count=4, req/min=0.80, avg_time=0.008687s, max_time=0.034123s, min_time=0.000149s; SET_CUSTOM_META: req_count=8, req/min=1.60, avg_time=0.000022s, max_time=0.000036s, min_time=0.000013s
(TransferQueueController pid=2198) 2026-09-15 12:57:11,564 - INFO - transfer_queue.utils.perf_utils - TQ_CONTROLLER_bdabb3eb: [Performance] Total success requests: 170, Total req/min: 33.93, Total avg process time: 0.0003s;
(TransferQueueController pid=2198) Time range: last 5.01 minutes;
(SimpleStorageUnit pid=2270) 2026-09-15 13:01:41,779 - INFO - transfer_queue.utils.perf_utils - TQ_STORAGE_UNIT_14be62ca: [Performance] Total success requests: 4, Total req/min: 0.64, Total avg process time: 0.0079s;
(SimpleStorageUnit pid=2270) Time range: last 6.25 minutes;
(SimpleStorageUnit pid=2270) Per-operation statistics: PUT_DATA: req_count=4, req/min=0.64, avg_time=0.007889s, max_time=0.010409s, min_time=0.004969s
(TransferQueueController pid=2198) Per-operation statistics: KV_LIST: req_count=150, req/min=29.94, avg_time=0.000088s, max_time=0.000186s, min_time=0.000056s; KV_RETRIEVE_META: req_count=6, req/min=1.20, avg_time=0.000970s, max_time=0.002890s, min_time=0.000405s; NOTIFY_DATA_UPDATE: req_count=3, req/min=0.60, avg_time=0.000313s, max_time=0.000390s, min_time=0.000258s; SET_CUSTOM_META: req_count=6, req/min=1.20, avg_time=0.000046s, max_time=0.000068s, min_time=0.000023s
(TransferQueueController pid=2198) 2026-09-15 13:02:12,156 - INFO - transfer_queue.utils.perf_utils - TQ_CONTROLLER_bdabb3eb: [Performance] Total success requests: 165, Total req/min: 32.94, Total avg process time: 0.0001s;
(TransferQueueController pid=2198) Time range: last 5.01 minutes;
(TransferQueueController pid=2198) 2026-09-15 13:08:31,653 - INFO - transfer_queue.utils.perf_utils - TQ_CONTROLLER_bdabb3eb: [Performance] Total success requests: 151, Total req/min: 23.87, Total avg process time: 0.0001s;
(TransferQueueController pid=2198) Time range: last 6.32 minutes;
(TransferQueueController pid=2198) Per-operation statistics: KV_LIST: req_count=132, req/min=20.87, avg_time=0.000094s, max_time=0.000228s, min_time=0.000054s; KV_RETRIEVE_META: req_count=9, req/min=1.42, avg_time=0.000676s, max_time=0.001354s, min_time=0.000261s; NOTIFY_DATA_UPDATE: req_count=3, req/min=0.47, avg_time=0.000275s, max_time=0.000327s, min_time=0.000229s; SET_CUSTOM_META: req_count=6, req/min=0.95, avg_time=0.000031s, max_time=0.000045s, min_time=0.000016s; CLEAR_META: req_count=1, req/min=0.16, avg_time=0.000180s, max_time=0.000180s, min_time=0.000180s
(SimpleStorageUnit pid=2270) Per-operation statistics: PUT_DATA: req_count=3, req/min=0.44, avg_time=0.007334s, max_time=0.010148s, min_time=0.005772s; CLEAR_DATA: req_count=2, req/min=0.29, avg_time=0.009250s, max_time=0.013483s, min_time=0.005017s; GET_DATA: req_count=1, req/min=0.15, avg_time=0.014851s, max_time=0.014851s, min_time=0.014851s
(DiffusionTaskRunnerV1 pid=2013) Dumped diffusion generations to /work/evidence/ocr-v1-100-12/validation/100.jsonl
(DiffusionTaskRunnerV1 pid=2013)
Diffusion Training: 100%|██████████| 100/100 [33:51:28<00:00, 3704.75s/it]
(DiffusionTaskRunnerV1 pid=2013) step:100 - actor/policy_loss:8.916594919562339 - actor/positive_loss:0.17824357856297865 - actor/negative_loss:0.17840624512173237 - actor/ref_kl_loss:0.022284889221191408 - actor/old_deviate:0.0005649864673614502 - actor/reward_prob_mean:0.4999999962747097 - actor/total_loss:8.916597142070533 - actor/loss:8.916597366333008 - actor/grad_norm:0.0248565673828125 - actor/lr:0.0003 - perf/mfu/actor:0.016149986287626705 - old_policy/update_applied:1.0 - old_policy/copy_update:0.0 - old_policy/ema_update:1.0 - old_policy/decay:0.1875 - val-core/flow_grpo/ocr/reward/mean@1:np.float64(0.924743615090847) - val-aux/num_turns/min:2 - val-aux/num_turns/max:2 - val-aux/num_turns/mean:np.float64(2.0) - training/global_step:100 - training/epoch:0 - critic/rewards/mean:0.9739583730697632 - critic/rewards/max:1.0 - critic/rewards/min:0.6666666865348816 - critic/rewards/zero_std_ratio:0.75 - critic/rewards/std_mean:0.034153323620557785 - critic/rewards/group_size:4.0 - timing_s/feed:0.03990542097017169 - timing_s/gen:369.80465234594885 - timing_s/reward:23.70592880505137 - timing_s/prepare_actor_batch:0.01656035298947245 - timing_s/update_actor:1946.7413654439151 - timing_s/save_checkpoint:995.0149988660123 - timing_s/update_weights:15.41853450902272 - timing_s/step:3350.8938538628863 - timing_s/testing:3085.6400575690204 - timing_per_image_ms/gen:23112.790771621803 - timing_per_image_ms/update_actor:121671.3353402447 - perf/total_num_images:16 - perf/time_per_step:3350.8938538628863 - perf/throughput:0.0023874226844809356 - training/off_policy/trajectory_spans/mean:np.float64(1.0) - training/off_policy/trajectory_spans/max:np.int64(1) - training/off_policy/trajectory_spans/min:np.int64(1) - training/off_policy/trajectory_staleness/mean:np.float64(-1.0) - training/off_policy/trajectory_staleness/max:np.int64(-1) - training/off_policy/trajectory_staleness/min:np.int64(-1) - training/off_policy/trajectory_staleness_worst/mean:np.float64(-1.0) - training/off_policy/trajectory_staleness_worst/max:np.int64(-1) - training/off_policy/trajectory_staleness_worst/min:np.int64(-1)
(DiffusionTaskRunnerV1 pid=2013)
Diffusion Training: 100%|██████████| 100/100 [33:51:28<00:00, 1582.97s/it]
(DiffusionTaskRunnerV1 pid=2013) Dumped diffusion generations to /work/evidence/ocr-v1-100-12/rollouts/100.jsonl
(DiffusionTaskRunnerV1 pid=2013) ("Final validation metrics: {'val-core/flow_grpo/ocr/reward/mean@1': "
(DiffusionTaskRunnerV1 pid=2013)  "np.float64(0.924743615090847), 'val-aux/num_turns/min': 2, "
(DiffusionTaskRunnerV1 pid=2013)  "'val-aux/num_turns/max': 2, 'val-aux/num_turns/mean': np.float64(2.0)}")
(SimpleStorageUnit pid=2270) 2026-09-15 13:08:31,662 - INFO - transfer_queue.utils.perf_utils - TQ_STORAGE_UNIT_14be62ca: [Performance] Total success requests: 6, Total req/min: 0.88, Total avg process time: 0.0092s;
(SimpleStorageUnit pid=2270) Time range: last 6.83 minutes;
